case_name,cell_index,execution_count,fixed_execution_count,previous_execution_count,was_executed,out_of_order,source_length,line_count,has_import,has_fit,has_predict,has_drop,has_remove,has_transform,has_train_test_split,has_dataframe,has_gpu_keyword,has_file_read,has_inplace,source_changed_in_fixed,execution_changed_in_fixed,label
lightgbm_1,1,1,1,-1,1,0,106,2,1,0,0,0,0,0,0,1,0,1,0,0,0,0
lightgbm_1,2,2,2,1,1,0,294,16,0,0,0,0,0,0,0,0,0,0,0,0,0,0
lightgbm_1,3,3,3,2,1,0,96,3,1,0,0,0,0,0,0,0,0,0,0,0,0,0
lightgbm_1,4,4,4,3,1,0,558,13,0,0,0,1,0,0,0,1,0,1,0,0,0,0
lightgbm_1,5,5,5,4,1,0,62,2,0,0,0,1,0,0,0,0,0,0,0,0,0,0
lightgbm_1,6,-1,-1,5,0,0,31,1,0,0,0,0,0,0,0,0,0,0,0,0,0,0
lightgbm_1,7,6,6,-1,1,0,57,1,1,0,0,0,0,0,0,0,0,0,0,0,0,0
lightgbm_1,8,7,7,6,1,0,41,2,0,0,0,0,0,0,0,0,0,0,0,0,0,0
lightgbm_1,9,8,8,7,1,0,193,4,0,0,0,0,0,0,0,1,0,0,0,0,0,0
lightgbm_1,10,9,9,8,1,0,20,2,0,0,0,0,0,0,0,0,0,0,0,0,0,0
lightgbm_1,11,-1,-1,9,0,0,518,13,0,0,0,1,0,0,0,1,0,0,0,0,0,0
lightgbm_1,12,10,10,-1,1,0,158,3,0,0,0,0,0,0,0,0,0,0,0,0,0,0
lightgbm_1,13,11,11,10,1,0,179,2,0,0,0,1,0,0,0,0,0,0,0,0,0,0
lightgbm_1,14,12,12,11,1,0,34,1,0,0,0,0,0,0,0,0,0,0,0,0,0,0
lightgbm_1,15,13,13,12,1,0,271,5,1,0,0,0,0,1,0,1,0,0,0,0,0,0
lightgbm_1,16,14,14,13,1,0,33,1,1,0,0,0,0,0,0,0,0,0,0,0,0,0
lightgbm_1,17,-1,-1,14,0,0,28,1,0,0,0,0,0,0,0,0,0,0,0,0,0,0
lightgbm_1,18,-1,-1,-1,0,0,1239,29,0,0,0,0,0,1,0,1,0,0,0,0,0,0
lightgbm_1,19,15,15,-1,1,0,430,8,0,0,0,0,0,1,0,1,0,0,0,0,0,0
lightgbm_1,20,16,16,15,1,0,605,17,0,0,0,0,0,0,0,1,0,0,0,0,0,0
lightgbm_1,21,17,17,16,1,0,134,3,0,0,0,1,0,0,0,1,0,0,0,0,0,0
lightgbm_1,22,18,18,17,1,0,332,13,1,0,0,0,0,0,0,0,0,0,0,0,0,0
lightgbm_1,23,19,19,18,1,0,62,2,0,0,0,1,0,0,0,0,0,0,0,0,0,0
lightgbm_1,24,-1,-1,19,0,0,2078,64,0,1,1,0,0,0,0,0,0,0,0,0,0,0
lightgbm_1,25,20,20,-1,1,0,907,24,0,1,1,0,0,0,0,0,0,0,0,1,0,1
lightgbm_1,26,21,21,20,1,0,99,2,0,0,0,0,0,0,0,0,0,0,0,1,0,1
lightgbm_1,27,-1,-1,21,0,0,138,2,0,0,0,0,0,0,0,0,0,0,0,0,0,0
lightgbm_1,28,-1,-1,-1,0,0,81,2,0,0,0,0,0,0,0,0,0,0,0,0,0,0
lightgbm_1,29,-1,-1,-1,0,0,69,2,0,0,0,0,0,0,0,0,0,0,0,0,0,0
lightgbm_1,30,-1,-1,-1,0,0,911,24,0,1,1,0,0,0,0,0,0,0,0,0,0,0
lightgbm_1,31,-1,-1,-1,0,0,99,2,0,0,0,0,0,0,0,0,0,0,0,0,0,0
lightgbm_1,32,-1,-1,-1,0,0,135,2,0,0,0,0,0,0,0,0,0,0,0,0,0,0
lightgbm_1,33,-1,-1,-1,0,0,917,24,0,1,1,0,0,0,0,0,0,0,0,0,0,0
lightgbm_1,34,-1,-1,-1,0,0,111,2,0,0,0,0,0,0,0,0,0,0,0,0,0,0
lightgbm_1,35,-1,-1,-1,0,0,154,2,0,0,0,0,0,0,0,0,0,0,0,0,0,0
lightgbm_1,36,-1,-1,-1,0,0,11,1,0,0,0,0,0,0,0,0,0,0,0,0,0,0
lightgbm_1,37,-1,-1,-1,0,0,542,13,0,1,1,0,0,0,0,0,0,0,0,0,0,0
lightgbm_1,38,-1,-1,-1,0,0,484,12,0,1,1,0,0,0,0,0,0,0,0,0,0,0
lightgbm_1,39,-1,-1,-1,0,0,501,12,0,1,1,0,0,0,0,0,0,0,0,0,0,0
lightgbm_1,40,-1,-1,-1,0,0,21,1,0,0,0,0,0,0,0,0,0,0,0,0,0,0
lightgbm_1,41,-1,-1,-1,0,0,358,10,0,0,1,0,0,0,0,0,0,0,0,0,0,0
lightgbm_1,42,-1,-1,-1,0,0,111,2,0,0,0,0,0,0,0,1,0,0,0,0,0,0
lightgbm_1,43,-1,-1,-1,0,0,374,7,1,0,0,0,0,0,0,0,0,0,0,0,0,0
lightgbm_1,44,-1,-1,-1,0,0,100,2,0,0,0,0,0,0,0,1,0,0,0,0,0,0
lightgbm_1,45,-1,-1,-1,0,0,36,1,0,0,0,0,0,0,0,0,0,0,0,0,0,0
lightgbm_1,46,-1,-1,-1,0,0,48,1,0,0,0,0,0,0,0,0,0,0,0,0,0,0
matplotlib_1,1,1,1,-1,1,0,52,2,1,0,0,0,0,0,0,0,0,0,0,0,0,0
matplotlib_1,2,-1,-1,1,0,0,610,12,0,0,0,0,0,0,0,0,0,0,0,0,0,0
matplotlib_1,3,-1,-1,-1,0,0,132,2,0,0,0,0,0,0,0,0,0,0,0,0,0,0
matplotlib_1,4,-1,-1,-1,0,0,148,2,0,0,0,0,0,0,0,0,0,0,0,0,0,0
matplotlib_1,5,-1,-1,-1,0,0,262,7,0,0,0,0,0,0,0,0,0,0,0,0,0,0
matplotlib_1,6,2,2,-1,1,0,200,4,1,0,0,0,0,0,0,0,0,0,0,0,0,0
matplotlib_1,7,3,3,2,1,0,305,10,1,0,0,0,0,0,0,0,0,0,0,1,0,1
matplotlib_1,8,-1,-1,3,0,0,83,2,0,0,0,0,0,0,0,0,0,0,0,0,0,0
matplotlib_1,9,-1,-1,-1,0,0,393,11,0,0,0,0,0,0,0,0,0,0,0,0,0,0
matplotlib_1,10,-1,-1,-1,0,0,263,4,0,1,0,0,0,0,0,0,0,0,0,0,0,0
matplotlib_1,11,-1,-1,-1,0,0,1713,26,1,0,0,0,0,0,0,0,0,0,0,0,0,0
matplotlib_1,12,-1,-1,-1,0,0,46,2,0,0,0,0,0,0,0,0,0,0,0,0,0,0
matplotlib_1,13,-1,-1,-1,0,0,80,3,0,0,0,0,0,0,0,0,0,0,0,0,0,0
matplotlib_1,14,-1,-1,-1,0,0,221,8,1,0,0,0,0,0,0,0,0,0,0,0,0,0
matplotlib_1,15,-1,-1,-1,0,0,504,13,0,0,0,0,0,0,0,0,0,0,0,0,0,0
matplotlib_1,16,-1,-1,-1,0,0,323,3,0,1,0,0,0,0,0,0,0,0,0,0,0,0
matplotlib_1,17,-1,-1,-1,0,0,22,1,0,0,0,0,0,0,0,0,0,0,0,0,0,0
matplotlib_1,18,-1,-1,-1,0,0,23,1,0,0,0,0,0,0,0,0,0,0,0,0,0,0
matplotlib_1,19,-1,-1,-1,0,0,56,2,0,0,0,0,0,0,0,0,0,0,0,0,0,0
matplotlib_1,20,-1,-1,-1,0,0,23,1,0,0,0,0,0,0,0,0,0,0,0,0,0,0
matplotlib_1,21,-1,-1,-1,0,0,763,19,0,0,0,0,0,0,0,0,0,0,0,0,0,0
matplotlib_1,22,-1,-1,-1,0,0,323,3,0,1,0,0,0,0,0,0,0,0,0,0,0,0
matplotlib_1,23,-1,-1,-1,0,0,57,2,0,0,0,0,0,0,0,0,0,0,0,0,0,0
matplotlib_1,24,-1,-1,-1,0,0,570,21,0,0,0,0,0,0,0,0,0,0,0,0,0,0
matplotlib_1,25,-1,-1,-1,0,0,0,0,0,0,0,0,0,0,0,0,0,0,0,0,0,0
matplotlib_2,1,-1,-1,-1,0,0,56,2,0,0,0,0,0,0,0,0,0,0,0,0,0,0
matplotlib_2,2,1,1,-1,1,0,1646,54,1,0,0,0,0,0,1,0,0,0,0,0,0,0
matplotlib_2,3,2,2,1,1,0,1491,52,1,0,0,0,0,0,0,1,0,0,0,0,0,0
matplotlib_2,4,3,3,2,1,0,173,6,0,0,0,0,0,0,1,0,0,0,0,0,0,0
matplotlib_2,5,4,4,3,1,0,460,13,1,0,0,0,0,0,0,0,0,0,0,0,0,0
matplotlib_2,6,5,5,4,1,0,698,18,1,0,0,0,0,0,0,0,0,0,0,0,0,0
matplotlib_2,7,6,6,5,1,0,1502,46,1,0,0,0,0,1,0,0,0,0,0,0,0,0
matplotlib_2,8,-1,-1,6,0,0,69,2,0,0,0,0,0,0,0,0,0,0,0,0,0,0
matplotlib_2,9,7,7,-1,1,0,223,5,0,0,0,0,0,0,0,0,0,0,0,1,0,1
matplotlib_2,10,-1,-1,7,0,0,29,1,0,0,0,0,0,0,0,0,0,0,0,0,0,0
matplotlib_2,11,-1,-1,-1,0,0,505,19,0,0,0,0,0,0,0,0,0,0,1,0,0,0
matplotlib_2,12,-1,-1,-1,0,0,870,28,1,0,0,0,0,0,0,0,0,0,0,0,0,0
matplotlib_2,13,-1,-1,-1,0,0,50,2,1,0,0,0,0,0,0,0,1,0,0,0,0,0
matplotlib_2,14,-1,-1,-1,0,0,1517,45,1,0,0,0,0,0,0,0,1,0,0,0,0,0
matplotlib_2,15,-1,-1,-1,0,0,20,2,0,0,0,0,0,0,0,0,0,0,0,0,0,0
matplotlib_2,16,-1,-1,-1,0,0,171,6,0,0,0,0,0,0,0,0,0,0,0,0,0,0
matplotlib_2,17,-1,-1,-1,0,0,888,22,0,0,0,0,0,0,0,0,1,0,0,0,0,0
matplotlib_2,18,-1,-1,-1,0,0,44,1,0,0,0,0,0,0,0,0,0,0,0,0,0,0
matplotlib_2,19,-1,-1,-1,0,0,86,3,0,0,0,0,0,0,0,0,0,0,0,0,0,0
matplotlib_2,20,-1,-1,-1,0,0,656,20,0,0,0,0,0,0,0,0,0,0,0,0,0,0
matplotlib_2,21,-1,-1,-1,0,0,42,2,0,0,0,0,0,0,0,0,1,0,0,0,0,0
matplotlib_2,22,-1,-1,-1,0,0,50,1,0,0,0,0,0,0,0,0,0,0,0,0,0,0
matplotlib_2,23,-1,-1,-1,0,0,0,0,0,0,0,0,0,0,0,0,0,0,0,0,0,0
matplotlib_3,1,1,1,-1,1,0,819,28,1,0,0,0,0,0,1,0,0,0,0,0,0,0
matplotlib_3,2,-1,-1,1,0,0,380,15,0,0,0,0,0,0,0,0,0,0,0,0,0,0
matplotlib_3,3,-1,-1,-1,0,0,395,15,0,0,0,0,0,0,0,0,0,0,0,0,0,0
matplotlib_3,4,2,2,-1,1,0,106,3,0,0,0,0,0,0,0,0,0,0,0,0,0,0
matplotlib_3,5,-1,-1,2,0,0,737,23,1,0,0,0,0,0,0,0,0,1,0,0,0,0
matplotlib_3,6,3,3,-1,1,0,165,7,0,0,0,0,0,0,0,0,0,0,0,0,0,0
matplotlib_3,7,4,4,3,1,0,426,18,0,0,0,0,0,0,0,0,0,0,0,0,0,0
matplotlib_3,8,5,5,4,1,0,539,16,1,0,0,0,0,0,0,0,0,0,0,0,0,0
matplotlib_3,9,6,6,5,1,0,113,2,0,0,1,0,0,0,0,0,0,0,0,0,0,0
matplotlib_3,10,7,7,6,1,0,206,3,1,0,0,0,0,0,0,0,0,0,0,0,0,0
matplotlib_3,11,-1,-1,7,0,0,1388,31,0,0,0,0,0,0,0,0,0,0,0,0,0,0
matplotlib_3,12,8,8,-1,1,0,249,5,1,0,0,0,0,0,0,0,0,0,0,0,0,0
matplotlib_3,13,9,9,8,1,0,176,4,1,0,0,0,0,0,0,0,0,0,0,0,0,0
matplotlib_3,14,-1,-1,9,0,0,203,8,0,1,0,0,0,0,0,0,0,0,0,0,0,0
matplotlib_3,15,10,10,-1,1,0,419,7,1,0,0,0,0,0,0,0,0,0,0,0,0,0
matplotlib_3,16,11,11,10,1,0,1001,22,0,0,0,0,0,0,0,0,0,0,0,0,0,0
matplotlib_3,17,12,12,11,1,0,1081,22,0,0,0,0,0,0,0,0,0,0,0,0,0,0
matplotlib_3,18,13,13,12,1,0,470,17,0,0,0,0,0,0,0,0,0,0,0,1,0,1
matplotlib_3,19,14,14,13,1,0,538,18,0,0,0,0,0,0,0,0,0,0,0,1,0,1
matplotlib_3,20,-1,-1,14,0,0,234,6,0,0,0,0,0,0,0,0,0,0,0,0,0,0
matplotlib_3,21,-1,-1,-1,0,0,410,7,1,0,0,0,0,0,0,0,0,0,0,0,0,0
matplotlib_3,22,-1,-1,-1,0,0,2335,46,1,0,0,0,0,0,0,0,0,0,0,0,0,0
matplotlib_3,23,-1,-1,-1,0,0,346,10,0,0,0,0,0,0,0,0,0,0,0,0,0,0
matplotlib_3,24,-1,-1,-1,0,0,2335,46,1,0,0,0,0,0,0,0,0,0,0,0,0,0
matplotlib_3,25,-1,-1,-1,0,0,214,8,0,0,0,0,0,0,0,0,0,0,0,0,0,0
matplotlib_3,26,-1,-1,-1,0,0,130,1,0,0,0,0,0,0,0,0,0,0,0,0,0,0
matplotlib_3,27,-1,-1,-1,0,0,0,0,0,0,0,0,0,0,0,0,0,0,0,0,0,0
matplotlib_3,28,-1,-1,-1,0,0,0,0,0,0,0,0,0,0,0,0,0,0,0,0,0,0
matplotlib_3,29,-1,-1,-1,0,0,30,1,0,0,0,0,0,0,0,0,0,0,0,0,0,0
matplotlib_3,30,-1,-1,-1,0,0,144,4,1,0,0,0,0,0,0,0,0,0,0,0,0,0
matplotlib_3,31,-1,-1,-1,0,0,1100,27,0,0,0,0,0,0,0,0,0,0,0,0,0,0
matplotlib_3,32,-1,-1,-1,0,0,727,21,0,0,0,0,0,0,0,0,0,0,0,0,0,0
matplotlib_3,33,-1,-1,-1,0,0,245,4,0,0,0,0,0,0,0,0,0,0,0,0,0,0
matplotlib_3,34,-1,-1,-1,0,0,103,1,0,0,0,0,0,0,0,0,0,0,0,0,0,0
matplotlib_3,35,-1,-1,-1,0,0,121,1,0,0,0,0,0,0,0,0,0,0,0,0,0,0
matplotlib_3,36,-1,-1,-1,0,0,176,4,1,0,0,0,0,0,0,0,0,0,0,0,0,0
matplotlib_3,37,-1,-1,-1,0,0,61,2,1,0,0,0,0,0,0,0,0,0,0,0,0,0
matplotlib_3,38,-1,-1,-1,0,0,249,5,1,0,0,0,0,0,0,0,0,0,0,0,0,0
matplotlib_3,39,-1,-1,-1,0,0,233,4,0,0,0,0,0,0,0,0,0,0,0,0,0,0
matplotlib_3,40,-1,-1,-1,0,0,303,9,0,1,0,0,0,0,0,0,0,0,0,0,0,0
matplotlib_3,41,-1,-1,-1,0,0,0,0,0,0,0,0,0,0,0,0,0,0,0,0,0,0
matplotlib_4,1,1,1,-1,1,0,310,10,1,0,0,0,0,0,0,0,0,0,0,0,0,0
matplotlib_4,2,2,2,1,1,0,143,4,1,0,0,0,0,0,0,0,0,0,0,0,0,0
matplotlib_4,3,-1,-1,2,0,0,75,3,0,0,0,0,0,0,0,0,0,1,0,0,0,0
matplotlib_4,4,3,3,-1,1,0,268,10,0,0,0,0,0,0,0,0,0,0,0,0,0,0
matplotlib_4,5,-1,-1,3,0,0,8,1,0,0,0,0,0,0,0,0,0,0,0,0,0,0
matplotlib_4,6,4,4,-1,1,0,225,8,0,0,0,0,0,0,0,0,0,0,0,0,0,0
matplotlib_4,7,-1,-1,4,0,0,6,1,0,0,0,0,0,0,0,0,0,0,0,0,0,0
matplotlib_4,8,5,5,-1,1,0,53,2,0,0,0,0,0,0,0,0,0,0,0,0,0,0
matplotlib_4,9,6,6,5,1,0,268,9,1,0,0,0,0,0,0,0,0,0,0,1,0,1
matplotlib_4,10,-1,-1,6,0,0,0,0,0,0,0,0,0,0,0,0,0,0,0,0,0,0
matplotlib_4,11,-1,-1,-1,0,0,454,13,0,0,0,0,0,0,0,0,0,0,0,0,0,0
matplotlib_4,12,-1,-1,-1,0,0,22,1,0,0,0,0,0,0,0,0,0,0,0,0,0,0
matplotlib_4,13,-1,-1,-1,0,0,110,1,0,0,0,0,0,0,0,0,0,0,0,0,0,0
matplotlib_4,14,-1,-1,-1,0,0,93,6,0,1,0,0,0,0,0,0,0,0,0,0,0,0
matplotlib_4,15,-1,-1,-1,0,0,252,10,0,0,0,0,0,0,0,0,0,0,0,0,0,0
matplotlib_4,16,-1,-1,-1,0,0,193,8,0,0,0,0,0,0,0,0,0,0,0,0,0,0
matplotlib_4,17,-1,-1,-1,0,0,159,5,1,0,0,0,0,0,0,0,0,0,0,0,0,0
matplotlib_4,18,-1,-1,-1,0,0,44,2,0,0,1,0,0,0,0,0,0,0,0,0,0,0
matplotlib_4,19,-1,-1,-1,0,0,87,2,0,0,0,0,0,0,0,0,0,0,0,0,0,0
matplotlib_4,20,-1,-1,-1,0,0,140,2,0,0,0,0,0,0,0,0,0,0,0,0,0,0
matplotlib_4,21,-1,-1,-1,0,0,219,8,0,0,0,0,0,0,0,0,0,0,0,0,0,0
matplotlib_4,22,-1,-1,-1,0,0,30,1,0,0,0,0,0,0,0,0,0,0,0,0,0,0
matplotlib_4,23,-1,-1,-1,0,0,79,1,0,0,0,0,0,0,0,0,0,0,0,0,0,0
matplotlib_4,24,-1,-1,-1,0,0,220,8,0,0,0,0,0,0,0,0,0,0,0,0,0,0
matplotlib_4,25,-1,-1,-1,0,0,30,1,0,0,0,0,0,0,0,0,0,0,0,0,0,0
matplotlib_5,1,1,1,-1,1,0,105,4,1,0,0,0,0,0,0,0,0,0,0,0,0,0
matplotlib_5,2,2,2,1,1,0,116,3,0,0,0,0,0,0,0,1,0,1,0,0,0,0
matplotlib_5,3,3,3,2,1,0,5,1,0,0,0,0,0,0,0,0,0,0,0,0,0,0
matplotlib_5,4,4,4,3,1,0,45,2,0,1,0,0,0,0,0,0,0,0,0,0,0,0
matplotlib_5,5,5,5,4,1,0,23,1,0,0,0,0,0,0,0,0,0,0,0,0,0,0
matplotlib_5,6,6,6,5,1,0,35,1,0,0,0,0,0,0,0,0,0,0,0,0,0,0
matplotlib_5,7,7,7,6,1,0,275,7,0,0,0,0,0,0,0,0,0,0,0,1,0,1
matplotlib_5,8,-1,-1,7,0,0,44,2,0,0,0,0,0,0,0,0,0,0,0,0,0,0
matplotlib_5,9,-1,-1,-1,0,0,43,2,0,0,0,0,0,0,0,0,0,0,0,0,0,0
matplotlib_6,1,-1,-1,-1,0,0,930,17,1,0,0,0,0,0,0,1,0,1,0,0,0,0
matplotlib_6,2,-1,-1,-1,0,0,23,1,0,0,0,0,0,0,0,0,0,0,0,0,0,0
matplotlib_6,3,-1,-1,-1,0,0,24,1,0,0,0,0,0,0,0,0,0,0,0,0,0,0
matplotlib_6,4,-1,-1,-1,0,0,18,1,0,0,0,0,0,0,0,0,0,0,0,0,0,0
matplotlib_6,5,1,1,-1,1,0,459,19,1,0,0,0,0,0,0,0,0,0,0,0,0,0
matplotlib_6,6,2,2,1,1,0,34,1,0,0,0,0,0,0,0,1,0,1,0,0,0,0
matplotlib_6,7,-1,-1,2,0,0,42,1,0,0,0,1,0,0,0,0,0,0,1,0,0,0
matplotlib_6,8,-1,-1,-1,0,0,17,1,0,0,0,0,0,0,0,0,0,0,0,0,0,0
matplotlib_6,9,-1,-1,-1,0,0,571,15,0,0,0,0,0,0,0,1,0,0,0,0,0,0
matplotlib_6,10,-1,-1,-1,0,0,80,1,0,0,0,0,0,0,0,0,0,0,0,0,0,0
matplotlib_6,11,-1,-1,-1,0,0,1130,33,0,0,0,1,0,0,0,1,0,0,0,0,0,0
matplotlib_6,12,3,3,-1,1,0,275,7,0,0,0,0,0,0,0,0,0,0,0,1,0,1
matplotlib_6,13,-1,-1,3,0,0,70,1,0,0,0,0,0,0,0,0,0,0,0,0,0,0
matplotlib_6,14,-1,4,-1,0,0,392,7,0,0,0,0,0,0,0,0,0,0,0,1,1,1
matplotlib_6,15,-1,-1,-1,0,0,691,12,0,0,0,0,0,0,0,0,0,0,0,0,0,0
matplotlib_6,16,-1,-1,-1,0,0,86,2,0,0,0,0,0,0,0,0,0,0,0,0,0,0
matplotlib_6,17,-1,-1,-1,0,0,17,1,0,0,0,0,0,0,0,0,0,0,0,0,0,0
matplotlib_6,18,-1,-1,-1,0,0,403,10,1,0,0,0,0,0,1,0,0,0,0,0,0,0
matplotlib_6,19,-1,-1,-1,0,0,110,3,0,0,0,0,0,1,0,1,0,0,0,0,0,0
matplotlib_6,20,-1,-1,-1,0,0,82,3,0,0,0,0,0,1,0,1,0,0,0,0,0,0
matplotlib_6,21,-1,-1,-1,0,0,72,2,0,0,0,0,0,0,0,0,0,0,0,0,0,0
matplotlib_6,22,-1,-1,-1,0,0,271,8,0,0,0,0,0,0,0,0,0,0,0,0,0,0
matplotlib_6,23,-1,-1,-1,0,0,167,3,0,0,0,0,0,1,0,1,0,0,0,0,0,0
matplotlib_6,24,-1,-1,-1,0,0,29,1,0,0,0,0,0,0,0,0,0,0,0,0,0,0
matplotlib_6,25,-1,-1,-1,0,0,167,4,0,0,0,0,0,0,0,0,0,0,0,0,0,0
matplotlib_6,26,-1,-1,-1,0,0,217,4,0,1,0,0,0,0,0,0,0,0,0,0,0,0
matplotlib_6,27,-1,-1,-1,0,0,220,4,0,1,0,0,0,0,0,0,0,0,0,0,0,0
matplotlib_6,28,-1,-1,-1,0,0,468,17,0,0,0,0,0,0,0,0,0,0,0,0,0,0
matplotlib_6,29,-1,-1,-1,0,0,202,3,0,0,0,0,0,0,0,1,0,0,0,0,0,0
matplotlib_6,30,-1,-1,-1,0,0,313,6,0,0,0,0,0,1,0,1,0,0,0,0,0,0
matplotlib_6,31,-1,-1,-1,0,0,174,3,0,0,0,0,0,1,0,1,0,0,0,0,0,0
matplotlib_6,32,-1,-1,-1,0,0,44,1,0,0,0,0,0,0,0,0,0,0,0,0,0,0
NBspecific_1,1,1,1,-1,1,0,921,17,1,0,0,0,0,0,0,1,0,1,0,0,0,0
NBspecific_1,2,2,2,1,1,0,30,1,1,0,0,0,0,0,0,0,0,0,0,0,0,0
NBspecific_1,3,3,3,2,1,0,51,2,0,0,0,0,0,0,0,1,0,1,0,0,0,0
NBspecific_1,4,-1,-1,3,0,0,12,1,0,0,0,0,0,0,0,1,0,0,0,0,0,0
NBspecific_1,5,4,4,-1,1,0,117,4,0,0,0,0,0,0,0,1,0,0,0,0,0,0
NBspecific_1,6,5,5,4,1,0,168,6,0,0,0,0,0,0,0,1,0,0,0,0,0,0
NBspecific_1,7,6,6,5,1,0,175,6,0,0,0,0,0,0,0,1,0,0,0,0,0,0
NBspecific_1,8,7,7,6,1,0,192,8,1,0,0,0,0,0,0,1,0,0,0,0,0,0
NBspecific_1,9,-1,-1,7,0,0,1660,68,0,0,0,0,0,0,0,0,0,0,0,0,0,0
NBspecific_1,10,-1,-1,-1,0,0,239,8,0,0,0,0,0,0,0,0,0,0,0,0,0,0
NBspecific_1,11,-1,-1,-1,0,0,62,2,0,0,0,0,0,0,0,0,0,0,0,0,0,0
NBspecific_1,12,-1,-1,-1,0,0,29,1,1,0,0,0,0,0,0,0,0,0,0,0,0,0
NBspecific_1,13,-1,-1,-1,0,0,197,5,0,0,0,0,0,0,0,0,0,0,0,0,0,0
NBspecific_1,14,-1,-1,-1,0,0,196,6,1,0,0,0,0,0,0,0,0,0,0,0,0,0
NBspecific_1,15,-1,-1,-1,0,0,344,13,0,0,0,0,0,0,0,0,0,0,0,0,0,0
NBspecific_1,16,-1,-1,-1,0,0,51,1,0,0,0,0,0,0,0,1,0,0,0,0,0,0
NBspecific_1,17,-1,-1,-1,0,0,399,9,0,0,0,0,0,0,0,0,0,0,0,0,0,0
NBspecific_1,18,-1,-1,-1,0,0,63,2,0,0,0,0,0,0,0,0,0,0,0,0,0,0
NBspecific_1,19,-1,-1,-1,0,0,18,1,0,0,0,0,0,0,0,0,0,0,0,0,0,0
NBspecific_1,20,-1,-1,-1,0,0,88,4,1,0,0,0,0,0,0,0,0,0,0,0,0,0
NBspecific_1,21,-1,-1,-1,0,0,213,5,1,0,0,0,0,0,0,0,0,0,0,0,0,0
NBspecific_1,22,-1,-1,-1,0,0,97,2,0,0,0,0,0,0,0,0,0,0,0,0,0,0
NBspecific_1,23,-1,-1,-1,0,0,274,15,1,0,0,0,0,0,0,0,0,0,0,0,0,0
NBspecific_1,24,-1,-1,-1,0,0,176,5,1,0,0,0,0,0,0,1,0,0,0,0,0,0
NBspecific_1,25,8,8,-1,1,0,63,2,1,0,0,0,0,0,0,0,0,0,0,0,0,0
NBspecific_1,26,9,9,8,1,0,151,5,0,0,0,0,0,0,0,1,0,0,0,1,0,1
NBspecific_1,27,-1,-1,9,0,0,193,7,1,0,0,0,0,0,0,0,0,0,0,0,0,0
NBspecific_1,28,10,11,-1,1,0,180,4,0,0,0,0,0,0,0,1,0,0,0,0,1,1
NBspecific_1,29,-1,-1,10,0,0,248,6,0,0,0,0,0,0,0,1,0,0,0,0,0,0
NBspecific_1,30,-1,-1,-1,0,0,125,3,1,0,0,0,0,1,0,1,0,0,0,0,0,0
NBspecific_1,31,-1,-1,-1,0,0,13,1,0,0,0,0,0,0,0,0,0,0,0,0,0,0
NBspecific_1,32,-1,-1,-1,0,0,149,3,1,0,0,0,0,1,0,1,0,0,0,0,0,0
NBspecific_1,33,-1,-1,-1,0,0,14,1,0,0,0,0,0,0,0,0,0,0,0,0,0,0
NBspecific_1,34,-1,12,-1,0,0,134,3,1,0,0,0,0,1,0,1,0,0,0,1,1,1
NBspecific_1,35,11,13,-1,1,0,16,1,0,0,0,0,0,0,0,0,0,0,0,0,1,1
NBspecific_1,36,-1,-1,11,0,0,0,0,0,0,0,0,0,0,0,0,0,0,0,0,0,0
NBspecific_1,37,-1,-1,-1,0,0,0,0,0,0,0,0,0,0,0,0,0,0,0,0,0,0
NBspecific_1,38,-1,-1,-1,0,0,0,0,0,0,0,0,0,0,0,0,0,0,0,0,0,0
NBspecific_1,39,-1,-1,-1,0,0,0,0,0,0,0,0,0,0,0,0,0,0,0,0,0,0
NBspecific_1,40,-1,-1,-1,0,0,15,1,0,0,0,0,0,0,0,1,0,0,0,0,0,0
NBspecific_1,41,-1,-1,-1,0,0,0,0,0,0,0,0,0,0,0,0,0,0,0,0,0,0
NBspecific_10,1,-1,-1,-1,0,0,64,2,1,0,0,0,0,0,0,0,0,0,0,0,0,0
NBspecific_10,2,-1,-1,-1,0,0,142,4,1,0,0,0,0,0,0,0,0,0,0,0,0,0
NBspecific_10,3,1,1,-1,1,0,293,13,1,0,0,0,0,0,0,0,0,0,0,0,0,0
NBspecific_10,4,-1,-1,1,0,0,171,3,0,0,0,0,0,0,0,1,0,1,0,0,0,0
NBspecific_10,5,2,2,-1,1,0,119,3,0,0,0,0,0,0,0,1,0,1,0,0,0,0
NBspecific_10,6,3,3,2,1,0,44,2,0,0,0,0,0,0,0,1,0,0,0,0,0,0
NBspecific_10,7,-1,-1,3,0,0,9,1,0,0,0,0,0,0,0,0,0,0,0,0,0,0
NBspecific_10,8,-1,-1,-1,0,0,8,1,0,0,0,0,0,0,0,0,0,0,0,0,0,0
NBspecific_10,9,-1,-1,-1,0,0,21,1,0,0,0,0,0,0,0,0,0,0,0,0,0,0
NBspecific_10,10,4,4,-1,1,0,32,1,0,0,0,0,0,0,0,0,0,0,1,0,0,0
NBspecific_10,11,-1,-1,4,0,0,8,1,0,0,0,0,0,0,0,0,0,0,0,0,0,0
NBspecific_10,12,-1,-1,-1,0,0,13,1,0,0,0,0,0,0,0,0,0,0,0,0,0,0
NBspecific_10,13,-1,-1,-1,0,0,36,1,0,0,0,0,0,0,0,0,0,0,0,0,0,0
NBspecific_10,14,-1,-1,-1,0,0,39,1,0,0,0,0,0,0,0,0,0,0,0,0,0,0
NBspecific_10,15,-1,-1,-1,0,0,30,1,0,0,0,0,0,0,0,0,0,0,0,0,0,0
NBspecific_10,16,-1,-1,-1,0,0,23,1,1,0,0,0,0,0,0,0,0,0,0,0,0,0
NBspecific_10,17,-1,-1,-1,0,0,88,2,0,0,0,0,0,0,0,0,0,0,0,0,0,0
NBspecific_10,18,5,5,-1,1,0,137,3,0,0,0,1,0,0,0,0,0,0,1,0,0,0
NBspecific_10,19,-1,-1,5,0,0,62,3,0,0,0,0,0,0,0,0,0,0,0,0,0,0
NBspecific_10,20,-1,-1,-1,0,0,126,4,0,0,0,0,0,0,0,0,0,0,0,0,0,0
NBspecific_10,21,-1,-1,-1,0,0,81,2,0,0,0,0,0,0,0,0,0,0,0,0,0,0
NBspecific_10,22,-1,-1,-1,0,0,178,3,0,0,0,0,0,0,0,1,0,0,0,0,0,0
NBspecific_10,23,-1,-1,-1,0,0,119,3,0,0,0,0,0,0,0,1,0,0,0,0,0,0
NBspecific_10,24,6,6,-1,1,0,29,1,0,0,0,0,0,0,0,0,0,0,0,0,0,0
NBspecific_10,25,7,7,6,1,0,29,1,0,0,0,0,0,0,0,1,0,0,0,0,0,0
NBspecific_10,26,8,8,7,1,0,30,1,0,0,0,0,0,0,0,1,0,0,0,0,0,0
NBspecific_10,27,-1,-1,8,0,0,30,1,0,0,0,0,0,0,0,1,0,0,0,0,0,0
NBspecific_10,28,-1,-1,-1,0,0,15,1,0,0,0,0,0,0,0,0,0,0,0,0,0,0
NBspecific_10,29,-1,-1,-1,0,0,83,3,0,0,0,0,0,0,0,1,0,0,0,0,0,0
NBspecific_10,30,-1,-1,-1,0,0,144,4,0,0,0,0,0,0,0,1,0,0,0,0,0,0
NBspecific_10,31,-1,-1,-1,0,0,145,4,0,0,0,0,0,0,0,1,0,0,0,0,0,0
NBspecific_10,32,-1,-1,-1,0,0,230,5,0,0,0,0,0,0,0,1,0,0,0,0,0,0
NBspecific_10,33,-1,-1,-1,0,0,232,5,0,0,0,0,0,0,0,1,0,0,0,0,0,0
NBspecific_10,34,-1,-1,-1,0,0,473,10,0,0,0,0,0,0,0,0,0,0,0,0,0,0
NBspecific_10,35,-1,-1,-1,0,0,48,1,0,0,0,0,0,0,0,0,0,0,0,0,0,0
NBspecific_10,36,-1,-1,-1,0,0,54,1,0,0,0,0,0,0,0,0,0,0,0,0,0,0
NBspecific_10,37,9,9,-1,1,0,311,5,0,0,0,0,0,0,0,1,0,0,0,0,0,0
NBspecific_10,38,-1,-1,9,0,0,21,1,0,0,0,0,0,0,0,0,0,0,0,0,0,0
NBspecific_10,39,10,10,-1,1,0,468,11,1,0,0,0,0,1,0,1,0,0,0,0,0,0
NBspecific_10,40,-1,-1,10,0,0,30,1,0,0,0,0,0,0,0,0,0,0,0,0,0,0
NBspecific_10,41,11,11,-1,1,0,617,17,1,0,0,0,0,0,0,1,0,0,0,0,0,0
NBspecific_10,42,-1,-1,11,0,0,212,4,0,0,0,0,0,0,0,0,0,0,0,0,0,0
NBspecific_10,43,12,12,-1,1,0,201,4,0,0,0,0,0,0,0,0,0,0,0,0,0,0
NBspecific_10,44,-1,-1,12,0,0,144,3,0,0,0,0,0,0,0,0,0,0,0,0,0,0
NBspecific_10,45,-1,-1,-1,0,0,287,5,0,0,0,0,0,0,0,0,0,0,0,0,0,0
NBspecific_10,46,-1,-1,-1,0,0,263,5,0,0,0,0,0,0,0,0,0,0,0,0,0,0
NBspecific_10,47,-1,-1,-1,0,0,27,1,0,0,0,0,0,0,0,0,0,0,0,0,0,0
NBspecific_10,48,-1,-1,-1,0,0,19,1,0,0,0,0,0,0,0,0,0,0,0,0,0,0
NBspecific_10,49,13,13,-1,1,0,178,2,0,0,0,0,0,0,0,1,0,0,1,0,0,0
NBspecific_10,50,-1,-1,13,0,0,21,1,0,0,0,0,0,0,0,0,0,0,0,0,0,0
NBspecific_10,51,-1,-1,-1,0,0,134,4,0,0,0,0,0,0,0,0,0,0,0,0,0,0
NBspecific_10,52,14,14,-1,1,0,17,1,0,0,0,0,0,0,0,0,0,0,0,0,0,0
NBspecific_10,53,15,15,14,1,0,60,1,0,0,0,0,0,0,0,0,0,0,0,0,0,0
NBspecific_10,54,-1,-1,15,0,0,18,1,0,0,0,0,0,0,0,0,0,0,0,0,0,0
NBspecific_10,55,16,16,-1,1,0,88,1,0,0,0,0,0,1,0,1,0,0,0,0,0,0
NBspecific_10,56,-1,-1,16,0,0,26,1,0,0,0,0,0,0,0,0,0,0,0,0,0,0
NBspecific_10,57,-1,-1,-1,0,0,18,1,0,0,0,0,0,0,0,0,0,0,0,0,0,0
NBspecific_10,58,-1,-1,-1,0,0,132,4,0,0,0,0,0,0,0,0,0,0,0,0,0,0
NBspecific_10,59,-1,-1,-1,0,0,11,1,0,0,0,0,0,0,0,0,0,0,0,0,0,0
NBspecific_10,60,-1,-1,-1,0,0,13,1,0,0,0,0,0,0,0,0,0,0,0,0,0,0
NBspecific_10,61,-1,-1,-1,0,0,68,2,0,0,0,0,0,0,0,0,0,0,0,0,0,0
NBspecific_10,62,-1,-1,-1,0,0,37,1,0,0,0,0,0,0,0,0,0,0,0,0,0,0
NBspecific_10,63,-1,-1,-1,0,0,26,1,0,0,0,0,0,0,0,0,0,0,0,0,0,0
NBspecific_10,64,-1,-1,-1,0,0,18,1,0,0,0,0,0,0,0,0,0,0,0,0,0,0
NBspecific_10,65,17,17,-1,1,0,33,1,0,0,0,0,0,0,0,0,0,0,0,0,0,0
NBspecific_10,66,-1,-1,17,0,0,20,1,0,0,0,0,0,0,0,0,0,0,0,0,0,0
NBspecific_10,67,18,18,-1,1,0,91,2,0,0,0,0,0,0,0,0,0,0,0,0,0,0
NBspecific_10,68,19,19,18,1,0,100,2,0,0,0,0,0,0,0,0,0,0,0,0,0,0
NBspecific_10,69,-1,-1,19,0,0,136,4,0,0,0,0,0,0,0,0,0,0,0,0,0,0
NBspecific_10,70,-1,-1,-1,0,0,424,11,0,0,0,0,0,0,0,1,0,0,0,0,0,0
NBspecific_10,71,-1,-1,-1,0,0,204,7,0,0,0,0,0,0,0,0,0,0,0,0,0,0
NBspecific_10,72,20,20,-1,1,0,52,2,0,0,0,0,0,0,0,0,0,0,0,0,0,0
NBspecific_10,73,21,21,20,1,0,1334,36,1,0,0,0,0,0,0,1,0,0,0,0,0,0
NBspecific_10,74,26,22,21,1,0,150,4,1,0,0,0,0,0,0,0,0,0,0,0,1,1
NBspecific_10,75,-1,-1,26,0,0,58,1,0,0,0,0,0,0,0,0,0,0,0,0,0,0
NBspecific_10,76,-1,-1,-1,0,0,201,6,1,0,0,0,0,0,0,0,0,0,0,0,0,0
NBspecific_10,77,-1,-1,-1,0,0,289,6,0,0,0,0,0,0,0,0,0,0,0,0,0,0
NBspecific_10,78,-1,-1,-1,0,0,113,3,1,1,0,0,0,0,0,0,0,0,0,0,0,0
NBspecific_10,79,-1,-1,-1,0,0,17,1,0,0,0,0,0,0,0,0,0,0,0,0,0,0
NBspecific_10,80,-1,-1,-1,0,0,112,2,0,0,1,0,0,0,0,0,0,0,0,0,0,0
NBspecific_10,81,-1,-1,-1,0,0,84,2,0,1,0,0,0,0,0,0,0,0,0,0,0,0
NBspecific_10,82,-1,-1,-1,0,0,120,2,0,0,1,0,0,0,0,0,0,0,0,0,0,0
NBspecific_10,83,-1,-1,-1,0,0,196,5,1,1,0,0,0,0,0,0,0,0,0,0,0,0
NBspecific_10,84,-1,-1,-1,0,0,107,2,1,0,0,0,0,0,0,0,0,0,0,0,0,0
NBspecific_10,85,-1,-1,-1,0,0,67,2,0,0,0,0,0,0,0,1,0,0,0,0,0,0
NBspecific_10,86,-1,-1,-1,0,0,10,1,0,0,0,0,0,0,0,0,0,0,0,0,0,0
NBspecific_10,87,-1,-1,-1,0,0,177,4,0,0,1,0,0,0,0,0,0,0,0,0,0,0
NBspecific_10,88,-1,-1,-1,0,0,79,2,0,0,0,0,0,0,0,0,0,0,0,0,0,0
NBspecific_10,89,-1,-1,-1,0,0,962,28,0,0,0,0,0,0,0,0,0,0,0,0,0,0
NBspecific_10,90,-1,-1,-1,0,0,11,1,0,0,0,0,0,0,0,0,0,0,0,0,0,0
NBspecific_10,91,-1,-1,-1,0,0,15,1,0,0,0,0,0,0,0,0,0,0,0,0,0,0
NBspecific_10,92,-1,-1,-1,0,0,110,2,0,0,0,0,0,0,0,1,0,0,0,0,0,0
NBspecific_10,93,-1,-1,-1,0,0,1104,27,1,0,0,0,0,0,0,0,0,0,0,0,0,0
NBspecific_10,94,-1,-1,-1,0,0,199,9,0,0,0,0,0,0,0,0,0,0,0,0,0,0
NBspecific_10,95,-1,-1,-1,0,0,268,5,1,0,0,0,0,0,1,0,0,0,0,0,0,0
NBspecific_10,96,-1,-1,-1,0,0,12,1,0,0,0,0,0,0,0,0,0,0,0,0,0,0
NBspecific_10,97,-1,-1,-1,0,0,59,2,0,0,0,1,0,0,0,0,0,0,0,0,0,0
NBspecific_10,98,-1,-1,-1,0,0,86,2,1,0,0,0,0,0,0,0,0,0,0,0,0,0
NBspecific_10,99,-1,-1,-1,0,0,101,3,0,0,0,0,0,1,0,1,0,0,0,0,0,0
NBspecific_10,100,-1,-1,-1,0,0,38,2,0,1,0,0,0,0,0,0,0,0,0,0,0,0
NBspecific_10,101,-1,-1,-1,0,0,157,4,0,0,0,0,0,0,0,0,0,0,0,0,0,0
NBspecific_10,102,-1,-1,-1,0,0,15,1,0,0,0,0,0,0,0,0,0,0,0,0,0,0
NBspecific_10,103,-1,-1,-1,0,0,82,3,0,0,0,0,0,1,0,0,0,0,0,0,0,0
NBspecific_10,104,-1,-1,-1,0,0,29,1,0,0,0,0,0,0,0,0,0,0,0,0,0,0
NBspecific_10,105,-1,-1,-1,0,0,43,1,0,0,0,0,0,0,0,1,0,0,0,0,0,0
NBspecific_10,106,-1,-1,-1,0,0,106,1,0,0,0,0,0,0,1,0,0,0,0,0,0,0
NBspecific_10,107,-1,-1,-1,0,0,150,8,0,0,0,0,0,0,0,0,0,0,0,0,0,0
NBspecific_10,108,-1,-1,-1,0,0,911,22,0,1,1,0,0,0,0,0,0,0,0,0,0,0
NBspecific_10,109,-1,-1,-1,0,0,20,1,0,0,0,0,0,0,0,0,0,0,0,0,0,0
NBspecific_10,110,-1,-1,-1,0,0,95,3,1,0,0,0,0,0,0,0,0,0,0,0,0,0
NBspecific_10,111,-1,-1,-1,0,0,1022,25,0,1,1,0,0,0,0,0,0,0,0,0,0,0
NBspecific_10,112,-1,-1,-1,0,0,82,2,0,0,0,0,0,0,0,1,0,0,0,0,0,0
NBspecific_10,113,-1,-1,-1,0,0,199,9,0,0,0,0,0,0,0,0,0,0,0,0,0,0
NBspecific_10,114,-1,-1,-1,0,0,82,2,1,0,0,0,0,0,0,0,0,0,0,0,0,0
NBspecific_10,115,-1,-1,-1,0,0,786,21,0,1,1,0,0,0,0,0,0,0,0,0,0,0
NBspecific_10,116,-1,-1,-1,0,0,30,1,0,0,0,0,0,0,0,0,0,0,0,0,0,0
NBspecific_10,117,-1,-1,-1,0,0,108,2,0,0,0,0,0,0,0,1,0,0,0,0,0,0
NBspecific_10,118,-1,-1,-1,0,0,199,9,0,0,0,0,0,0,0,0,0,0,0,0,0,0
NBspecific_10,119,23,23,-1,1,0,21,1,0,0,0,0,0,0,0,0,0,0,0,1,0,1
NBspecific_10,120,-1,-1,23,0,0,9,1,0,0,0,0,0,0,0,0,0,0,0,0,0,0
NBspecific_10,121,-1,-1,-1,0,0,14,1,0,0,0,0,0,0,0,0,0,0,0,0,0,0
NBspecific_10,122,24,24,-1,1,0,120,4,0,0,0,0,0,0,0,0,0,0,0,1,0,1
NBspecific_10,123,25,25,24,1,0,217,6,1,1,0,0,0,1,0,0,0,0,0,1,0,1
NBspecific_10,124,-1,-1,25,0,0,46,2,0,0,0,0,0,0,0,0,0,0,0,0,0,0
NBspecific_10,125,-1,-1,-1,0,0,242,5,1,0,0,0,0,0,0,0,0,0,0,0,0,0
NBspecific_10,126,-1,-1,-1,0,0,489,12,1,0,0,0,0,0,0,0,0,0,0,0,0,0
NBspecific_10,127,-1,-1,-1,0,0,15,1,0,0,0,0,0,0,0,0,0,0,0,0,0,0
NBspecific_10,128,-1,-1,-1,0,0,54,1,1,0,0,0,0,0,0,0,0,0,0,0,0,0
NBspecific_10,129,-1,-1,-1,0,0,38,1,0,0,0,0,0,0,0,0,1,0,0,0,0,0
NBspecific_10,130,-1,-1,-1,0,0,99,2,0,0,0,0,0,0,0,0,1,0,0,0,0,0
NBspecific_10,131,-1,-1,-1,0,0,676,17,0,0,0,0,0,0,0,0,0,0,0,0,0,0
NBspecific_10,132,-1,-1,-1,0,0,155,5,0,0,1,0,0,1,0,0,0,0,0,0,0,0
NBspecific_10,133,-1,-1,-1,0,0,13,1,0,0,0,0,0,0,0,0,0,0,0,0,0,0
NBspecific_10,134,-1,-1,-1,0,0,115,2,0,0,0,0,0,0,0,1,0,0,0,0,0,0
NBspecific_10,135,-1,-1,-1,0,0,866,15,0,0,0,0,0,0,0,0,0,0,0,0,0,0
NBspecific_10,136,-1,-1,-1,0,0,30,1,0,0,0,0,0,0,0,0,0,0,0,0,0,0
NBspecific_10,137,-1,-1,-1,0,0,199,9,0,0,0,0,0,0,0,0,0,0,0,0,0,0
NBspecific_10,138,-1,-1,-1,0,0,467,10,0,0,0,0,0,0,0,1,0,0,0,0,0,0
NBspecific_10,139,-1,-1,-1,0,0,6,1,0,0,0,0,0,0,0,0,0,0,0,0,0,0
NBspecific_10,140,-1,-1,-1,0,0,51,1,1,0,0,0,0,0,0,0,0,0,0,0,0,0
NBspecific_10,141,-1,-1,-1,0,0,100,3,0,0,0,0,0,0,0,0,0,0,0,0,0,0
NBspecific_10,142,-1,-1,-1,0,0,48,1,1,0,0,0,0,0,0,0,0,0,0,0,0,0
NBspecific_10,143,-1,-1,-1,0,0,371,10,0,1,0,0,0,0,0,0,0,0,0,0,0,0
NBspecific_10,144,-1,-1,-1,0,0,36,1,0,0,0,0,0,0,0,0,0,0,0,0,0,0
NBspecific_10,145,-1,-1,-1,0,0,70,2,0,0,0,0,0,0,0,0,0,0,0,0,0,0
NBspecific_10,146,-1,-1,-1,0,0,103,3,1,0,0,0,0,0,0,0,0,1,0,0,0,0
NBspecific_10,147,-1,-1,-1,0,0,11,1,0,0,0,0,0,0,0,0,0,0,0,0,0,0
NBspecific_10,148,-1,-1,-1,0,0,13,1,0,0,0,0,0,0,0,0,0,0,0,0,0,0
NBspecific_10,149,-1,-1,-1,0,0,20,1,0,0,0,0,0,0,0,0,0,0,0,0,0,0
NBspecific_10,150,-1,-1,-1,0,0,131,3,1,0,0,0,0,0,0,0,0,0,0,0,0,0
NBspecific_10,151,-1,-1,-1,0,0,59,2,0,0,0,0,0,1,0,0,0,0,0,0,0,0
NBspecific_10,152,-1,-1,-1,0,0,45,2,0,0,0,0,0,0,0,0,0,0,0,0,0,0
NBspecific_10,153,-1,-1,-1,0,0,161,2,1,0,0,0,0,0,1,0,0,0,0,0,0,0
NBspecific_10,154,-1,-1,-1,0,0,26,1,0,0,0,0,0,0,0,0,0,0,0,0,0,0
NBspecific_10,155,-1,-1,-1,0,0,83,1,0,0,0,0,0,0,0,0,0,0,0,0,0,0
NBspecific_10,156,-1,-1,-1,0,0,80,1,0,0,0,0,0,0,0,0,0,0,0,0,0,0
NBspecific_10,157,-1,-1,-1,0,0,8,1,0,0,0,0,0,0,0,0,0,0,0,0,0,0
NBspecific_10,158,-1,-1,-1,0,0,32,2,0,0,0,0,0,0,0,0,0,0,0,0,0,0
NBspecific_10,159,-1,-1,-1,0,0,457,9,0,0,0,0,0,0,0,0,0,0,0,0,0,0
NBspecific_10,160,-1,-1,-1,0,0,15,1,0,0,0,0,0,0,0,0,0,0,0,0,0,0
NBspecific_10,161,-1,-1,-1,0,0,535,9,0,0,0,0,0,0,0,0,0,0,0,0,0,0
NBspecific_10,162,-1,-1,-1,0,0,74,2,1,0,0,0,0,0,0,0,0,0,0,0,0,0
NBspecific_10,163,-1,-1,-1,0,0,40,1,0,0,0,0,0,0,0,0,0,0,0,0,0,0
NBspecific_10,164,-1,-1,-1,0,0,41,1,0,0,0,0,0,0,0,0,0,0,0,0,0,0
NBspecific_10,165,-1,-1,-1,0,0,17,1,0,0,0,0,0,0,0,0,0,0,0,0,0,0
NBspecific_10,166,-1,-1,-1,0,0,11,1,0,0,0,0,0,0,0,0,0,0,0,0,0,0
NBspecific_10,167,-1,-1,-1,0,0,6,1,0,0,0,0,0,0,0,0,0,0,0,0,0,0
NBspecific_10,168,-1,-1,-1,0,0,29,1,0,0,0,0,0,0,0,0,0,0,0,0,0,0
NBspecific_10,169,-1,-1,-1,0,0,97,1,0,0,0,0,0,0,0,1,0,0,0,0,0,0
NBspecific_10,170,-1,-1,-1,0,0,42,1,0,0,0,0,0,1,0,0,0,0,0,0,0,0
NBspecific_10,171,-1,-1,-1,0,0,9,1,0,0,0,0,0,0,0,0,0,0,0,0,0,0
NBspecific_10,172,-1,-1,-1,0,0,40,1,0,0,0,0,0,0,0,0,0,0,0,0,0,0
NBspecific_10,173,-1,-1,-1,0,0,16,1,0,0,0,0,0,0,0,0,0,0,0,0,0,0
NBspecific_10,174,-1,-1,-1,0,0,47,1,0,0,0,0,0,0,0,0,0,0,0,0,0,0
NBspecific_10,175,-1,-1,-1,0,0,8,1,0,0,0,0,0,0,0,0,0,0,0,0,0,0
NBspecific_10,176,-1,-1,-1,0,0,68,2,0,0,0,0,0,0,0,0,0,0,0,0,0,0
NBspecific_10,177,-1,-1,-1,0,0,68,2,0,0,0,0,0,0,0,0,0,0,0,0,0,0
NBspecific_10,178,-1,-1,-1,0,0,462,5,0,0,0,0,0,0,0,0,0,0,0,0,0,0
NBspecific_10,179,-1,-1,-1,0,0,0,0,0,0,0,0,0,0,0,0,0,0,0,0,0,0
NBspecific_10,180,-1,-1,-1,0,0,0,0,0,0,0,0,0,0,0,0,0,0,0,0,0,0
NBspecific_10,181,-1,-1,-1,0,0,0,0,0,0,0,0,0,0,0,0,0,0,0,0,0,0
NBspecific_10,182,-1,-1,-1,0,0,0,0,0,0,0,0,0,0,0,0,0,0,0,0,0,0
NBspecific_10,183,-1,-1,-1,0,0,90,2,1,0,0,0,0,0,0,0,0,0,0,0,0,0
NBspecific_10,184,-1,-1,-1,0,0,109,3,0,0,0,0,0,1,0,1,0,0,0,0,0,0
NBspecific_10,185,-1,-1,-1,0,0,40,2,0,1,0,0,0,0,0,0,0,0,0,0,0,0
NBspecific_10,186,-1,-1,-1,0,0,165,4,0,0,0,0,0,0,0,0,0,0,0,0,0,0
NBspecific_10,187,-1,-1,-1,0,0,85,3,0,0,0,0,0,1,0,0,0,0,0,0,0,0
NBspecific_10,188,-1,-1,-1,0,0,31,1,0,0,0,0,0,0,0,0,0,0,0,0,0,0
NBspecific_10,189,-1,-1,-1,0,0,368,6,0,0,0,0,0,0,0,0,0,0,0,0,0,0
NBspecific_10,190,-1,-1,-1,0,0,22,1,0,0,0,0,0,0,0,0,0,0,0,0,0,0
NBspecific_10,191,-1,-1,-1,0,0,27,1,0,0,0,0,0,0,0,1,0,0,0,0,0,0
NBspecific_10,192,-1,-1,-1,0,0,74,1,0,0,0,0,0,1,0,0,0,0,0,0,0,0
NBspecific_11,1,-1,-1,-1,0,0,930,17,1,0,0,0,0,0,0,1,0,1,0,0,0,0
NBspecific_11,2,1,1,-1,1,0,309,11,1,0,0,0,0,0,0,0,0,0,0,0,0,0
NBspecific_11,3,-1,-1,1,0,0,16,1,0,0,0,0,0,0,0,0,0,0,0,0,0,0
NBspecific_11,4,-1,-1,-1,0,0,28,1,1,0,0,0,0,0,0,0,0,0,0,0,0,0
NBspecific_11,5,2,2,-1,1,0,94,2,0,0,0,0,0,0,0,0,1,0,0,0,0,0
NBspecific_11,6,3,3,2,1,0,315,13,0,0,0,0,0,0,0,0,0,0,0,0,0,0
NBspecific_11,7,4,4,3,1,0,71,2,0,0,0,0,0,0,0,0,0,0,0,0,0,0
NBspecific_11,8,5,5,4,1,0,279,19,0,0,0,0,0,0,0,0,0,0,0,0,0,0
NBspecific_11,9,6,6,5,1,0,123,3,0,0,0,0,0,0,0,0,0,0,0,0,0,0
NBspecific_11,10,-1,-1,6,0,0,48,2,0,0,0,0,0,0,0,0,0,0,0,0,0,0
NBspecific_11,11,-1,-1,-1,0,0,24,2,0,0,0,0,0,0,0,0,0,0,0,0,0,0
NBspecific_11,12,7,7,-1,1,0,21,1,0,0,0,0,0,0,0,0,0,0,0,0,0,0
NBspecific_11,13,8,8,7,1,0,177,9,0,0,0,0,0,0,0,0,0,0,0,0,0,0
NBspecific_11,14,9,9,8,1,0,2647,81,0,0,0,0,0,0,0,0,0,0,0,0,0,0
NBspecific_11,15,-1,-1,9,0,0,42,2,0,0,0,0,0,0,0,0,0,0,0,0,0,0
NBspecific_11,16,10,10,-1,1,0,765,30,0,0,0,0,0,0,0,0,0,0,0,0,0,0
NBspecific_11,17,11,11,10,1,0,36,2,0,0,0,0,0,0,0,0,0,0,0,0,0,0
NBspecific_11,18,-1,12,11,0,0,45,2,0,0,0,0,0,0,0,0,0,0,0,1,1,1
NBspecific_11,19,-1,-1,-1,0,0,132,5,0,0,0,0,0,0,0,0,0,0,0,0,0,0
NBspecific_11,20,12,13,-1,1,0,15,1,0,0,0,0,0,0,0,0,0,0,0,0,1,1
NBspecific_11,21,-1,-1,12,0,0,13,1,1,0,0,0,0,0,0,0,0,0,0,0,0,0
NBspecific_11,22,-1,-1,-1,0,0,0,0,0,0,0,0,0,0,0,0,0,0,0,0,0,0
NBspecific_12,1,-1,-1,-1,0,0,0,0,0,0,0,0,0,0,0,0,0,0,0,0,0,0
NBspecific_12,2,-1,1,-1,0,0,72,3,1,0,0,0,0,0,0,0,0,0,0,1,1,1
NBspecific_12,3,1,2,-1,1,0,1009,17,1,0,0,0,0,0,0,1,0,1,0,0,1,1
NBspecific_12,4,2,3,1,1,0,2547,69,0,0,0,0,0,0,0,1,0,1,0,0,1,1
NBspecific_12,5,3,4,2,1,0,46,3,0,0,0,0,0,0,0,0,0,0,0,0,1,1
NBspecific_12,6,-1,6,3,0,0,24,1,0,0,0,0,0,0,0,0,0,0,0,0,1,1
NBspecific_12,7,-1,-1,-1,0,0,42,2,0,0,0,0,1,0,0,0,0,0,0,0,0,0
NBspecific_12,8,4,7,-1,1,0,537,13,0,0,0,0,0,0,0,0,0,0,0,1,1,1
NBspecific_12,9,-1,-1,4,0,0,0,0,0,0,0,0,0,0,0,0,0,0,0,0,0,0
NBspecific_13,1,1,1,-1,1,0,56,2,1,0,0,0,0,0,0,0,0,0,0,0,0,0
NBspecific_13,2,-1,-1,1,0,0,47,1,0,0,0,0,0,0,0,1,0,1,0,0,0,0
NBspecific_13,3,-1,-1,-1,0,0,9,1,0,0,0,0,0,0,0,0,0,0,0,0,0,0
NBspecific_13,4,-1,-1,-1,0,0,7,1,0,0,0,0,0,0,0,1,0,0,0,0,0,0
NBspecific_13,5,-1,-1,-1,0,0,29,1,0,0,0,0,0,0,0,1,0,0,0,0,0,0
NBspecific_13,6,-1,-1,-1,0,0,118,4,1,0,0,0,0,0,0,1,0,1,0,0,0,0
NBspecific_13,7,-1,-1,-1,0,0,369,11,0,0,0,0,0,0,0,0,0,0,0,0,0,0
NBspecific_13,8,-1,-1,-1,0,0,180,8,0,1,1,0,0,0,0,1,0,0,0,0,0,0
NBspecific_13,9,-1,-1,-1,0,0,78,3,1,0,0,0,0,0,0,0,0,0,0,0,0,0
NBspecific_13,10,-1,-1,-1,0,0,35,1,0,0,0,0,0,0,0,1,0,1,0,0,0,0
NBspecific_13,11,-1,-1,-1,0,0,9,1,0,0,0,0,0,0,0,0,0,0,0,0,0,0
NBspecific_13,12,-1,-1,-1,0,0,8,1,0,0,0,0,0,0,0,0,0,0,0,0,0,0
NBspecific_13,13,-1,-1,-1,0,0,10,1,0,0,0,0,0,0,0,0,0,0,0,0,0,0
NBspecific_13,14,-1,-1,-1,0,0,7,1,0,0,0,0,0,0,0,0,0,0,0,0,0,0
NBspecific_13,15,-1,-1,-1,0,0,13,1,0,0,0,0,0,0,0,0,0,0,0,0,0,0
NBspecific_13,16,-1,-1,-1,0,0,10,1,0,0,0,0,0,0,0,0,0,0,0,0,0,0
NBspecific_13,17,-1,-1,-1,0,0,13,1,0,0,0,0,0,0,0,1,0,0,0,0,0,0
NBspecific_13,18,-1,-1,-1,0,0,23,1,0,0,0,0,0,0,0,1,0,0,0,0,0,0
NBspecific_13,19,-1,-1,-1,0,0,26,1,0,0,0,0,0,0,0,1,0,0,0,0,0,0
NBspecific_13,20,-1,-1,-1,0,0,9,1,0,0,0,0,0,0,0,0,0,0,0,0,0,0
NBspecific_13,21,-1,-1,-1,0,0,14,1,0,0,0,1,0,0,0,0,0,0,0,0,0,0
NBspecific_13,22,-1,-1,-1,0,0,44,2,0,0,0,1,0,0,0,1,0,0,0,0,0,0
NBspecific_13,23,-1,-1,-1,0,0,138,5,1,1,1,0,0,0,0,0,0,0,0,0,0,0
NBspecific_13,24,-1,-1,-1,0,0,42,1,1,0,0,0,0,0,0,0,0,0,0,0,0,0
NBspecific_13,25,-1,-1,-1,0,0,0,0,0,0,0,0,0,0,0,0,0,0,0,0,0,0
NBspecific_13,26,-1,-1,-1,0,0,0,0,0,0,0,0,0,0,0,0,0,0,0,0,0,0
NBspecific_13,27,2,2,-1,1,0,34,1,0,0,0,0,0,0,0,1,0,1,0,0,0,0
NBspecific_13,28,-1,-1,2,0,0,9,1,0,0,0,0,0,0,0,0,0,0,0,0,0,0
NBspecific_13,29,3,4,-1,1,0,154,5,1,1,1,0,0,0,0,0,0,0,0,0,1,1
NBspecific_13,30,-1,-1,3,0,0,32,1,0,0,0,0,0,0,0,1,0,1,0,0,0,0
NBspecific_13,31,-1,-1,-1,0,0,9,1,0,0,0,0,0,0,0,0,0,0,0,0,0,0
NBspecific_13,32,-1,-1,-1,0,0,10,1,0,0,0,0,0,0,0,0,0,0,0,0,0,0
NBspecific_13,33,-1,-1,-1,0,0,320,9,0,0,0,0,0,0,0,1,0,0,0,0,0,0
NBspecific_13,34,-1,-1,-1,0,0,78,3,1,0,0,0,0,0,0,0,0,0,0,0,0,0
NBspecific_13,35,-1,-1,-1,0,0,0,0,0,0,0,0,0,0,0,0,0,0,0,0,0,0
NBspecific_13,36,-1,-1,-1,0,0,285,9,1,1,0,1,0,0,1,1,0,0,0,0,0,0
NBspecific_13,37,-1,-1,-1,0,0,405,11,1,1,1,0,0,0,1,0,0,0,0,0,0,0
NBspecific_13,38,-1,3,-1,0,0,673,23,1,1,1,1,0,0,1,1,0,1,0,1,1,1
NBspecific_13,39,-1,-1,-1,0,0,113,2,1,0,0,0,0,0,0,0,0,0,0,0,0,0
NBspecific_13,40,-1,-1,-1,0,0,0,0,0,0,0,0,0,0,0,0,0,0,0,0,0,0
NBspecific_14,1,1,1,-1,1,0,921,17,1,0,0,0,0,0,0,1,0,1,0,0,0,0
NBspecific_14,2,-1,2,1,0,0,60,2,0,0,0,0,0,0,0,1,0,1,0,1,1,1
NBspecific_14,3,-1,3,-1,0,0,57,2,0,0,0,0,0,0,0,1,0,1,0,1,1,1
NBspecific_14,4,-1,-1,-1,0,0,144,4,0,0,0,0,0,0,0,0,0,0,0,0,0,0
NBspecific_14,5,-1,-1,-1,0,0,130,4,0,0,0,0,0,0,0,0,0,0,0,0,0,0
NBspecific_14,6,2,4,-1,1,0,534,15,1,1,1,0,0,0,0,1,0,0,0,1,1,1
NBspecific_14,7,-1,-1,2,0,0,0,0,0,0,0,0,0,0,0,0,0,0,0,0,0,0
NBspecific_15,1,1,1,-1,1,0,574,16,1,0,0,0,0,0,0,0,0,0,0,0,0,0
NBspecific_15,2,-1,-1,1,0,0,1912,46,0,0,0,0,0,0,0,0,0,0,0,0,0,0
NBspecific_15,3,-1,-1,-1,0,0,66,2,0,0,0,0,0,0,0,0,0,0,0,0,0,0
NBspecific_15,4,-1,-1,-1,0,0,978,28,0,0,0,0,0,0,0,0,0,0,0,0,0,0
NBspecific_15,5,-1,-1,-1,0,0,402,9,0,0,0,0,0,0,0,0,0,0,0,0,0,0
NBspecific_15,6,-1,-1,-1,0,0,1281,30,0,0,0,0,0,0,0,0,0,0,0,0,0,0
NBspecific_15,7,-1,-1,-1,0,0,63,2,0,0,0,0,0,0,0,0,0,0,0,0,0,0
NBspecific_15,8,-1,-1,-1,0,0,1133,24,0,0,0,0,0,0,0,0,0,0,0,0,0,0
NBspecific_15,9,-1,-1,-1,0,0,1683,52,0,0,1,0,0,0,0,0,0,0,0,0,0,0
NBspecific_15,10,-1,-1,-1,0,0,741,14,0,0,0,0,0,0,0,0,0,0,0,0,0,0
NBspecific_15,11,-1,-1,-1,0,0,60,2,1,0,0,0,0,0,0,0,0,0,0,0,0,0
NBspecific_15,12,2,2,-1,1,0,468,19,1,0,0,0,0,0,0,0,0,0,0,1,0,1
NBspecific_15,13,-1,-1,2,0,0,186,5,1,0,0,0,0,0,0,0,0,0,0,0,0,0
NBspecific_15,14,-1,-1,-1,0,0,15,1,0,0,0,0,0,0,0,0,0,0,0,0,0,0
NBspecific_15,15,-1,3,-1,0,0,311,8,0,0,0,0,0,0,0,0,0,0,0,1,1,1
NBspecific_15,16,-1,-1,-1,0,0,186,5,1,0,0,0,0,0,0,0,0,0,0,0,0,0
NBspecific_15,17,-1,-1,-1,0,0,15,1,0,0,0,0,0,0,0,0,0,0,0,0,0,0
NBspecific_15,18,3,5,-1,1,0,396,12,1,0,0,0,0,0,0,0,0,0,0,1,1,1
NBspecific_15,19,-1,-1,3,0,0,369,11,0,0,0,0,0,0,0,0,0,0,0,0,0,0
NBspecific_15,20,-1,-1,-1,0,0,415,16,0,0,0,0,0,0,0,0,0,0,0,0,0,0
NBspecific_15,21,-1,-1,-1,0,0,248,7,1,0,0,0,0,0,0,0,0,0,0,1,0,1
NBspecific_15,22,-1,-1,-1,0,0,73,2,1,0,0,0,0,0,0,0,0,0,0,0,0,0
NBspecific_15,23,-1,-1,-1,0,0,398,10,0,0,0,0,0,0,0,0,0,0,0,0,0,0
NBspecific_15,24,-1,-1,-1,0,0,279,9,0,0,1,0,0,0,0,0,0,0,0,0,0,0
NBspecific_15,25,-1,-1,-1,0,0,740,22,1,0,1,0,0,0,0,0,0,0,0,1,0,1
NBspecific_15,26,-1,-1,-1,0,0,0,0,0,0,0,0,0,0,0,0,0,0,0,0,0,0
NBspecific_16,1,1,1,-1,1,0,171,12,1,0,0,0,0,0,0,0,0,0,0,0,0,0
NBspecific_16,2,2,2,1,1,0,145,11,0,0,0,0,0,0,0,0,0,0,0,0,0,0
NBspecific_16,3,-1,3,2,0,0,841,22,1,0,0,0,0,0,0,1,0,1,1,1,1,1
NBspecific_16,4,-1,-1,-1,0,0,121,2,0,0,0,0,0,0,0,1,0,0,0,0,0,0
NBspecific_16,5,-1,-1,-1,0,0,176,3,1,0,0,0,0,0,0,1,0,1,0,0,0,0
NBspecific_16,6,3,4,-1,1,0,14,1,0,0,0,0,0,0,0,0,0,0,0,0,1,1
NBspecific_16,7,-1,-1,3,0,0,448,10,1,0,0,0,0,0,1,0,0,0,0,0,0,0
NBspecific_16,8,-1,-1,-1,0,0,324,8,0,0,0,0,0,0,0,1,0,0,0,0,0,0
NBspecific_16,9,-1,-1,-1,0,0,618,12,0,0,0,0,0,1,1,0,0,0,0,0,0,0
NBspecific_16,10,-1,-1,-1,0,0,429,14,0,0,0,0,0,0,0,0,0,0,0,0,0,0
NBspecific_16,11,-1,-1,-1,0,0,247,5,0,1,0,0,0,0,0,0,0,0,0,0,0,0
NBspecific_16,12,-1,-1,-1,0,0,308,6,0,1,0,0,0,0,0,0,0,0,0,0,0,0
NBspecific_16,13,-1,-1,-1,0,0,15,1,0,0,0,0,0,0,0,0,0,0,0,0,0,0
NBspecific_16,14,-1,-1,-1,0,0,150,5,0,0,0,0,0,0,0,0,0,0,0,0,0,0
NBspecific_16,15,-1,-1,-1,0,0,145,3,0,0,1,0,0,0,0,0,0,0,0,0,0,0
NBspecific_16,16,-1,-1,-1,0,0,181,7,0,0,0,0,0,0,0,0,0,0,0,0,0,0
NBspecific_16,17,-1,-1,-1,0,0,536,23,1,0,0,0,0,0,0,0,0,0,0,0,0,0
NBspecific_16,18,-1,-1,-1,0,0,269,18,1,0,0,0,0,0,0,0,0,0,0,0,0,0
NBspecific_16,19,-1,-1,-1,0,0,368,12,0,0,0,0,0,0,0,0,0,0,0,0,0,0
NBspecific_16,20,-1,-1,-1,0,0,355,16,0,0,0,0,0,0,0,0,0,0,0,0,0,0
NBspecific_16,21,-1,-1,-1,0,0,157,8,1,0,0,0,0,0,0,0,0,0,0,0,0,0
NBspecific_16,22,-1,-1,-1,0,0,213,4,0,0,0,0,0,0,0,0,0,0,0,0,0,0
NBspecific_16,23,-1,-1,-1,0,0,132,6,0,0,0,0,0,0,0,0,0,0,0,0,0,0
NBspecific_16,24,-1,-1,-1,0,0,2641,65,0,0,0,0,0,0,0,0,0,0,0,0,0,0
NBspecific_16,25,-1,-1,-1,0,0,974,22,0,0,0,0,0,0,0,0,0,0,0,0,0,0
NBspecific_16,26,-1,-1,-1,0,0,52,3,0,0,0,0,0,0,0,0,0,0,0,0,0,0
NBspecific_16,27,-1,-1,-1,0,0,717,20,0,1,0,0,0,0,0,0,0,0,0,0,0,0
NBspecific_16,28,-1,-1,-1,0,0,64,4,0,0,0,0,0,0,0,0,0,0,0,0,0,0
NBspecific_16,29,-1,-1,-1,0,0,374,11,0,0,0,0,0,0,0,0,0,0,0,0,0,0
NBspecific_16,30,-1,-1,-1,0,0,59,2,0,0,0,0,0,0,0,0,0,0,0,0,0,0
NBspecific_16,31,-1,-1,-1,0,0,49,3,0,0,0,0,0,0,0,0,0,0,0,0,0,0
NBspecific_16,32,-1,-1,-1,0,0,419,13,0,0,0,0,0,0,0,0,0,0,0,0,0,0
NBspecific_16,33,-1,-1,-1,0,0,65,2,0,0,0,0,0,0,0,0,0,0,0,0,0,0
NBspecific_17,1,-1,-1,-1,0,0,20,1,0,0,0,0,0,0,0,0,0,0,0,0,0,0
NBspecific_17,2,1,1,-1,1,0,92,4,1,0,0,0,0,0,0,0,0,0,0,0,0,0
NBspecific_17,3,2,2,1,1,0,115,2,0,0,0,0,0,0,0,1,0,1,0,0,0,0
NBspecific_17,4,-1,-1,2,0,0,8,1,0,0,0,0,0,0,0,0,0,0,0,0,0,0
NBspecific_17,5,-1,-1,-1,0,0,15,1,0,0,0,0,0,0,0,0,0,0,0,0,0,0
NBspecific_17,6,-1,-1,-1,0,0,7,1,0,0,0,0,0,0,0,0,0,0,0,0,0,0
NBspecific_17,7,-1,-1,-1,0,0,14,1,0,0,0,0,0,0,0,0,0,0,0,0,0,0
NBspecific_17,8,-1,-1,-1,0,0,19,1,0,0,0,0,0,0,0,0,0,0,0,0,0,0
NBspecific_17,9,-1,-1,-1,0,0,18,1,0,0,0,0,0,0,0,0,0,0,0,0,0,0
NBspecific_17,10,-1,-1,-1,0,0,47,1,0,0,0,0,0,0,0,0,0,0,0,0,0,0
NBspecific_17,11,-1,-1,-1,0,0,156,3,0,0,0,0,0,0,0,0,0,0,0,0,0,0
NBspecific_17,12,-1,-1,-1,0,0,51,1,0,0,0,0,0,0,0,0,0,0,0,0,0,0
NBspecific_17,13,-1,-1,-1,0,0,241,6,0,0,0,0,0,0,0,0,0,0,0,0,0,0
NBspecific_17,14,-1,4,-1,0,0,50,1,0,0,0,0,0,0,0,1,0,0,0,1,1,1
NBspecific_17,15,-1,-1,-1,0,0,7,1,0,0,0,0,0,0,0,0,0,0,0,0,0,0
NBspecific_17,16,-1,-1,-1,0,0,42,2,1,0,0,0,0,0,0,0,0,0,0,0,0,0
NBspecific_17,17,-1,-1,-1,0,0,61,2,0,0,0,0,0,0,0,0,0,0,0,0,0,0
NBspecific_17,18,-1,5,-1,0,0,61,2,0,0,0,0,0,0,0,0,0,0,0,1,1,1
NBspecific_17,19,-1,6,-1,0,0,47,1,0,0,0,0,0,0,0,0,0,0,0,1,1,1
NBspecific_17,20,-1,-1,-1,0,0,17,1,0,0,0,0,0,0,0,0,0,0,0,0,0,0
NBspecific_17,21,-1,7,-1,0,0,59,2,0,0,0,0,0,0,0,0,0,0,0,1,1,1
NBspecific_17,22,-1,8,-1,0,0,53,1,0,0,0,0,0,0,0,0,0,0,0,1,1,1
NBspecific_17,23,-1,-1,-1,0,0,17,1,0,0,0,0,0,0,0,0,0,0,0,0,0,0
NBspecific_17,24,-1,9,-1,0,0,36,1,0,0,0,0,0,0,0,1,0,0,0,1,1,1
NBspecific_17,25,-1,-1,-1,0,0,7,1,0,0,0,0,0,0,0,0,0,0,0,0,0,0
NBspecific_17,26,-1,-1,-1,0,0,10,1,0,0,0,0,0,0,0,0,0,0,0,0,0,0
NBspecific_17,27,-1,10,-1,0,0,379,11,1,0,0,1,0,1,0,1,0,0,0,1,1,1
NBspecific_17,28,-1,-1,-1,0,0,8,1,0,0,0,0,0,0,0,0,0,0,0,0,0,0
NBspecific_17,29,-1,11,-1,0,0,93,1,0,0,0,0,0,0,0,1,0,0,0,1,1,1
NBspecific_17,30,-1,-1,-1,0,0,11,1,0,0,0,0,0,0,0,0,0,0,0,0,0,0
NBspecific_17,31,-1,12,-1,0,0,68,2,0,0,0,1,0,0,0,0,0,0,0,1,1,1
NBspecific_17,32,-1,13,-1,0,0,132,5,0,0,0,0,0,0,0,0,0,0,0,1,1,1
NBspecific_17,33,-1,-1,-1,0,0,44,1,0,0,0,0,0,0,0,0,0,0,0,0,0,0
NBspecific_17,34,3,14,-1,1,0,198,4,1,0,0,0,0,0,0,0,0,0,0,0,1,1
NBspecific_17,35,-1,-1,3,0,0,56,1,0,0,0,0,0,0,0,0,0,0,0,0,0,0
NBspecific_17,36,4,15,-1,1,0,221,5,0,0,0,0,0,1,0,0,0,0,0,0,1,1
NBspecific_17,37,-1,-1,4,0,0,630,21,0,1,1,0,0,0,0,0,0,0,0,0,0,0
NBspecific_17,38,-1,-1,-1,0,0,0,0,0,0,0,0,0,0,0,0,0,0,0,0,0,0
NBspecific_17,39,-1,-1,-1,0,0,0,0,0,0,0,0,0,0,0,0,0,0,0,0,0,0
NBspecific_18,1,1,1,-1,1,0,921,17,1,0,0,0,0,0,0,1,0,1,0,0,0,0
NBspecific_18,2,2,2,1,1,0,59,2,0,0,0,0,0,0,0,1,0,1,0,0,0,0
NBspecific_18,3,-1,-1,2,0,0,15,1,0,0,0,0,0,0,0,0,0,0,0,0,0,0
NBspecific_18,4,3,3,-1,1,0,35,1,0,0,0,1,0,0,0,0,0,0,0,0,0,0
NBspecific_18,5,4,4,3,1,0,26,2,0,0,0,0,0,0,0,0,0,0,0,0,0,0
NBspecific_18,6,5,5,4,1,0,108,2,0,0,0,0,0,0,0,1,0,0,0,0,0,0
NBspecific_18,7,-1,-1,5,0,0,9,1,0,0,0,0,0,0,0,0,0,0,0,0,0,0
NBspecific_18,8,6,6,-1,1,0,352,11,0,0,0,0,0,0,0,1,0,0,0,0,0,0
NBspecific_18,9,-1,-1,6,0,0,28,1,0,0,0,0,0,0,0,0,0,0,0,0,0,0
NBspecific_18,10,7,7,-1,1,0,137,6,0,0,0,0,0,0,0,1,0,0,0,0,0,0
NBspecific_18,11,8,8,7,1,0,57,2,0,0,0,1,0,0,0,0,0,0,0,0,0,0
NBspecific_18,12,9,9,8,1,0,105,2,0,0,0,0,0,0,0,1,0,0,0,0,0,0
NBspecific_18,13,-1,-1,9,0,0,9,1,0,0,0,0,0,0,0,0,0,0,0,0,0,0
NBspecific_18,14,-1,-1,-1,0,0,30,1,0,0,0,0,0,0,0,0,0,0,0,0,0,0
NBspecific_18,15,10,10,-1,1,0,74,2,0,0,0,0,0,0,0,1,0,0,0,0,0,0
NBspecific_18,16,11,11,10,1,0,107,3,0,0,0,1,0,0,0,1,0,0,0,0,0,0
NBspecific_18,17,-1,-1,11,0,0,22,1,0,0,0,0,0,0,0,0,0,0,0,0,0,0
NBspecific_18,18,12,12,-1,1,0,60,2,0,0,0,1,0,0,0,1,0,0,0,0,0,0
NBspecific_18,19,-1,-1,12,0,0,9,1,0,0,0,0,0,0,0,0,0,0,0,0,0,0
NBspecific_18,20,-1,-1,-1,0,0,26,1,0,0,0,0,0,0,0,0,0,0,0,0,0,0
NBspecific_18,21,13,13,-1,1,0,104,3,0,0,0,1,0,0,0,1,0,0,0,0,0,0
NBspecific_18,22,14,14,13,1,0,78,2,1,0,0,0,0,0,0,0,0,0,0,0,0,0
NBspecific_18,23,-1,-1,14,0,0,8,1,0,0,0,0,0,0,0,0,0,0,0,0,0,0
NBspecific_18,24,15,15,-1,1,0,46,2,0,0,0,1,0,0,0,1,0,0,0,0,0,0
NBspecific_18,25,16,16,15,1,0,128,2,1,0,0,0,0,0,1,0,0,0,0,0,0,0
NBspecific_18,26,17,17,16,1,0,27,1,0,1,0,0,0,0,0,0,0,0,0,0,0,0
NBspecific_18,27,-1,18,17,0,0,0,0,0,0,0,0,0,0,0,0,0,0,0,1,1,1
NBspecific_18,28,18,19,-1,1,0,93,3,1,0,0,0,0,0,0,0,0,0,0,0,1,1
NBspecific_18,29,-1,-1,18,0,0,159,7,1,1,0,0,0,0,0,0,0,0,0,0,0,0
NBspecific_18,30,-1,-1,-1,0,0,90,3,0,0,1,0,0,0,0,0,0,0,0,0,0,0
NBspecific_18,31,-1,-1,-1,0,0,0,0,0,0,0,0,0,0,0,0,0,0,0,0,0,0
NBspecific_19,1,-1,1,-1,0,0,930,17,1,0,0,0,0,0,0,1,0,1,0,1,1,1
NBspecific_19,2,-1,-1,-1,0,0,18,1,0,0,0,0,0,0,0,0,0,0,0,0,0,0
NBspecific_19,3,-1,-1,-1,0,0,358,8,1,0,0,0,0,0,0,0,0,0,0,0,0,0
NBspecific_19,4,-1,2,-1,0,0,95,3,0,0,0,0,0,0,0,1,0,1,0,1,1,1
NBspecific_19,5,-1,3,-1,0,0,1155,31,1,0,0,0,0,1,0,1,0,1,0,1,1,1
NBspecific_19,6,-1,4,-1,0,0,603,23,1,0,0,0,0,0,0,0,0,0,0,1,1,1
NBspecific_19,7,-1,5,-1,0,0,1125,40,1,0,0,0,0,0,0,0,0,0,0,1,1,1
NBspecific_19,8,1,6,-1,1,0,140,3,0,0,0,0,0,0,0,0,0,0,0,0,1,1
NBspecific_19,9,-1,-1,1,0,0,247,8,0,0,0,0,0,1,0,1,0,0,0,0,0,0
NBspecific_2,1,1,1,-1,1,0,660,18,1,0,0,0,0,0,1,0,0,0,0,0,0,0
NBspecific_2,2,-1,-1,1,0,0,1177,20,1,0,0,0,0,0,0,0,0,0,0,0,0,0
NBspecific_2,3,-1,-1,-1,0,0,696,15,0,0,0,0,0,0,0,0,0,0,0,0,0,0
NBspecific_2,4,2,2,-1,1,0,52,1,0,0,0,0,0,0,0,1,0,1,0,0,0,0
NBspecific_2,5,-1,-1,2,0,0,9,1,0,0,0,0,0,0,0,0,0,0,0,0,0,0
NBspecific_2,6,3,3,-1,1,0,117,2,0,0,0,0,0,0,0,0,0,0,0,0,0,0
NBspecific_2,7,-1,-1,3,0,0,26,1,0,0,0,0,0,0,0,0,0,0,0,0,0,0
NBspecific_2,8,-1,-1,-1,0,0,111,3,0,0,0,1,0,0,0,0,0,0,0,0,0,0
NBspecific_2,9,-1,-1,-1,0,0,172,6,0,0,0,0,0,0,0,0,0,0,0,0,0,0
NBspecific_2,10,4,4,-1,1,0,61,2,0,0,0,1,0,0,0,1,0,0,0,0,0,0
NBspecific_2,11,5,5,4,1,0,9,1,0,0,0,0,0,0,0,0,0,0,0,0,0,0
NBspecific_2,12,-1,-1,5,0,0,25,1,0,0,0,0,0,0,0,0,0,0,0,0,0,0
NBspecific_2,13,-1,6,-1,0,0,142,3,1,0,0,0,0,0,1,0,0,0,0,1,1,1
NBspecific_2,14,-1,-1,-1,0,0,88,2,1,0,0,0,0,0,0,0,0,0,0,0,0,0
NBspecific_2,15,-1,-1,-1,0,0,514,13,0,0,0,0,0,0,0,0,0,0,0,0,0,0
NBspecific_2,16,-1,-1,-1,0,0,93,1,0,0,0,0,0,0,0,0,0,0,0,0,0,0
NBspecific_2,17,-1,-1,-1,0,0,92,1,0,1,0,0,0,0,0,0,0,0,0,0,0,0
NBspecific_2,18,-1,-1,-1,0,0,29,1,0,0,0,0,0,0,0,0,0,0,0,0,0,0
NBspecific_2,19,-1,-1,-1,0,0,406,12,0,0,0,0,0,0,0,0,0,0,0,0,0,0
NBspecific_2,20,-1,-1,-1,0,0,18,1,0,0,0,0,0,0,0,0,0,0,0,0,0,0
NBspecific_2,21,6,7,-1,1,0,194,7,1,1,1,0,0,0,0,0,1,0,0,1,1,1
NBspecific_2,22,-1,-1,6,0,0,36,1,0,0,0,0,0,0,0,0,0,0,0,0,0,0
NBspecific_2,23,-1,-1,-1,0,0,0,0,0,0,0,0,0,0,0,0,0,0,0,0,0,0
NBspecific_2,24,-1,-1,-1,0,0,0,0,0,0,0,0,0,0,0,0,0,0,0,0,0,0
NBspecific_20,1,1,1,-1,1,0,70,3,1,0,0,0,0,0,0,0,0,0,0,0,0,0
NBspecific_20,2,2,2,1,1,0,86,1,0,0,0,0,0,0,0,1,0,1,0,0,0,0
NBspecific_20,3,-1,-1,2,0,0,13,1,0,0,0,0,0,0,0,0,0,0,0,0,0,0
NBspecific_20,4,-1,-1,-1,0,0,12,1,0,0,0,0,0,0,0,0,0,0,0,0,0,0
NBspecific_20,5,-1,-1,-1,0,0,19,1,0,0,0,0,0,0,0,0,0,0,0,0,0,0
NBspecific_20,6,3,3,-1,1,0,18,1,0,0,0,0,0,0,0,0,0,0,0,0,0,0
NBspecific_20,7,-1,-1,3,0,0,11,1,0,0,0,0,0,0,0,0,0,0,0,0,0,0
NBspecific_20,8,-1,-1,-1,0,0,11,1,0,0,0,0,0,0,0,0,0,0,0,0,0,0
NBspecific_20,9,4,4,-1,1,0,42,1,0,0,0,1,0,0,0,0,0,0,1,0,0,0
NBspecific_20,10,-1,-1,4,0,0,11,1,0,0,0,0,0,0,0,0,0,0,0,0,0,0
NBspecific_20,11,-1,-1,-1,0,0,12,1,0,0,0,0,0,0,0,0,0,0,0,0,0,0
NBspecific_20,12,-1,-1,-1,0,0,60,1,0,0,0,0,0,0,0,0,0,0,0,0,0,0
NBspecific_20,13,5,5,-1,1,0,581,10,1,0,0,0,0,0,0,0,0,0,0,0,0,0
NBspecific_20,14,6,7,5,1,0,20,1,0,0,0,0,0,0,0,0,0,0,0,0,1,1
NBspecific_20,15,-1,6,6,0,0,62,1,0,0,0,0,0,0,0,0,0,0,0,1,1,1
NBspecific_20,16,-1,-1,-1,0,0,63,1,0,0,0,0,0,0,0,0,0,0,0,0,0,0
NBspecific_20,17,-1,-1,-1,0,0,62,1,0,0,0,0,0,0,0,0,0,0,0,0,0,0
NBspecific_20,18,-1,-1,-1,0,0,61,1,0,0,0,0,0,0,0,0,0,0,0,0,0,0
NBspecific_20,19,-1,-1,-1,0,0,0,0,0,0,0,0,0,0,0,0,0,0,0,0,0,0
NBspecific_3,1,1,1,-1,1,0,950,17,1,0,0,0,0,0,0,1,0,1,0,0,0,0
NBspecific_3,2,2,2,1,1,0,86,3,0,0,0,0,0,0,0,1,0,1,0,0,0,0
NBspecific_3,3,3,3,2,1,0,103,2,0,0,0,0,0,0,0,1,0,0,0,0,0,0
NBspecific_3,4,4,4,3,1,0,131,4,0,0,0,0,0,0,0,1,0,0,0,0,0,0
NBspecific_3,5,5,5,4,1,0,319,7,1,0,0,0,0,0,1,0,0,0,0,0,0,0
NBspecific_3,6,-1,-1,5,0,0,40,2,0,0,0,0,0,0,0,0,0,0,0,0,0,0
NBspecific_3,7,-1,-1,-1,0,0,50,2,0,0,0,0,0,0,0,0,0,0,0,0,0,0
NBspecific_3,8,6,6,-1,1,0,173,4,1,1,1,0,0,0,0,0,0,0,0,0,0,0
NBspecific_3,9,7,7,6,1,0,618,11,1,0,0,0,0,0,0,0,0,0,0,0,0,0
NBspecific_3,10,-1,-1,7,0,0,737,20,0,0,0,0,0,0,0,0,0,0,0,0,0,0
NBspecific_3,11,-1,8,-1,0,0,582,11,0,1,1,0,0,0,0,0,0,0,0,1,1,1
NBspecific_3,12,8,9,-1,1,0,650,18,0,0,0,0,0,0,0,0,0,0,0,0,1,1
NBspecific_3,13,-1,-1,8,0,0,0,0,0,0,0,0,0,0,0,0,0,0,0,0,0,0
NBspecific_4,1,-1,-1,-1,0,0,182,5,1,0,0,0,0,0,0,0,0,0,0,0,0,0
NBspecific_4,2,-1,1,-1,0,0,444,8,1,0,0,0,0,0,0,1,0,1,0,1,1,1
NBspecific_4,3,-1,-1,-1,0,0,14,1,0,0,0,0,0,0,0,0,0,0,0,0,0,0
NBspecific_4,4,-1,-1,-1,0,0,100,3,0,0,0,1,0,0,0,0,0,0,0,0,0,0
NBspecific_4,5,-1,-1,-1,0,0,280,10,0,0,0,0,0,0,0,0,0,0,0,0,0,0
NBspecific_4,6,1,2,-1,1,0,723,18,0,0,0,0,0,0,0,0,0,0,0,0,1,1
NBspecific_4,7,-1,-1,1,0,0,316,8,0,0,0,0,0,0,0,0,0,0,0,0,0,0
NBspecific_4,8,-1,-1,-1,0,0,14,1,0,0,0,0,0,0,0,0,0,0,0,0,0,0
NBspecific_4,9,-1,-1,-1,0,0,302,10,0,0,0,0,0,0,0,1,0,0,0,0,0,0
NBspecific_4,10,-1,-1,-1,0,0,14,1,0,0,0,0,0,0,0,0,0,0,0,0,0,0
NBspecific_4,11,-1,-1,-1,0,0,153,4,0,0,0,0,0,0,0,0,0,0,0,0,0,0
NBspecific_4,12,-1,-1,-1,0,0,322,7,0,0,0,0,0,0,0,0,0,0,0,0,0,0
NBspecific_4,13,-1,-1,-1,0,0,14,1,0,0,0,0,0,0,0,0,0,0,0,0,0,0
NBspecific_4,14,-1,-1,-1,0,0,216,3,0,0,0,0,0,0,0,0,0,0,0,0,0,0
NBspecific_4,15,-1,-1,-1,0,0,14,1,0,0,0,0,0,0,0,0,0,0,0,0,0,0
NBspecific_4,16,-1,-1,-1,0,0,501,8,0,0,0,0,0,0,0,1,0,0,0,0,0,0
NBspecific_4,17,-1,-1,-1,0,0,52,2,0,0,0,0,0,0,0,0,0,0,0,0,0,0
NBspecific_4,18,-1,-1,-1,0,0,394,7,0,0,0,0,0,0,0,1,0,0,0,0,0,0
NBspecific_4,19,-1,-1,-1,0,0,51,2,0,0,0,0,0,0,0,0,0,0,0,0,0,0
NBspecific_4,20,-1,-1,-1,0,0,20,1,0,0,0,0,0,0,0,0,0,0,0,0,0,0
NBspecific_4,21,-1,-1,-1,0,0,1378,28,1,0,0,1,0,0,1,0,0,0,0,0,0,0
NBspecific_4,22,-1,-1,-1,0,0,722,18,0,0,0,0,0,0,0,0,0,0,0,0,0,0
NBspecific_4,23,-1,-1,-1,0,0,214,7,0,1,1,0,0,0,0,0,0,0,0,0,0,0
NBspecific_4,24,-1,-1,-1,0,0,163,5,0,0,1,0,0,0,0,0,0,0,0,0,0,0
NBspecific_4,25,-1,-1,-1,0,0,424,14,1,1,1,0,0,0,0,0,0,0,0,0,0,0
NBspecific_4,26,-1,-1,-1,0,0,1020,29,0,1,1,0,0,0,0,0,0,0,0,0,0,0
NBspecific_4,27,-1,-1,-1,0,0,77,2,0,0,0,0,0,0,0,0,0,0,0,0,0,0
NBspecific_4,28,-1,-1,-1,0,0,400,10,0,1,0,0,0,0,0,0,0,0,0,0,0,0
NBspecific_4,29,-1,-1,-1,0,0,66,2,0,0,0,0,0,0,0,0,0,0,0,0,0,0
NBspecific_4,30,-1,-1,-1,0,0,362,12,0,1,1,0,0,0,0,0,0,0,0,0,0,0
NBspecific_4,31,-1,-1,-1,0,0,475,16,1,0,0,0,0,0,0,0,0,0,0,0,0,0
NBspecific_4,32,-1,-1,-1,0,0,424,14,0,0,0,0,0,0,0,0,0,0,0,0,0,0
NBspecific_4,33,-1,-1,-1,0,0,87,3,1,0,0,0,0,0,0,0,0,0,0,0,0,0
NBspecific_4,34,-1,-1,-1,0,0,31,1,0,0,1,0,0,0,0,0,0,0,0,0,0,0
NBspecific_4,35,-1,-1,-1,0,0,105,1,0,0,0,0,0,0,0,0,0,0,0,0,0,0
NBspecific_5,1,-1,-1,-1,0,0,30,1,0,0,0,0,0,0,0,0,0,0,0,0,0,0
NBspecific_5,2,1,1,-1,1,0,176,8,1,0,0,0,0,0,0,0,0,0,0,0,0,0
NBspecific_5,3,2,2,1,1,0,50,2,0,0,0,0,0,0,0,1,0,1,0,0,0,0
NBspecific_5,4,-1,-1,2,0,0,9,1,0,0,0,0,0,0,0,0,0,0,0,0,0,0
NBspecific_5,5,-1,-1,-1,0,0,591,18,0,0,0,0,0,0,0,1,0,0,0,0,0,0
NBspecific_5,6,-1,-1,-1,0,0,34,1,0,0,0,0,0,0,0,1,0,0,0,0,0,0
NBspecific_5,7,-1,-1,-1,0,0,28,1,0,0,0,0,0,0,0,1,0,0,0,0,0,0
NBspecific_5,8,-1,-1,-1,0,0,128,2,0,0,0,0,0,0,0,1,0,0,0,0,0,0
NBspecific_5,9,-1,-1,-1,0,0,25,1,0,0,0,0,0,0,0,1,0,0,0,0,0,0
NBspecific_5,10,-1,-1,-1,0,0,237,7,0,0,0,0,0,0,0,0,0,0,0,0,0,0
NBspecific_5,11,3,3,-1,1,0,284,10,0,0,0,0,0,0,0,1,0,0,0,0,0,0
NBspecific_5,12,-1,-1,3,0,0,319,9,0,0,0,0,0,0,0,1,0,0,0,0,0,0
NBspecific_5,13,-1,-1,-1,0,0,281,7,0,0,0,0,0,0,0,0,0,0,0,0,0,0
NBspecific_5,14,-1,-1,-1,0,0,97,3,0,0,0,0,0,0,0,0,0,0,0,0,0,0
NBspecific_5,15,5,4,-1,1,0,274,6,0,0,0,1,1,0,0,0,0,0,1,1,1,1
NBspecific_5,16,-1,-1,5,0,0,1035,33,1,0,0,0,0,1,0,1,0,0,0,0,0,0
NBspecific_5,17,-1,-1,-1,0,0,401,13,1,0,0,0,0,1,0,1,0,0,0,0,0,0
NBspecific_5,18,-1,-1,-1,0,0,461,9,1,0,0,0,0,0,0,0,0,0,0,0,0,0
NBspecific_5,19,-1,-1,-1,0,0,1056,32,1,0,0,0,0,1,1,1,0,0,0,0,0,0
NBspecific_5,20,-1,-1,-1,0,0,542,19,0,0,0,0,0,0,0,0,0,0,0,0,0,0
NBspecific_5,21,-1,-1,-1,0,0,451,6,1,1,0,0,0,0,0,0,0,0,0,0,0,0
NBspecific_5,22,-1,-1,-1,0,0,504,15,1,0,1,0,0,0,0,0,0,0,0,0,0,0
NBspecific_5,23,-1,-1,-1,0,0,693,19,1,0,1,0,0,0,0,0,0,0,0,0,0,0
NBspecific_6,1,1,1,-1,1,0,626,23,1,0,0,0,0,0,0,0,0,0,0,0,0,0
NBspecific_6,2,2,2,1,1,0,203,4,0,0,0,0,0,0,0,1,0,1,0,0,0,0
NBspecific_6,3,3,3,2,1,0,373,5,0,0,0,0,0,0,0,1,0,0,1,0,0,0
NBspecific_6,4,-1,-1,3,0,0,4,1,0,0,0,0,0,0,0,0,0,0,0,0,0,0
NBspecific_6,5,4,4,-1,1,0,183,4,0,0,0,0,0,0,0,1,0,0,1,0,0,0
NBspecific_6,6,-1,-1,4,0,0,8,1,0,0,0,0,0,0,0,0,0,0,0,0,0,0
NBspecific_6,7,5,5,-1,1,0,665,14,0,0,0,0,0,0,0,0,0,0,0,0,0,0
NBspecific_6,8,6,6,5,1,0,122,4,0,0,0,0,0,0,0,0,0,0,1,0,0,0
NBspecific_6,9,7,7,6,1,0,193,7,0,0,0,0,0,0,0,0,0,0,1,0,0,0
NBspecific_6,10,8,8,7,1,0,120,3,0,0,0,0,0,0,0,0,0,0,0,0,0,0
NBspecific_6,11,9,9,8,1,0,837,23,0,0,0,0,0,0,0,0,0,0,0,0,0,0
NBspecific_6,12,10,10,9,1,0,611,9,0,0,0,0,0,0,0,0,0,0,0,0,0,0
NBspecific_6,13,11,11,10,1,0,757,28,1,0,0,0,0,0,0,0,1,0,0,0,0,0
NBspecific_6,14,12,12,11,1,0,2807,45,0,0,0,0,0,0,0,0,0,0,0,0,0,0
NBspecific_6,15,13,13,12,1,0,33,1,0,0,0,0,0,0,0,0,0,0,0,0,0,0
NBspecific_6,16,14,14,13,1,0,231,7,0,0,0,0,0,0,0,0,0,0,0,0,0,0
NBspecific_6,17,-1,15,14,0,0,144,3,0,1,0,0,0,0,0,0,0,0,0,1,1,1
NBspecific_6,18,-1,-1,-1,0,0,192,6,0,0,0,0,0,0,0,0,0,0,0,0,0,0
NBspecific_6,19,15,16,-1,1,0,216,6,0,0,0,0,0,0,0,0,0,0,0,0,1,1
NBspecific_6,20,-1,-1,15,0,0,79,2,0,0,0,0,0,0,0,0,0,0,0,0,0,0
NBspecific_6,21,-1,-1,-1,0,0,66,1,0,0,1,0,0,0,0,0,0,0,0,0,0,0
NBspecific_6,22,-1,-1,-1,0,0,42,1,0,0,0,0,0,0,0,0,0,0,0,0,0,0
NBspecific_6,23,-1,-1,-1,0,0,532,10,1,0,0,0,0,0,0,0,0,0,0,0,0,0
NBspecific_6,24,-1,-1,-1,0,0,182,6,0,0,0,0,0,0,0,0,0,0,0,0,0,0
NBspecific_6,25,-1,-1,-1,0,0,27,1,0,0,0,0,0,0,0,0,0,0,0,0,0,0
NBspecific_6,26,-1,-1,-1,0,0,81,2,1,0,0,0,0,0,0,0,0,0,0,0,0,0
NBspecific_6,27,-1,-1,-1,0,0,166,5,0,0,0,0,0,0,0,0,0,0,0,0,0,0
NBspecific_6,28,-1,-1,-1,0,0,119,2,0,0,0,0,0,0,0,0,0,0,0,0,0,0
NBspecific_6,29,-1,-1,-1,0,0,259,7,0,0,0,0,0,0,0,0,0,0,0,0,0,0
NBspecific_6,30,-1,-1,-1,0,0,179,3,0,1,0,0,0,0,0,0,0,0,0,0,0,0
NBspecific_6,31,-1,-1,-1,0,0,174,3,0,0,1,0,0,0,0,0,0,0,0,0,0,0
NBspecific_6,32,-1,-1,-1,0,0,182,6,0,0,0,0,0,0,0,0,0,0,0,0,0,0
NBspecific_6,33,-1,-1,-1,0,0,192,6,0,0,0,0,0,0,0,0,0,0,0,0,0,0
NBspecific_6,34,-1,-1,-1,0,0,216,6,0,0,0,0,0,0,0,0,0,0,0,0,0,0
NBspecific_6,35,-1,-1,-1,0,0,27,1,0,0,0,0,0,0,0,0,0,0,0,0,0,0
NBspecific_7,1,1,1,-1,1,0,120,5,1,0,0,0,0,0,0,0,0,0,0,0,0,0
NBspecific_7,2,2,2,1,1,0,40,1,0,0,0,0,0,0,0,1,0,1,0,0,0,0
NBspecific_7,3,-1,-1,2,0,0,9,1,0,0,0,0,0,0,0,0,0,0,0,0,0,0
NBspecific_7,4,-1,-1,-1,0,0,10,1,0,0,0,0,0,0,0,0,0,0,0,0,0,0
NBspecific_7,5,-1,-1,-1,0,0,8,1,0,0,0,0,0,0,0,0,0,0,0,0,0,0
NBspecific_7,6,-1,-1,-1,0,0,9,1,0,0,0,0,0,0,0,0,0,0,0,0,0,0
NBspecific_7,7,-1,-1,-1,0,0,2,1,0,0,0,0,0,0,0,0,0,0,0,0,0,0
NBspecific_7,8,-1,-1,-1,0,0,16,1,0,0,0,0,0,0,0,0,0,0,0,0,0,0
NBspecific_7,9,-1,-1,-1,0,0,18,1,0,0,0,0,0,0,0,0,0,0,0,0,0,0
NBspecific_7,10,-1,-1,-1,0,0,18,1,0,0,0,0,0,0,0,0,0,0,0,0,0,0
NBspecific_7,11,3,3,-1,1,0,112,3,0,0,0,0,0,0,0,0,0,0,0,0,0,0
NBspecific_7,12,-1,-1,3,0,0,9,1,0,0,0,0,0,0,0,0,0,0,0,0,0,0
NBspecific_7,13,4,4,-1,1,0,44,1,0,0,0,1,0,0,0,0,0,0,1,0,0,0
NBspecific_7,14,-1,-1,4,0,0,10,1,0,0,0,0,0,0,0,0,0,0,0,0,0,0
NBspecific_7,15,5,5,-1,1,0,52,1,0,0,0,0,0,0,0,0,0,0,0,0,0,0
NBspecific_7,16,-1,-1,5,0,0,17,1,0,0,0,0,0,0,0,0,0,0,0,0,0,0
NBspecific_7,17,-1,-1,-1,0,0,21,1,0,0,0,0,0,0,0,0,0,0,0,0,0,0
NBspecific_7,18,-1,-1,-1,0,0,15,1,0,0,0,0,0,0,0,0,0,0,0,0,0,0
NBspecific_7,19,-1,-1,-1,0,0,26,1,0,0,0,0,0,0,0,0,0,0,0,0,0,0
NBspecific_7,20,-1,-1,-1,0,0,9,1,0,0,0,0,0,0,0,0,0,0,0,0,0,0
NBspecific_7,21,6,6,-1,1,0,49,1,0,0,0,0,0,0,0,0,0,0,0,0,0,0
NBspecific_7,22,-1,-1,6,0,0,26,1,0,0,0,0,0,0,0,0,0,0,0,0,0,0
NBspecific_7,23,-1,-1,-1,0,0,47,1,0,0,0,0,0,0,0,1,0,0,0,0,0,0
NBspecific_7,24,-1,-1,-1,0,0,58,1,0,0,0,0,0,0,0,1,0,0,0,0,0,0
NBspecific_7,25,-1,-1,-1,0,0,187,2,0,0,0,0,0,0,0,0,0,0,1,0,0,0
NBspecific_7,26,-1,-1,-1,0,0,35,1,0,0,0,0,0,0,0,0,0,0,0,0,0,0
NBspecific_7,27,-1,-1,-1,0,0,323,5,0,0,0,0,0,0,0,0,0,0,0,0,0,0
NBspecific_7,28,-1,-1,-1,0,0,443,8,0,0,0,0,0,0,0,0,0,0,0,0,0,0
NBspecific_7,29,-1,-1,-1,0,0,322,5,0,0,0,0,0,0,0,0,0,0,0,0,0,0
NBspecific_7,30,7,8,-1,1,0,86,1,0,0,0,0,0,0,0,0,0,0,0,1,1,1
NBspecific_7,31,-1,-1,7,0,0,323,5,0,0,0,0,0,0,0,0,0,0,0,1,0,1
NBspecific_7,32,-1,-1,-1,0,0,122,2,0,0,0,0,0,0,0,0,0,0,0,0,0,0
NBspecific_7,33,-1,-1,-1,0,0,114,3,0,0,0,0,0,0,0,0,0,0,0,0,0,0
NBspecific_7,34,-1,7,-1,0,0,70,1,0,0,0,0,0,0,0,1,0,0,0,1,1,1
NBspecific_7,35,-1,-1,-1,0,0,9,1,0,0,0,0,0,0,0,0,0,0,0,0,0,0
NBspecific_7,36,-1,-1,-1,0,0,34,2,0,0,0,0,0,0,0,1,0,0,0,0,0,0
NBspecific_7,37,-1,-1,-1,0,0,49,1,0,0,0,0,0,0,0,0,0,0,0,0,0,0
NBspecific_7,38,-1,-1,-1,0,0,3,1,0,0,0,0,0,0,0,0,0,0,0,0,0,0
NBspecific_7,39,-1,-1,-1,0,0,98,3,0,0,0,0,0,0,0,0,0,0,0,0,0,0
NBspecific_7,40,-1,-1,-1,0,0,10,1,0,0,0,0,0,0,0,0,0,0,0,0,0,0
NBspecific_7,41,-1,-1,-1,0,0,63,3,0,0,0,0,0,0,0,1,0,0,0,0,0,0
NBspecific_7,42,-1,-1,-1,0,0,133,2,0,0,0,0,0,0,0,0,0,0,0,0,0,0
NBspecific_7,43,-1,-1,-1,0,0,201,4,0,0,0,0,0,0,0,0,0,0,0,0,0,0
NBspecific_7,44,-1,-1,-1,0,0,9,1,0,0,0,0,0,0,0,0,0,0,0,0,0,0
NBspecific_7,45,-1,-1,-1,0,0,0,0,0,0,0,0,0,0,0,0,0,0,0,0,0,0
NBspecific_7,46,-1,-1,-1,0,0,80,2,0,0,0,0,0,0,0,0,0,0,0,0,0,0
NBspecific_7,47,-1,-1,-1,0,0,124,3,0,0,0,0,0,0,0,0,0,0,0,0,0,0
NBspecific_7,48,-1,-1,-1,0,0,136,4,0,0,0,0,0,0,0,0,0,0,0,0,0,0
NBspecific_7,49,-1,-1,-1,0,0,51,1,0,0,0,0,0,0,0,0,0,0,0,0,0,0
NBspecific_8,1,1,1,-1,1,0,584,21,1,0,0,0,0,0,0,1,0,1,0,0,0,0
NBspecific_8,2,-1,-1,1,0,0,32,2,0,0,0,0,0,0,0,0,0,0,0,0,0,0
NBspecific_8,3,-1,-1,-1,0,0,278,6,0,0,0,0,0,0,0,0,0,0,0,0,0,0
NBspecific_8,4,-1,-1,-1,0,0,435,11,0,0,0,0,0,0,0,1,0,0,0,0,0,0
NBspecific_8,5,2,2,-1,1,0,29,1,0,0,0,1,0,0,0,0,0,0,0,0,0,0
NBspecific_8,6,-1,-1,2,0,0,491,14,0,0,0,0,0,0,0,0,0,0,0,0,0,0
NBspecific_8,7,4,3,-1,1,0,223,4,1,0,0,1,0,1,0,1,0,0,0,1,1,1
NBspecific_8,8,-1,-1,4,0,0,675,14,1,0,0,0,0,0,0,1,0,0,0,0,0,0
NBspecific_8,9,-1,-1,-1,0,0,596,14,1,0,0,1,0,0,1,1,0,0,0,0,0,0
NBspecific_8,10,-1,-1,-1,0,0,0,0,0,0,0,0,0,0,0,0,0,0,0,0,0,0
NBspecific_8,11,-1,-1,-1,0,0,493,13,0,1,1,0,0,0,0,0,0,0,0,0,0,0
NBspecific_8,12,-1,-1,-1,0,0,423,7,0,0,0,0,0,0,0,0,0,0,0,0,0,0
NBspecific_8,13,-1,-1,-1,0,0,94,2,1,0,0,0,0,0,0,0,0,0,0,0,0,0
NBspecific_8,14,-1,-1,-1,0,0,228,5,0,0,0,0,0,0,0,0,0,0,0,0,0,0
NBspecific_8,15,-1,-1,-1,0,0,353,5,0,0,0,0,0,0,0,0,0,0,0,0,0,0
NBspecific_8,16,-1,-1,-1,0,0,323,5,0,0,0,0,0,0,0,0,0,0,0,0,0,0
NBspecific_8,17,-1,-1,-1,0,0,356,5,0,0,0,0,0,0,0,0,0,0,0,0,0,0
NBspecific_8,18,-1,-1,-1,0,0,48,2,0,0,0,1,0,0,0,0,0,0,0,0,0,0
NBspecific_8,19,-1,-1,-1,0,0,236,5,0,0,0,0,0,0,0,0,0,0,0,0,0,0
NBspecific_8,20,-1,-1,-1,0,0,864,17,0,0,0,1,0,0,0,1,0,0,0,0,0,0
NBspecific_8,21,-1,-1,-1,0,0,517,9,0,0,0,0,0,0,0,0,0,0,0,0,0,0
NBspecific_8,22,-1,-1,-1,0,0,674,16,0,1,1,1,0,0,0,1,0,0,0,0,0,0
NBspecific_8,23,-1,-1,-1,0,0,328,7,0,0,1,0,0,0,0,0,0,0,0,0,0,0
NBspecific_9,1,1,1,-1,1,0,95,4,1,0,0,0,0,0,0,0,0,0,0,0,0,0
NBspecific_9,2,2,2,1,1,0,45,1,0,0,0,0,0,0,0,1,0,1,0,0,0,0
NBspecific_9,3,-1,-1,2,0,0,9,1,0,0,0,0,0,0,0,0,0,0,0,0,0,0
NBspecific_9,4,-1,-1,-1,0,0,9,1,0,0,0,0,0,0,0,0,0,0,0,0,0,0
NBspecific_9,5,-1,-1,-1,0,0,8,1,0,0,0,0,0,0,0,0,0,0,0,0,0,0
NBspecific_9,6,-1,-1,-1,0,0,13,1,0,0,0,0,0,0,0,0,0,0,0,0,0,0
NBspecific_9,7,-1,-1,-1,0,0,13,1,0,0,0,0,0,0,0,0,0,0,0,0,0,0
NBspecific_9,8,-1,-1,-1,0,0,10,1,0,0,0,0,0,0,0,0,0,0,0,0,0,0
NBspecific_9,9,-1,-1,-1,0,0,10,1,0,0,0,0,0,0,0,0,0,0,0,0,0,0
NBspecific_9,10,-1,-1,-1,0,0,17,1,0,0,0,0,0,0,0,0,0,0,0,0,0,0
NBspecific_9,11,-1,-1,-1,0,0,15,1,0,0,0,0,0,0,0,1,0,0,0,0,0,0
NBspecific_9,12,4,3,-1,1,0,109,2,0,0,0,1,0,0,0,0,0,0,0,1,1,1
NBspecific_9,13,-1,-1,4,0,0,15,1,0,0,0,0,0,0,0,1,0,0,0,0,0,0
NBspecific_9,14,-1,-1,-1,0,0,13,1,0,0,0,0,0,0,0,0,0,0,0,0,0,0
NBspecific_9,15,-1,-1,-1,0,0,10,1,0,0,0,0,0,0,0,0,0,0,0,0,0,0
NBspecific_9,16,-1,-1,-1,0,0,35,2,0,0,0,0,0,0,0,0,0,0,0,0,0,0
NBspecific_9,17,-1,-1,-1,0,0,50,1,0,0,0,0,0,0,0,0,0,0,1,0,0,0
NBspecific_9,18,-1,-1,-1,0,0,24,1,0,0,0,0,0,0,0,0,0,0,0,0,0,0
NBspecific_9,19,-1,-1,-1,0,0,66,2,0,0,0,0,0,0,0,0,0,0,0,0,0,0
NBspecific_9,20,-1,-1,-1,0,0,49,1,0,0,0,0,0,1,0,1,0,0,0,0,0,0
NBspecific_9,21,-1,-1,-1,0,0,17,1,0,0,0,0,0,0,0,0,0,0,0,0,0,0
NBspecific_9,22,-1,-1,-1,0,0,88,3,0,0,0,0,0,0,0,1,0,0,0,0,0,0
NBspecific_9,23,-1,-1,-1,0,0,226,3,0,0,0,0,0,0,0,1,0,0,1,0,0,0
NBspecific_9,24,-1,-1,-1,0,0,17,1,0,0,0,0,0,0,0,0,0,0,0,0,0,0
NBspecific_9,25,-1,-1,-1,0,0,208,3,0,0,0,0,0,0,0,1,0,0,0,0,0,0
NBspecific_9,26,-1,-1,-1,0,0,260,3,0,0,0,0,0,0,0,1,0,0,0,0,0,0
NBspecific_9,27,-1,-1,-1,0,0,11,1,0,0,0,0,0,0,0,0,0,0,0,0,0,0
NBspecific_9,28,-1,-1,-1,0,0,13,1,0,0,0,0,0,0,0,0,0,0,0,0,0,0
NBspecific_9,29,-1,-1,-1,0,0,149,7,0,0,0,0,0,0,0,0,0,0,0,0,0,0
NBspecific_9,30,-1,-1,-1,0,0,174,7,0,0,0,0,0,0,0,0,0,0,0,0,0,0
NBspecific_9,31,-1,-1,-1,0,0,169,7,0,0,0,0,0,0,0,0,0,0,0,0,0,0
NBspecific_9,32,-1,-1,-1,0,0,170,7,0,0,0,0,0,0,0,0,0,0,0,0,0,0
NBspecific_9,33,-1,-1,-1,0,0,0,0,0,0,0,0,0,0,0,0,0,0,0,0,0,0
numpy_1,1,1,1,-1,1,0,233,9,1,0,0,0,0,0,0,0,0,0,0,0,0,0
numpy_1,2,2,2,1,1,0,168,7,0,0,0,0,0,0,0,0,1,0,0,0,0,0
numpy_1,3,3,3,2,1,0,201,5,0,0,0,0,0,0,0,0,0,0,0,0,0,0
numpy_1,4,4,4,3,1,0,104,2,0,0,0,0,0,0,0,0,0,0,0,0,0,0
numpy_1,5,5,5,4,1,0,96,2,0,0,0,0,0,0,0,0,0,0,0,0,0,0
numpy_1,6,-1,-1,5,0,0,124,2,0,0,0,0,0,0,0,0,0,0,0,0,0,0
numpy_1,7,6,6,-1,1,0,244,5,0,0,0,0,0,0,0,0,0,0,0,0,0,0
numpy_1,8,7,7,6,1,0,2233,62,0,0,0,0,0,0,0,0,0,0,0,0,0,0
numpy_1,9,-1,-1,7,0,0,417,11,0,0,0,0,0,0,0,0,0,0,0,0,0,0
numpy_1,10,8,8,-1,1,0,2480,66,1,0,0,0,0,0,0,0,1,0,0,0,0,0
numpy_1,11,9,9,8,1,0,452,18,1,0,0,0,0,0,0,0,0,0,0,1,0,1
numpy_1,12,-1,-1,9,0,0,551,15,1,0,0,0,0,0,0,0,0,0,0,0,0,0
numpy_1,13,-1,-1,-1,0,0,1186,32,0,0,0,0,0,0,0,0,0,0,0,0,0,0
numpy_1,14,-1,-1,-1,0,0,1247,32,0,0,0,0,0,0,0,0,0,0,0,0,0,0
numpy_1,15,-1,-1,-1,0,0,121,4,0,0,0,0,0,0,0,0,0,0,0,0,0,0
numpy_1,16,-1,-1,-1,0,0,0,0,0,0,0,0,0,0,0,0,0,0,0,0,0,0
numpy_10,1,-1,-1,-1,0,0,229,5,1,0,0,0,0,0,0,0,0,0,0,0,0,0
numpy_10,2,-1,-1,-1,0,0,133,2,0,0,0,0,0,0,0,0,0,0,0,0,0,0
numpy_10,3,-1,-1,-1,0,0,169,4,1,0,0,0,0,0,0,0,1,0,0,0,0,0
numpy_10,4,1,1,-1,1,0,500,19,1,0,0,0,0,0,0,0,0,0,0,0,0,0
numpy_10,5,-1,-1,1,0,0,156,3,0,0,0,0,0,0,0,0,0,0,0,0,0,0
numpy_10,6,2,2,-1,1,0,129,4,0,0,0,0,0,0,0,0,0,0,0,0,0,0
numpy_10,7,3,3,2,1,0,1086,29,0,0,0,0,0,0,0,0,0,0,0,0,0,0
numpy_10,8,4,4,3,1,0,82,2,0,0,0,0,0,0,0,0,0,1,0,0,0,0
numpy_10,9,5,5,4,1,0,2080,73,0,0,0,0,0,0,0,0,1,0,0,0,0,0
numpy_10,10,6,6,5,1,0,772,29,0,0,0,0,0,0,0,0,1,0,0,0,0,0
numpy_10,11,7,7,6,1,0,534,17,0,0,0,0,0,0,0,0,0,0,0,0,0,0
numpy_10,12,8,8,7,1,0,501,17,0,0,0,0,0,0,0,0,0,0,0,0,0,0
numpy_10,13,9,9,8,1,0,504,16,0,0,0,0,0,0,0,0,0,1,0,0,0,0
numpy_10,14,10,10,9,1,0,609,20,0,0,0,0,0,0,0,0,0,0,0,0,0,0
numpy_10,15,11,11,10,1,0,971,31,0,0,0,0,0,0,0,0,1,0,0,0,0,0
numpy_10,16,-1,-1,11,0,0,758,28,1,0,0,0,0,0,0,0,0,1,0,0,0,0
numpy_10,17,-1,-1,-1,0,0,92,3,0,0,0,0,0,0,0,0,0,0,0,0,0,0
numpy_10,18,-1,-1,-1,0,0,879,29,1,0,0,0,0,0,0,0,0,1,0,0,0,0
numpy_10,19,12,13,-1,1,0,855,31,1,0,0,0,0,0,0,0,0,0,0,1,1,1
numpy_10,20,-1,-1,12,0,0,0,0,0,0,0,0,0,0,0,0,0,0,0,0,0,0
numpy_11,1,-1,-1,-1,0,0,930,17,1,0,0,0,0,0,0,1,0,1,0,0,0,0
numpy_11,2,1,1,-1,1,0,549,14,1,0,0,0,0,0,0,0,0,0,0,0,0,0
numpy_11,3,2,2,1,1,0,630,25,0,0,0,0,0,0,0,0,0,0,0,0,0,0
numpy_11,4,-1,-1,2,0,0,435,14,1,0,0,0,0,0,0,0,0,1,0,0,0,0
numpy_11,5,-1,-1,-1,0,0,118,3,0,0,0,0,0,0,0,0,0,0,0,0,0,0
numpy_11,6,-1,-1,-1,0,0,0,0,0,0,0,0,0,0,0,0,0,0,0,0,0,0
numpy_11,7,-1,-1,-1,0,0,508,18,1,0,0,0,0,0,0,0,0,0,0,0,0,0
numpy_11,8,-1,-1,-1,0,0,1413,37,0,0,0,0,0,0,0,0,0,1,0,0,0,0
numpy_11,9,3,3,-1,1,0,1022,29,0,0,0,0,0,0,0,0,0,1,0,1,0,1
numpy_11,10,-1,-1,3,0,0,140,3,0,0,0,0,0,0,0,0,0,0,0,0,0,0
numpy_11,11,-1,-1,-1,0,0,2213,68,0,0,0,0,0,0,0,0,0,0,0,0,0,0
numpy_11,12,-1,-1,-1,0,0,954,27,0,0,1,0,0,0,0,0,0,0,0,0,0,0
numpy_11,13,-1,-1,-1,0,0,188,6,0,0,0,0,0,0,0,0,0,0,0,0,0,0
numpy_11,14,-1,-1,-1,0,0,171,5,0,0,0,0,0,0,0,0,0,0,0,0,0,0
numpy_11,15,-1,-1,-1,0,0,474,11,0,0,0,0,0,0,0,0,0,0,0,0,0,0
numpy_11,16,-1,-1,-1,0,0,121,2,0,0,0,0,0,0,0,0,0,0,0,0,0,0
numpy_11,17,-1,-1,-1,0,0,1008,27,0,0,0,0,0,0,0,0,0,0,0,0,0,0
numpy_11,18,-1,-1,-1,0,0,736,25,0,0,0,0,0,0,0,0,0,0,0,0,0,0
numpy_11,19,-1,-1,-1,0,0,25,1,0,0,0,0,0,0,0,0,0,0,0,0,0,0
numpy_11,20,-1,-1,-1,0,0,116,4,0,0,0,0,0,0,0,0,0,1,0,0,0,0
numpy_11,21,-1,-1,-1,0,0,0,0,0,0,0,0,0,0,0,0,0,0,0,0,0,0
numpy_11,22,-1,-1,-1,0,0,0,0,0,0,0,0,0,0,0,0,0,0,0,0,0,0
numpy_11,23,-1,-1,-1,0,0,0,0,0,0,0,0,0,0,0,0,0,0,0,0,0,0
numpy_11,24,-1,-1,-1,0,0,0,0,0,0,0,0,0,0,0,0,0,0,0,0,0,0
numpy_11,25,-1,-1,-1,0,0,0,0,0,0,0,0,0,0,0,0,0,0,0,0,0,0
numpy_11,26,-1,-1,-1,0,0,0,0,0,0,0,0,0,0,0,0,0,0,0,0,0,0
numpy_12,1,1,1,-1,1,0,175,5,1,0,0,0,0,0,0,0,0,1,0,0,0,0
numpy_12,2,2,2,1,1,0,327,9,1,0,0,0,0,0,0,0,0,0,0,0,0,0
numpy_12,3,3,3,2,1,0,107,3,0,0,0,0,0,1,0,0,0,0,0,0,0,0
numpy_12,4,4,4,3,1,0,211,5,0,0,0,0,0,0,0,0,0,0,0,0,0,0
numpy_12,5,5,5,4,1,0,293,8,0,0,0,0,0,0,0,0,0,0,0,0,0,0
numpy_12,6,-1,-1,5,0,0,139,4,0,0,0,0,0,0,0,0,0,0,0,0,0,0
numpy_12,7,-1,-1,-1,0,0,223,6,0,0,0,0,0,0,0,0,0,0,0,0,0,0
numpy_12,8,-1,-1,-1,0,0,243,6,0,1,0,0,0,0,0,0,0,0,0,0,0,0
numpy_12,9,-1,-1,-1,0,0,570,13,0,0,1,0,0,1,0,0,0,0,0,0,0,0
numpy_12,10,-1,-1,-1,0,0,519,13,0,0,0,0,0,1,0,0,0,0,0,0,0,0
numpy_12,11,6,6,-1,1,0,1756,42,0,1,1,0,0,1,0,0,0,0,0,1,0,1
numpy_12,12,-1,-1,6,0,0,364,10,0,0,0,0,0,0,0,0,0,0,0,0,0,0
numpy_12,13,-1,-1,-1,0,0,1334,32,0,1,1,0,0,1,0,0,0,0,0,0,0,0
numpy_12,14,-1,-1,-1,0,0,1861,44,0,1,1,0,0,1,0,0,0,0,0,0,0,0
numpy_12,15,-1,-1,-1,0,0,1964,45,0,1,1,0,0,1,0,0,0,0,0,0,0,0
numpy_13,1,1,1,-1,1,0,277,10,1,0,0,0,0,0,0,0,0,0,0,0,0,0
numpy_13,2,-1,-1,1,0,0,635,16,0,0,0,0,0,0,0,1,0,0,0,0,0,0
numpy_13,3,-1,-1,-1,0,0,167,4,0,0,0,0,0,0,0,0,0,0,0,0,0,0
numpy_13,4,-1,-1,-1,0,0,43,1,0,0,0,0,0,0,0,0,0,0,0,0,0,0
numpy_13,5,-1,-1,-1,0,0,43,1,0,0,0,0,0,0,0,0,0,0,0,0,0,0
numpy_13,6,-1,-1,-1,0,0,1173,31,0,0,0,0,0,0,0,0,0,0,0,0,0,0
numpy_13,7,-1,-1,-1,0,0,1043,26,0,0,0,0,0,0,0,0,0,0,0,0,0,0
numpy_13,8,-1,-1,-1,0,0,470,12,0,0,0,0,0,0,0,0,0,0,0,0,0,0
numpy_13,9,-1,-1,-1,0,0,538,15,0,0,0,0,0,0,0,0,0,0,0,0,0,0
numpy_13,10,-1,-1,-1,0,0,907,26,0,0,0,0,0,0,0,0,0,0,0,0,0,0
numpy_13,11,-1,-1,-1,0,0,204,5,0,0,0,0,0,0,0,0,0,0,0,0,0,0
numpy_13,12,-1,-1,-1,0,0,32,2,1,0,0,0,0,0,0,0,0,0,0,0,0,0
numpy_13,13,-1,-1,-1,0,0,914,26,0,0,0,0,0,0,0,0,0,0,0,0,0,0
numpy_13,14,-1,-1,-1,0,0,271,12,0,0,0,0,0,0,0,1,0,0,0,0,0,0
numpy_13,15,-1,-1,-1,0,0,174,4,0,0,0,0,0,0,0,0,0,0,0,0,0,0
numpy_13,16,-1,-1,-1,0,0,285,6,1,0,0,0,0,1,0,1,0,0,0,0,0,0
numpy_13,17,-1,-1,-1,0,0,174,4,0,0,0,0,0,0,0,0,0,0,0,0,0,0
numpy_13,18,-1,-1,-1,0,0,199,5,0,0,0,0,0,0,0,0,0,0,0,0,0,0
numpy_13,19,-1,-1,-1,0,0,9,1,0,0,0,0,0,0,0,0,0,0,0,0,0,0
numpy_13,20,-1,-1,-1,0,0,119,3,0,0,0,0,0,0,0,0,0,0,0,0,0,0
numpy_13,21,-1,-1,-1,0,0,10,1,0,0,0,0,0,0,0,0,0,0,0,0,0,0
numpy_13,22,-1,-1,-1,0,0,85,2,0,0,0,0,0,0,0,0,0,0,0,0,0,0
numpy_13,23,-1,-1,-1,0,0,125,2,0,0,0,0,0,0,0,0,0,0,0,0,0,0
numpy_13,24,-1,-1,-1,0,0,371,9,1,0,0,0,0,0,0,0,0,0,0,0,0,0
numpy_13,25,-1,-1,-1,0,0,31,1,0,0,0,0,0,0,0,1,0,0,0,0,0,0
numpy_13,26,-1,-1,-1,0,0,463,9,0,0,0,0,0,0,0,0,0,0,0,0,0,0
numpy_13,27,-1,-1,-1,0,0,24,1,0,0,0,0,0,0,0,1,0,0,0,0,0,0
numpy_13,28,2,2,-1,1,0,611,21,1,0,0,0,0,0,1,0,0,0,0,0,0,0
numpy_13,29,-1,-1,2,0,0,9,1,0,0,0,0,0,0,0,0,0,0,0,0,0,0
numpy_13,30,-1,-1,-1,0,0,64,2,0,0,0,0,0,0,0,0,0,0,0,0,0,0
numpy_13,31,-1,-1,-1,0,0,312,8,0,0,0,0,0,0,1,1,0,0,0,0,0,0
numpy_13,32,3,3,-1,1,0,691,18,0,0,0,0,0,0,0,0,0,0,0,1,0,1
numpy_13,33,4,4,3,1,0,40,1,0,0,0,0,0,0,0,0,0,0,0,0,0,0
numpy_13,34,-1,-1,4,0,0,214,8,0,0,0,0,0,0,0,0,0,0,0,0,0,0
numpy_13,35,-1,5,-1,0,0,7,1,0,0,0,0,0,0,0,0,0,0,0,0,1,1
numpy_13,36,-1,-1,-1,0,0,5,1,0,0,0,0,0,0,0,0,0,0,0,0,0,0
numpy_13,37,-1,-1,-1,0,0,588,19,0,0,0,0,0,0,0,0,0,0,0,0,0,0
numpy_13,38,-1,-1,-1,0,0,124,2,0,0,0,0,0,0,0,0,0,0,0,0,0,0
numpy_13,39,-1,-1,-1,0,0,104,2,0,0,0,0,0,0,0,0,0,0,0,0,0,0
numpy_13,40,-1,-1,-1,0,0,136,3,0,0,0,0,0,0,0,0,0,0,0,0,0,0
numpy_13,41,-1,-1,-1,0,0,611,13,0,0,0,0,0,0,0,0,0,0,0,0,0,0
numpy_13,42,-1,-1,-1,0,0,436,6,0,0,0,0,0,0,0,0,0,0,0,0,0,0
numpy_13,43,-1,-1,-1,0,0,201,5,0,1,1,0,0,0,0,0,0,0,0,0,0,0
numpy_13,44,-1,-1,-1,0,0,155,7,0,0,0,0,0,0,0,0,0,0,0,0,0,0
numpy_14,1,1,1,-1,1,0,977,19,1,0,0,0,0,0,0,0,0,0,0,0,0,0
numpy_14,2,2,2,1,1,0,19,1,0,0,0,0,0,0,0,0,0,0,0,0,0,0
numpy_14,3,3,3,2,1,0,42,1,0,0,0,0,0,0,0,0,0,0,0,0,0,0
numpy_14,4,4,4,3,1,0,59,3,0,0,0,0,0,0,0,0,0,0,0,0,0,0
numpy_14,5,5,5,4,1,0,815,22,0,0,0,0,0,0,0,0,0,0,0,0,0,0
numpy_14,6,6,6,5,1,0,420,14,0,0,0,0,0,0,0,0,0,0,0,0,0,0
numpy_14,7,7,7,6,1,0,440,15,0,0,0,0,0,0,0,0,0,0,0,0,0,0
numpy_14,8,8,8,7,1,0,837,17,0,0,0,0,0,0,0,0,0,0,0,0,0,0
numpy_14,9,9,9,8,1,0,227,3,0,1,0,0,0,0,0,0,0,0,0,1,0,1
numpy_14,10,-1,-1,9,0,0,223,7,0,0,0,0,0,0,0,0,0,0,0,0,0,0
numpy_14,11,-1,-1,-1,0,0,208,7,0,0,0,0,0,0,0,0,0,0,0,0,0,0
numpy_14,12,10,10,-1,1,0,222,2,0,1,0,0,0,0,0,0,0,0,0,1,0,1
numpy_14,13,-1,-1,10,0,0,221,7,0,0,0,0,0,0,0,0,0,0,0,0,0,0
numpy_14,14,-1,-1,-1,0,0,206,7,0,0,0,0,0,0,0,0,0,0,0,0,0,0
numpy_14,15,11,11,-1,1,0,1171,44,1,0,0,0,0,0,0,0,0,0,0,0,0,0
numpy_14,16,12,12,11,1,0,505,9,0,0,0,0,0,0,0,0,0,0,0,0,0,0
numpy_14,17,13,13,12,1,0,194,2,0,1,0,0,0,0,0,0,0,0,0,1,0,1
numpy_14,18,-1,-1,13,0,0,233,7,0,0,0,0,0,0,0,0,0,0,0,0,0,0
numpy_14,19,-1,-1,-1,0,0,218,7,0,0,0,0,0,0,0,0,0,0,0,0,0,0
numpy_14,20,14,14,-1,1,0,236,4,0,0,0,0,0,0,0,0,0,0,0,0,0,0
numpy_14,21,15,15,14,1,0,169,5,0,0,1,0,0,0,0,0,0,0,0,0,0,0
numpy_14,22,-1,-1,15,0,0,58,1,0,0,0,0,0,0,0,0,0,0,0,0,0,0
numpy_14,23,16,16,-1,1,0,505,13,0,0,1,0,0,0,0,0,0,0,0,1,0,1
numpy_14,24,-1,17,16,0,0,87,1,0,0,0,0,0,0,0,0,0,0,0,0,1,1
numpy_14,25,-1,-1,-1,0,0,1181,51,0,0,0,0,0,0,0,0,0,0,0,0,0,0
numpy_14,26,-1,-1,-1,0,0,78,1,0,0,0,0,0,0,0,0,0,0,0,0,0,0
numpy_14,27,-1,-1,-1,0,0,494,11,0,0,0,0,0,0,0,0,0,0,0,0,0,0
numpy_14,28,-1,-1,-1,0,0,503,18,0,0,1,0,0,0,0,0,0,0,0,0,0,0
numpy_15,1,1,1,-1,1,0,271,9,1,0,0,0,0,0,1,0,0,0,0,0,0,0
numpy_15,2,2,2,1,1,0,38,1,0,0,0,0,0,0,0,1,0,1,0,0,0,0
numpy_15,3,-1,-1,2,0,0,9,1,0,0,0,0,0,0,0,0,0,0,0,0,0,0
numpy_15,4,-1,-1,-1,0,0,13,1,0,0,0,0,0,0,0,0,0,0,0,0,0,0
numpy_15,5,-1,-1,-1,0,0,9,1,0,0,0,0,0,0,0,0,0,0,0,0,0,0
numpy_15,6,3,3,-1,1,0,81,3,0,0,0,0,0,0,0,0,0,0,0,0,0,0
numpy_15,7,-1,-1,3,0,0,5,1,0,0,0,0,0,0,0,0,0,0,0,0,0,0
numpy_15,8,-1,-1,-1,0,0,37,1,0,0,0,0,0,0,0,0,0,0,0,0,0,0
numpy_15,9,-1,-1,-1,0,0,26,1,0,0,0,0,0,0,0,1,0,0,0,0,0,0
numpy_15,10,4,4,-1,1,0,126,2,0,0,0,0,0,0,0,1,0,0,1,0,0,0
numpy_15,11,5,5,4,1,0,46,1,0,0,0,0,0,0,0,1,0,0,0,0,0,0
numpy_15,12,-1,-1,5,0,0,15,1,0,0,0,0,0,0,0,0,0,0,0,0,0,0
numpy_15,13,-1,-1,-1,0,0,45,1,0,0,0,0,0,0,0,0,0,0,0,0,0,0
numpy_15,14,-1,-1,-1,0,0,65,1,0,0,0,0,0,0,0,0,0,0,0,0,0,0
numpy_15,15,6,6,-1,1,0,163,2,0,0,0,0,0,0,0,1,0,0,0,0,0,0
numpy_15,16,7,7,6,1,0,115,1,0,0,0,1,0,0,0,1,0,0,0,0,0,0
numpy_15,17,-1,-1,7,0,0,45,1,0,0,0,0,0,0,0,0,0,0,0,0,0,0
numpy_15,18,8,8,-1,1,0,81,1,0,0,0,0,0,0,0,1,0,0,1,0,0,0
numpy_15,19,-1,-1,8,0,0,15,1,0,0,0,0,0,0,0,0,0,0,0,0,0,0
numpy_15,20,9,9,-1,1,0,281,7,0,0,0,1,0,1,1,0,0,0,0,0,0,0
numpy_15,21,10,10,9,1,0,86,4,0,0,0,0,0,0,0,0,0,0,0,0,0,0
numpy_15,22,-1,-1,10,0,0,74,2,0,0,0,0,0,0,0,0,0,0,0,0,0,0
numpy_15,23,11,11,-1,1,0,95,4,0,0,0,0,0,0,0,0,0,0,0,0,0,0
numpy_15,24,12,12,11,1,0,96,3,0,0,0,0,0,0,0,0,0,0,0,0,0,0
numpy_15,25,13,13,12,1,0,428,16,0,0,0,0,0,0,0,0,0,0,0,0,0,0
numpy_15,26,14,14,13,1,0,1097,44,0,0,0,0,0,0,0,0,0,0,0,1,0,1
numpy_15,27,15,15,14,1,0,598,22,0,0,0,0,0,0,0,0,0,0,0,0,0,0
numpy_15,28,16,16,15,1,0,179,6,0,0,0,0,0,0,0,0,0,0,0,0,0,0
numpy_15,29,17,17,16,1,0,763,23,0,0,0,0,0,0,0,0,0,0,0,0,0,0
numpy_15,30,-1,18,17,0,0,123,5,0,0,0,0,0,0,0,0,0,0,0,0,1,1
numpy_15,31,-1,-1,-1,0,0,51,1,1,0,0,0,0,0,0,0,0,0,0,0,0,0
numpy_15,32,-1,-1,-1,0,0,26,1,0,0,0,0,0,0,0,0,0,0,0,0,0,0
numpy_15,33,-1,-1,-1,0,0,27,1,0,1,0,0,0,0,0,0,0,0,0,0,0,0
numpy_15,34,-1,-1,-1,0,0,33,1,0,0,0,0,0,0,0,0,0,0,0,0,0,0
numpy_15,35,-1,-1,-1,0,0,28,1,0,0,1,0,0,0,0,0,0,0,0,0,0,0
numpy_15,36,-1,-1,-1,0,0,75,1,0,0,0,0,0,0,0,0,0,0,0,0,0,0
numpy_15,37,-1,-1,-1,0,0,0,0,0,0,0,0,0,0,0,0,0,0,0,0,0,0
numpy_2,1,-1,-1,-1,0,0,930,17,1,0,0,0,0,0,0,1,0,1,0,0,0,0
numpy_2,2,1,1,-1,1,0,92,4,1,0,0,0,0,0,0,0,0,0,0,0,0,0
numpy_2,3,2,2,1,1,0,39,1,0,0,0,0,0,0,0,1,0,1,0,0,0,0
numpy_2,4,-1,-1,2,0,0,10,1,0,0,0,0,0,0,0,0,0,0,0,0,0,0
numpy_2,5,-1,-1,-1,0,0,59,1,0,0,0,0,0,0,0,1,0,0,0,0,0,0
numpy_2,6,-1,-1,-1,0,0,10,1,0,0,0,0,0,0,0,0,0,0,0,0,0,0
numpy_2,7,-1,-1,-1,0,0,21,1,0,0,0,0,0,0,0,0,0,0,0,0,0,0
numpy_2,8,-1,-1,-1,0,0,97,1,0,0,0,0,0,0,0,0,0,0,0,0,0,0
numpy_2,9,-1,-1,-1,0,0,72,1,0,0,0,1,0,0,0,0,0,0,0,0,0,0
numpy_2,10,3,3,-1,1,0,103,2,0,0,0,1,0,0,0,0,0,0,0,0,0,0
numpy_2,11,-1,-1,3,0,0,0,0,0,0,0,0,0,0,0,0,0,0,0,0,0,0
numpy_2,12,-1,-1,-1,0,0,1,1,0,0,0,0,0,0,0,0,0,0,0,0,0,0
numpy_2,13,-1,-1,-1,0,0,1,1,0,0,0,0,0,0,0,0,0,0,0,0,0,0
numpy_2,14,-1,-1,-1,0,0,7,1,0,0,0,0,0,0,0,0,0,0,0,0,0,0
numpy_2,15,4,4,-1,1,0,132,2,1,0,0,0,0,0,1,0,0,0,0,0,0,0
numpy_2,16,-1,-1,4,0,0,7,1,0,0,0,0,0,0,0,0,0,0,0,0,0,0
numpy_2,17,-1,-1,-1,0,0,7,1,0,0,0,0,0,0,0,0,0,0,0,0,0,0
numpy_2,18,-1,-1,-1,0,0,6,1,0,0,0,0,0,0,0,0,0,0,0,0,0,0
numpy_2,19,-1,-1,-1,0,0,6,1,0,0,0,0,0,0,0,0,0,0,0,0,0,0
numpy_2,20,-1,-1,-1,0,0,60,1,0,0,0,0,0,0,0,0,0,0,0,0,0,0
numpy_2,21,5,5,-1,1,0,38,1,0,0,0,0,0,0,0,0,0,0,0,1,0,1
numpy_2,22,-1,-1,5,0,0,16,1,0,0,0,0,0,0,0,0,0,0,0,0,0,0
numpy_2,23,-1,-1,-1,0,0,123,2,0,0,0,0,0,0,0,0,0,0,0,0,0,0
numpy_2,24,-1,-1,-1,0,0,42,1,0,0,0,0,0,0,0,0,0,0,0,0,0,0
numpy_2,25,-1,-1,-1,0,0,72,1,0,0,0,1,0,0,0,0,0,0,0,0,0,0
numpy_2,26,-1,-1,-1,0,0,17,1,0,0,0,0,0,0,0,0,0,0,0,0,0,0
numpy_2,27,-1,-1,-1,0,0,82,2,0,0,0,0,0,0,0,0,0,0,0,0,0,0
numpy_2,28,-1,-1,-1,0,0,31,1,0,0,0,0,0,0,0,0,0,0,0,0,0,0
numpy_2,29,-1,-1,-1,0,0,67,2,0,0,0,0,0,0,0,0,0,0,0,0,0,0
numpy_2,30,-1,-1,-1,0,0,79,3,0,0,0,0,0,0,0,0,0,0,0,0,0,0
numpy_2,31,-1,-1,-1,0,0,67,2,0,0,0,0,0,0,0,0,0,0,0,0,0,0
numpy_2,32,-1,-1,-1,0,0,81,3,0,0,0,0,0,0,0,0,0,0,0,0,0,0
numpy_2,33,-1,-1,-1,0,0,65,2,0,0,0,0,0,0,0,0,0,0,0,0,0,0
numpy_2,34,-1,-1,-1,0,0,77,3,0,0,0,0,0,0,0,0,0,0,0,0,0,0
numpy_2,35,-1,-1,-1,0,0,66,2,0,0,0,0,0,0,0,0,0,0,0,0,0,0
numpy_2,36,-1,-1,-1,0,0,76,3,0,0,0,0,0,0,0,0,0,0,0,0,0,0
numpy_2,37,-1,-1,-1,0,0,68,2,0,0,0,0,0,0,0,0,0,0,0,0,0,0
numpy_2,38,-1,-1,-1,0,0,84,3,0,0,0,0,0,0,0,0,0,0,0,0,0,0
numpy_2,39,-1,-1,-1,0,0,65,2,0,0,0,0,0,0,0,0,0,0,0,0,0,0
numpy_2,40,-1,-1,-1,0,0,81,3,0,0,0,0,0,0,0,0,0,0,0,0,0,0
numpy_2,41,-1,-1,-1,0,0,63,2,0,0,0,0,0,0,0,0,0,0,0,0,0,0
numpy_2,42,-1,-1,-1,0,0,73,3,0,0,0,0,0,0,0,0,0,0,0,0,0,0
numpy_2,43,-1,-1,-1,0,0,61,2,0,0,0,0,0,0,0,0,0,0,0,0,0,0
numpy_2,44,-1,-1,-1,0,0,71,3,0,0,0,0,0,0,0,0,0,0,0,0,0,0
numpy_2,45,-1,-1,-1,0,0,66,2,0,0,0,0,0,0,0,0,0,0,0,0,0,0
numpy_2,46,-1,-1,-1,0,0,76,3,0,0,0,0,0,0,0,0,0,0,0,0,0,0
numpy_2,47,-1,-1,-1,0,0,67,2,0,0,0,0,0,0,0,0,0,0,0,0,0,0
numpy_2,48,-1,-1,-1,0,0,83,3,0,0,0,0,0,0,0,0,0,0,0,0,0,0
numpy_2,49,-1,-1,-1,0,0,70,2,0,0,0,0,0,0,0,0,0,0,0,0,0,0
numpy_2,50,-1,-1,-1,0,0,86,3,0,0,0,0,0,0,0,0,0,0,0,0,0,0
numpy_2,51,-1,-1,-1,0,0,65,2,0,0,0,0,0,0,0,0,0,0,0,0,0,0
numpy_2,52,-1,-1,-1,0,0,77,3,0,0,0,0,0,0,0,0,0,0,0,0,0,0
numpy_2,53,-1,-1,-1,0,0,69,2,0,0,0,0,0,0,0,0,0,0,0,0,0,0
numpy_2,54,-1,-1,-1,0,0,81,3,0,0,0,0,0,0,0,0,0,0,0,0,0,0
numpy_2,55,-1,-1,-1,0,0,33,1,0,0,0,0,0,0,0,0,0,0,0,0,0,0
numpy_2,56,-1,-1,-1,0,0,276,7,1,1,0,0,0,0,0,0,0,0,0,0,0,0
numpy_2,57,-1,-1,-1,0,0,180,4,0,0,1,0,0,0,0,0,0,0,0,0,0,0
numpy_2,58,-1,-1,-1,0,0,0,0,0,0,0,0,0,0,0,0,0,0,0,0,0,0
numpy_2,59,-1,-1,-1,0,0,0,0,0,0,0,0,0,0,0,0,0,0,0,0,0,0
numpy_2,60,-1,-1,-1,0,0,0,0,0,0,0,0,0,0,0,0,0,0,0,0,0,0
numpy_2,61,-1,-1,-1,0,0,0,0,0,0,0,0,0,0,0,0,0,0,0,0,0,0
numpy_2,62,-1,-1,-1,0,0,0,0,0,0,0,0,0,0,0,0,0,0,0,0,0,0
numpy_2,63,-1,-1,-1,0,0,0,0,0,0,0,0,0,0,0,0,0,0,0,0,0,0
numpy_2,64,-1,-1,-1,0,0,0,0,0,0,0,0,0,0,0,0,0,0,0,0,0,0
numpy_2,65,-1,-1,-1,0,0,0,0,0,0,0,0,0,0,0,0,0,0,0,0,0,0
numpy_2,66,-1,-1,-1,0,0,0,0,0,0,0,0,0,0,0,0,0,0,0,0,0,0
numpy_2,67,-1,-1,-1,0,0,0,0,0,0,0,0,0,0,0,0,0,0,0,0,0,0
numpy_2,68,-1,-1,-1,0,0,0,0,0,0,0,0,0,0,0,0,0,0,0,0,0,0
numpy_2,69,-1,-1,-1,0,0,0,0,0,0,0,0,0,0,0,0,0,0,0,0,0,0
numpy_2,70,-1,-1,-1,0,0,0,0,0,0,0,0,0,0,0,0,0,0,0,0,0,0
numpy_2,71,-1,-1,-1,0,0,0,0,0,0,0,0,0,0,0,0,0,0,0,0,0,0
numpy_2,72,-1,-1,-1,0,0,0,0,0,0,0,0,0,0,0,0,0,0,0,0,0,0
numpy_2,73,-1,-1,-1,0,0,0,0,0,0,0,0,0,0,0,0,0,0,0,0,0,0
numpy_2,74,-1,-1,-1,0,0,0,0,0,0,0,0,0,0,0,0,0,0,0,0,0,0
numpy_2,75,-1,-1,-1,0,0,0,0,0,0,0,0,0,0,0,0,0,0,0,0,0,0
numpy_2,76,-1,-1,-1,0,0,0,0,0,0,0,0,0,0,0,0,0,0,0,0,0,0
numpy_2,77,-1,-1,-1,0,0,0,0,0,0,0,0,0,0,0,0,0,0,0,0,0,0
numpy_2,78,-1,-1,-1,0,0,0,0,0,0,0,0,0,0,0,0,0,0,0,0,0,0
numpy_2,79,-1,-1,-1,0,0,0,0,0,0,0,0,0,0,0,0,0,0,0,0,0,0
numpy_3,1,1,1,-1,1,0,310,12,1,0,0,0,0,0,0,0,0,0,0,0,0,0
numpy_3,2,2,2,1,1,0,41,2,0,0,0,0,0,0,0,1,0,1,0,0,0,0
numpy_3,3,-1,-1,2,0,0,70,1,0,0,0,1,0,0,0,1,0,0,0,0,0,0
numpy_3,4,-1,-1,-1,0,0,70,1,0,0,0,1,0,0,0,1,0,0,0,0,0,0
numpy_3,5,3,3,-1,1,0,80,2,0,0,0,0,0,0,0,0,0,0,0,0,0,0
numpy_3,6,-1,-1,3,0,0,99,2,0,0,0,0,0,0,0,0,0,0,0,0,0,0
numpy_3,7,-1,-1,-1,0,0,96,2,0,0,0,0,0,0,0,0,0,0,0,0,0,0
numpy_3,8,-1,-1,-1,0,0,403,16,0,0,0,0,0,0,0,0,0,0,0,0,0,0
numpy_3,9,4,4,-1,1,0,875,30,0,0,0,0,0,0,0,1,0,0,0,1,0,1
numpy_3,10,-1,-1,4,0,0,679,26,1,0,0,0,0,0,0,0,0,0,0,0,0,0
numpy_3,11,-1,-1,-1,0,0,220,6,0,0,0,1,0,0,0,0,0,0,0,0,0,0
numpy_3,12,-1,-1,-1,0,0,280,11,0,0,0,0,0,0,0,0,0,0,0,0,0,0
numpy_3,13,-1,-1,-1,0,0,1160,33,1,0,0,0,0,0,0,1,0,0,1,0,0,0
numpy_3,14,-1,-1,-1,0,0,233,5,0,0,0,0,0,0,0,0,0,0,0,0,0,0
numpy_3,15,-1,-1,-1,0,0,390,11,1,0,0,0,0,0,1,0,0,0,0,0,0,0
numpy_3,16,-1,-1,-1,0,0,282,6,0,0,0,1,0,0,0,1,0,1,1,0,0,0
numpy_3,17,-1,-1,-1,0,0,875,26,0,0,0,0,0,0,0,1,0,0,0,0,0,0
numpy_3,18,-1,-1,-1,0,0,1389,40,1,0,0,0,0,0,1,0,0,0,0,0,0,0
numpy_3,19,-1,-1,-1,0,0,1422,44,1,0,1,0,0,0,0,0,0,0,0,0,0,0
numpy_3,20,-1,-1,-1,0,0,967,29,0,0,0,0,0,0,0,0,0,0,0,0,0,0
numpy_3,21,-1,-1,-1,0,0,742,19,1,1,0,0,0,0,0,0,0,0,0,0,0,0
numpy_3,22,-1,-1,-1,0,0,327,9,1,1,0,0,0,0,1,0,0,0,0,0,0,0
numpy_3,23,-1,-1,-1,0,0,309,15,0,0,0,0,0,0,0,0,0,0,0,0,0,0
numpy_3,24,-1,-1,-1,0,0,123,2,0,0,0,0,0,0,0,0,0,0,0,0,0,0
numpy_3,25,-1,-1,-1,0,0,360,9,1,1,0,0,0,0,1,0,0,0,0,0,0,0
numpy_3,26,-1,-1,-1,0,0,321,15,0,0,0,0,0,0,0,0,0,0,0,0,0,0
numpy_3,27,-1,-1,-1,0,0,119,2,0,0,0,0,0,0,0,0,0,0,0,0,0,0
numpy_3,28,-1,-1,-1,0,0,381,9,1,1,0,0,0,0,1,0,0,0,0,0,0,0
numpy_3,29,-1,-1,-1,0,0,321,15,0,0,0,0,0,0,0,0,0,0,0,0,0,0
numpy_3,30,-1,-1,-1,0,0,119,2,0,0,0,0,0,0,0,0,0,0,0,0,0,0
numpy_3,31,-1,-1,-1,0,0,643,14,1,0,0,1,0,0,0,1,0,0,0,0,0,0
numpy_4,1,1,1,-1,1,0,793,23,1,0,0,0,0,0,0,0,0,0,0,0,0,0
numpy_4,2,-1,-1,1,0,0,114,3,0,0,0,0,0,0,0,0,0,0,0,0,0,0
numpy_4,3,-1,-1,-1,0,0,121,2,0,0,0,0,0,0,0,0,0,0,0,0,0,0
numpy_4,4,-1,-1,-1,0,0,60,1,0,0,0,0,0,0,0,0,0,0,0,0,0,0
numpy_4,5,2,2,-1,1,0,346,8,0,0,0,0,0,0,0,0,0,0,0,0,0,0
numpy_4,6,3,3,2,1,0,399,5,0,0,0,0,0,0,0,0,0,0,0,0,0,0
numpy_4,7,4,4,3,1,0,401,5,0,0,0,0,0,0,0,0,0,0,0,0,0,0
numpy_4,8,-1,-1,4,0,0,27,1,0,0,0,0,0,0,0,0,0,0,0,0,0,0
numpy_4,9,-1,-1,-1,0,0,24,1,1,0,0,0,0,0,0,0,0,0,0,0,0,0
numpy_4,10,-1,-1,-1,0,0,90,2,0,0,0,0,0,0,0,0,0,0,0,0,0,0
numpy_4,11,-1,-1,-1,0,0,184,5,0,0,0,0,0,0,0,0,0,0,0,0,0,0
numpy_4,12,-1,-1,-1,0,0,0,0,0,0,0,0,0,0,0,0,0,0,0,0,0,0
numpy_4,13,-1,-1,-1,0,0,0,0,0,0,0,0,0,0,0,0,0,0,0,0,0,0
numpy_4,14,5,5,-1,1,0,139,5,0,0,0,0,0,0,0,0,0,0,0,0,0,0
numpy_4,15,6,6,5,1,0,57,2,0,0,0,0,0,0,0,0,0,0,0,0,0,0
numpy_4,16,-1,-1,6,0,0,20,1,0,0,0,0,0,0,0,0,0,0,0,0,0,0
numpy_4,17,7,7,-1,1,0,460,17,0,0,0,0,0,0,0,0,0,0,0,0,0,0
numpy_4,18,-1,-1,7,0,0,15,1,0,0,0,0,0,0,0,0,0,0,0,0,0,0
numpy_4,19,8,8,-1,1,0,220,7,0,0,0,0,0,0,0,0,0,0,0,0,0,0
numpy_4,20,9,9,8,1,0,538,17,0,0,0,0,0,0,0,0,0,0,0,0,0,0
numpy_4,21,-1,-1,9,0,0,0,0,0,0,0,0,0,0,0,0,0,0,0,0,0,0
numpy_4,22,10,10,-1,1,0,217,5,0,1,0,0,0,0,0,0,0,0,0,0,0,0
numpy_4,23,11,11,10,1,0,36,1,0,0,0,0,0,0,0,0,0,0,0,0,0,0
numpy_4,24,12,12,11,1,0,484,13,1,0,1,0,0,0,0,0,0,0,0,1,0,1
numpy_4,25,-1,-1,12,0,0,44,1,1,0,0,0,0,0,0,0,0,0,0,1,0,1
numpy_4,26,-1,-1,-1,0,0,84,1,0,0,0,0,0,0,0,0,0,0,0,0,0,0
numpy_4,27,-1,-1,-1,0,0,233,7,0,0,0,0,0,0,0,0,0,0,0,0,0,0
numpy_4,28,-1,-1,-1,0,0,229,7,0,0,0,0,0,0,0,0,0,0,0,0,0,0
numpy_4,29,-1,-1,-1,0,0,319,4,0,0,0,0,0,0,0,0,0,0,0,0,0,0
numpy_4,30,-1,-1,-1,0,0,1108,37,0,0,0,0,0,0,0,0,0,0,0,0,0,0
numpy_4,31,-1,-1,-1,0,0,112,3,0,0,0,0,0,0,0,0,0,0,0,0,0,0
numpy_4,32,-1,-1,-1,0,0,129,4,0,0,1,0,0,0,0,0,0,0,0,0,0,0
numpy_4,33,-1,-1,-1,0,0,48,2,0,0,0,0,0,0,0,0,0,0,0,0,0,0
numpy_4,34,-1,-1,-1,0,0,40,1,0,0,0,0,0,0,0,0,0,0,0,0,0,0
numpy_4,35,-1,-1,-1,0,0,50,1,1,0,0,0,0,0,0,0,0,0,0,0,0,0
numpy_4,36,-1,-1,-1,0,0,264,6,0,0,0,0,0,0,0,0,0,0,0,0,0,0
numpy_4,37,-1,-1,-1,0,0,0,0,0,0,0,0,0,0,0,0,0,0,0,1,0,1
numpy_4,38,-1,-1,-1,0,0,0,0,0,0,0,0,0,0,0,0,0,0,0,0,0,0
numpy_4,39,-1,-1,-1,0,0,0,0,0,0,0,0,0,0,0,0,0,0,0,0,0,0
numpy_4,40,-1,-1,-1,0,0,0,0,0,0,0,0,0,0,0,0,0,0,0,0,0,0
numpy_4,41,-1,-1,-1,0,0,518,20,0,0,1,0,0,0,0,0,0,0,0,0,0,0
numpy_4,42,-1,-1,-1,0,0,0,0,0,0,0,0,0,0,0,0,0,0,0,0,0,0
numpy_4,43,-1,-1,-1,0,0,501,19,0,0,1,0,0,0,0,0,0,0,0,0,0,0
numpy_5,1,1,1,-1,1,0,551,16,1,0,0,0,0,0,0,0,0,0,0,0,0,0
numpy_5,2,2,2,1,1,0,1940,60,0,0,0,0,0,0,0,0,0,0,0,0,0,0
numpy_5,3,-1,-1,2,0,0,0,0,0,0,0,0,0,0,0,0,0,0,0,0,0,0
numpy_5,4,3,3,-1,1,0,11869,312,0,0,0,0,1,0,0,0,0,0,0,0,0,0
numpy_5,5,4,4,3,1,0,194,3,0,0,0,0,0,0,0,0,0,0,0,0,0,0
numpy_5,6,5,5,4,1,0,1402,33,0,0,0,0,0,0,0,0,0,0,0,0,0,0
numpy_5,7,6,6,5,1,0,57,1,0,0,0,0,0,0,0,0,0,0,0,1,0,1
numpy_5,8,-1,-1,6,0,0,12,1,0,0,0,0,0,0,0,0,0,0,0,0,0,0
numpy_5,9,-1,-1,-1,0,0,28,1,0,0,0,0,0,0,0,0,0,0,0,0,0,0
numpy_5,10,-1,-1,-1,0,0,37,2,0,0,0,0,0,0,0,0,0,0,0,0,0,0
numpy_5,11,-1,-1,-1,0,0,221,10,0,0,0,0,0,0,0,0,0,0,0,0,0,0
numpy_5,12,-1,-1,-1,0,0,807,18,1,0,0,0,0,0,0,0,0,0,0,0,0,0
numpy_5,13,-1,-1,-1,0,0,807,18,1,0,0,0,0,0,0,0,0,0,0,0,0,0
numpy_5,14,-1,-1,-1,0,0,872,15,0,0,0,0,0,0,0,0,0,0,0,0,0,0
numpy_5,15,-1,-1,-1,0,0,0,0,0,0,0,0,0,0,0,0,0,0,0,0,0,0
numpy_6,1,1,1,-1,1,0,391,11,1,0,0,0,0,0,1,0,0,0,0,0,0,0
numpy_6,2,2,2,1,1,0,237,7,1,0,0,0,0,0,0,0,0,0,0,0,0,0
numpy_6,3,3,3,2,1,0,67,2,1,0,0,0,0,0,0,0,0,0,0,0,0,0
numpy_6,4,5,4,3,1,0,102,3,0,0,0,0,0,0,0,1,0,1,0,0,1,1
numpy_6,5,-1,-1,5,0,0,89,3,0,0,0,0,0,0,0,0,0,0,0,0,0,0
numpy_6,6,6,5,-1,1,0,209,4,0,0,0,0,0,0,0,0,0,0,0,0,1,1
numpy_6,7,7,6,6,1,0,131,5,0,0,0,0,0,0,0,1,0,1,0,0,1,1
numpy_6,8,-1,-1,7,0,0,19,1,0,0,0,0,0,0,0,0,0,0,0,0,0,0
numpy_6,9,-1,-1,-1,0,0,675,19,0,0,0,0,0,0,0,1,0,1,0,0,0,0
numpy_6,10,-1,-1,-1,0,0,365,7,0,0,0,1,0,0,0,0,0,0,0,0,0,0
numpy_6,11,8,7,-1,1,0,851,20,0,0,0,0,0,0,0,0,0,0,0,1,1,1
numpy_6,12,-1,-1,8,0,0,0,0,0,0,0,0,0,0,0,0,0,0,0,0,0,0
numpy_6,13,-1,-1,-1,0,0,0,0,0,0,0,0,0,0,0,0,0,0,0,0,0,0
numpy_6,14,-1,-1,-1,0,0,0,0,0,0,0,0,0,0,0,0,0,0,0,1,0,1
numpy_6,15,-1,-1,-1,0,0,0,0,0,0,0,0,0,0,0,0,0,0,0,1,0,1
numpy_6,16,-1,-1,-1,0,0,79,2,0,0,0,0,0,0,0,0,0,0,0,1,0,1
numpy_6,17,-1,-1,-1,0,0,253,9,0,0,0,0,0,0,0,0,0,0,0,1,0,1
numpy_6,18,-1,-1,-1,0,0,1206,20,0,0,0,0,0,0,0,1,0,0,0,1,0,1
numpy_6,19,-1,-1,-1,0,0,688,10,0,0,0,0,0,0,0,1,0,0,0,1,0,1
numpy_6,20,-1,-1,-1,0,0,20,1,0,0,0,0,0,0,0,0,0,0,0,1,0,1
numpy_6,21,-1,-1,-1,0,0,724,20,0,1,0,0,0,0,0,0,0,0,0,1,0,1
numpy_6,22,-1,-1,-1,0,0,202,3,0,0,0,0,0,0,1,0,0,0,0,1,0,1
numpy_6,23,-1,-1,-1,0,0,142,4,0,1,0,0,0,0,0,0,0,0,0,1,0,1
numpy_6,24,-1,-1,-1,0,0,141,3,0,0,1,0,0,0,0,0,0,0,0,1,0,1
numpy_6,25,-1,-1,-1,0,0,220,9,0,0,0,0,0,0,0,0,0,0,0,1,0,1
numpy_6,26,-1,-1,-1,0,0,243,6,0,0,0,0,0,0,0,0,0,0,0,1,0,1
numpy_7,1,1,1,-1,1,0,11137,246,1,0,0,0,0,0,0,0,0,0,0,0,0,0
numpy_7,2,-1,-1,1,0,0,32,1,0,0,0,0,0,0,0,0,0,0,0,0,0,0
numpy_7,3,2,2,-1,1,0,5070,137,1,0,0,0,0,0,0,0,0,0,0,0,0,0
numpy_7,4,3,3,2,1,0,6760,135,1,0,0,0,0,0,0,0,0,0,0,0,0,0
numpy_7,5,4,4,3,1,0,566,17,0,0,0,0,0,0,0,0,0,0,0,0,0,0
numpy_7,6,5,5,4,1,0,6663,174,1,1,1,0,0,0,0,0,0,0,0,1,0,1
numpy_7,7,-1,-1,5,0,0,0,0,0,0,0,0,0,0,0,0,0,0,0,0,0,0
numpy_8,1,1,1,-1,1,0,134,5,1,0,0,0,0,0,0,0,0,0,0,0,0,0
numpy_8,2,2,2,1,1,0,111,2,0,0,0,0,0,0,0,1,0,1,0,0,0,0
numpy_8,3,-1,-1,2,0,0,194,3,0,0,0,0,0,0,0,0,0,0,0,0,0,0
numpy_8,4,-1,-1,-1,0,0,119,2,0,0,0,0,0,0,0,0,0,0,0,0,0,0
numpy_8,5,3,3,-1,1,0,168,2,0,0,0,0,0,0,0,0,0,0,0,0,0,0
numpy_8,6,-1,-1,3,0,0,194,3,0,0,0,0,0,0,0,0,0,0,0,0,0,0
numpy_8,7,-1,-1,-1,0,0,119,2,0,0,0,0,0,0,0,0,0,0,0,0,0,0
numpy_8,8,4,4,-1,1,0,84,1,0,0,0,1,0,0,0,0,0,0,1,0,0,0
numpy_8,9,5,5,4,1,0,85,1,0,0,0,1,0,0,0,0,0,0,1,0,0,0
numpy_8,10,-1,-1,5,0,0,15,1,0,0,0,0,0,0,0,0,0,0,0,0,0,0
numpy_8,11,-1,-1,-1,0,0,14,1,0,0,0,0,0,0,0,0,0,0,0,0,0,0
numpy_8,12,-1,-1,-1,0,0,119,2,0,0,0,0,0,0,0,0,0,0,0,0,0,0
numpy_8,13,-1,-1,-1,0,0,117,2,0,0,0,0,0,0,0,0,0,0,0,0,0,0
numpy_8,14,6,6,-1,1,0,758,9,0,0,0,0,0,0,0,0,0,0,0,0,0,0
numpy_8,15,7,7,6,1,0,165,3,0,0,0,0,0,0,0,0,0,0,1,0,0,0
numpy_8,16,8,8,7,1,0,180,2,0,0,0,0,0,0,0,0,0,0,0,0,0,0
numpy_8,17,9,9,8,1,0,296,6,0,0,0,0,0,0,0,0,0,0,1,0,0,0
numpy_8,18,10,10,9,1,0,89,1,0,0,0,0,0,0,0,0,0,0,0,0,0,0
numpy_8,19,11,11,10,1,0,165,3,0,0,0,0,0,0,0,0,0,0,0,0,0,0
numpy_8,20,-1,-1,11,0,0,116,1,0,0,0,0,0,0,0,0,0,0,0,0,0,0
numpy_8,21,12,12,-1,1,0,128,2,0,0,0,0,0,0,0,1,0,0,0,0,0,0
numpy_8,22,13,13,12,1,0,129,2,0,0,0,0,0,0,0,0,0,0,1,0,0,0
numpy_8,23,14,14,13,1,0,128,2,0,0,0,0,0,0,0,1,0,0,0,0,0,0
numpy_8,24,-1,-1,14,0,0,62,1,0,0,0,0,0,0,0,0,0,0,0,0,0,0
numpy_8,25,-1,-1,-1,0,0,562,9,0,0,0,0,0,0,0,1,0,0,0,0,0,0
numpy_8,26,15,15,-1,1,0,67,1,0,0,0,0,0,0,0,0,0,0,0,0,0,0
numpy_8,27,-1,-1,15,0,0,441,11,0,0,0,0,0,0,0,1,0,0,0,0,0,0
numpy_8,28,16,16,-1,1,0,62,2,0,0,0,0,0,0,0,0,0,0,0,0,0,0
numpy_8,29,-1,-1,16,0,0,81,1,0,0,0,0,0,0,0,1,0,0,0,0,0,0
numpy_8,30,-1,-1,-1,0,0,86,2,0,0,0,0,0,0,0,0,0,0,0,0,0,0
numpy_8,31,17,17,-1,1,0,1904,11,0,0,0,0,0,0,0,0,0,0,0,0,0,0
numpy_8,32,-1,-1,17,0,0,79,1,0,0,0,0,0,0,0,1,0,0,0,0,0,0
numpy_8,33,18,18,-1,1,0,7592,64,0,0,0,0,0,0,0,0,0,0,0,0,0,0
numpy_8,34,19,19,18,1,0,109,1,0,0,0,0,0,0,0,0,0,0,0,0,0,0
numpy_8,35,20,20,19,1,0,267,2,0,0,0,0,0,1,0,0,0,0,0,0,0,0
numpy_8,36,21,21,20,1,0,273,2,0,0,0,0,0,1,0,0,0,0,0,0,0,0
numpy_8,37,22,22,21,1,0,128,2,0,0,0,0,0,0,0,1,0,0,0,0,0,0
numpy_8,38,23,23,22,1,0,466,5,0,0,0,0,0,0,0,0,0,0,1,0,0,0
numpy_8,39,-1,-1,23,0,0,61,1,0,0,0,0,0,0,0,0,0,0,0,0,0,0
numpy_8,40,24,24,-1,1,0,254,4,0,0,0,0,0,0,0,0,0,0,0,0,0,0
numpy_8,41,-1,-1,24,0,0,39,1,0,0,0,0,0,0,0,0,0,0,0,0,0,0
numpy_8,42,-1,-1,-1,0,0,119,2,0,0,0,0,0,0,0,0,0,0,0,0,0,0
numpy_8,43,-1,-1,-1,0,0,117,2,0,0,0,0,0,0,0,0,0,0,0,0,0,0
numpy_8,44,25,25,-1,1,0,57,1,0,0,0,1,0,0,0,0,0,0,1,0,0,0
numpy_8,45,-1,-1,25,0,0,41,1,0,0,0,0,0,0,0,0,0,0,0,0,0,0
numpy_8,46,26,26,-1,1,0,285,2,0,0,0,1,0,0,0,0,0,0,0,0,0,0
numpy_8,47,27,27,26,1,0,217,3,0,0,0,0,0,0,0,0,0,0,0,0,0,0
numpy_8,48,28,28,27,1,0,612,16,0,0,0,0,0,0,0,1,0,0,0,0,0,0
numpy_8,49,29,29,28,1,0,123,3,0,0,0,0,0,0,0,0,0,0,0,0,0,0
numpy_8,50,30,30,29,1,0,870,11,0,0,0,0,0,0,0,0,0,0,0,0,0,0
numpy_8,51,31,31,30,1,0,396,9,1,0,0,0,0,0,1,0,0,0,0,0,0,0
numpy_8,52,-1,-1,31,0,0,26,1,0,0,0,0,0,0,0,0,0,0,0,0,0,0
numpy_8,53,32,32,-1,1,0,117,2,0,0,0,0,0,1,0,0,0,0,0,0,0,0
numpy_8,54,33,33,32,1,0,68,1,0,0,0,0,0,1,0,0,0,0,0,0,0,0
numpy_8,55,-1,-1,33,0,0,75,2,0,0,0,1,0,0,0,0,0,0,0,0,0,0
numpy_8,56,-1,-1,-1,0,0,100,1,0,0,0,0,0,0,1,0,0,0,0,0,0,0
numpy_8,57,-1,-1,-1,0,0,791,17,0,0,1,0,0,0,0,0,0,0,0,0,0,0
numpy_8,58,-1,-1,-1,0,0,825,9,0,0,0,0,0,0,0,0,0,0,0,0,0,0
numpy_8,59,-1,-1,-1,0,0,24,1,0,1,0,0,0,0,0,0,0,0,0,0,0,0
numpy_8,60,-1,-1,-1,0,0,18,1,0,0,0,0,0,0,0,0,0,0,0,0,0,0
numpy_8,61,-1,-1,-1,0,0,128,5,0,1,0,0,0,0,0,0,0,0,0,0,0,0
numpy_8,62,-1,-1,-1,0,0,226,7,0,0,0,0,0,0,0,0,0,0,0,0,0,0
numpy_8,63,-1,-1,-1,0,0,34,1,0,0,0,0,0,0,0,0,0,0,0,0,0,0
numpy_8,64,-1,-1,-1,0,0,851,13,0,1,0,0,0,0,0,0,0,0,0,0,0,0
numpy_8,65,-1,-1,-1,0,0,34,1,0,0,0,0,0,0,0,0,0,0,0,0,0,0
numpy_8,66,-1,-1,-1,0,0,20,1,0,0,0,0,0,0,0,0,0,0,0,0,0,0
numpy_8,67,-1,-1,-1,0,0,587,5,0,0,0,0,0,0,0,0,0,0,0,0,0,0
numpy_8,68,-1,-1,-1,0,0,128,5,0,1,0,0,0,0,0,0,0,0,0,0,0,0
numpy_8,69,-1,-1,-1,0,0,226,7,0,0,0,0,0,0,0,0,0,0,0,0,0,0
numpy_8,70,-1,-1,-1,0,0,35,1,0,0,0,0,0,0,0,0,0,0,0,0,0,0
numpy_8,71,-1,-1,-1,0,0,348,11,0,0,0,1,0,0,0,0,0,0,0,0,0,0
numpy_8,72,34,34,-1,1,0,1344,38,1,1,1,1,0,1,1,1,0,0,0,0,0,0
numpy_8,73,-1,-1,34,0,0,854,33,1,1,0,1,0,1,0,0,0,0,0,0,0,0
numpy_8,74,-1,-1,-1,0,0,117,2,0,0,0,0,0,0,0,0,0,0,0,0,0,0
numpy_8,75,-1,-1,-1,0,0,146,6,1,1,0,0,0,0,0,0,0,0,0,0,0,0
numpy_8,76,-1,-1,-1,0,0,48,1,0,0,0,0,0,0,0,0,0,0,0,0,0,0
numpy_8,77,-1,-1,-1,0,0,80,4,0,0,0,0,0,0,0,0,0,0,0,0,0,0
numpy_8,78,-1,-1,-1,0,0,115,4,1,0,0,0,0,0,0,0,0,0,0,0,0,0
numpy_8,79,35,35,-1,1,0,431,17,0,0,0,0,0,0,0,0,0,0,0,0,0,0
numpy_8,80,36,36,35,1,0,618,17,1,0,0,0,0,0,0,0,0,0,0,1,0,1
numpy_8,81,38,38,36,1,0,848,17,0,0,0,0,0,0,0,0,0,0,0,0,0,0
numpy_8,82,37,37,38,1,1,902,15,0,1,0,0,0,0,0,0,0,0,0,1,0,1
numpy_8,83,39,39,37,1,0,1197,37,1,0,0,0,0,0,0,0,0,0,0,1,0,1
numpy_8,84,-1,-1,39,0,0,0,0,0,0,0,0,0,0,0,0,0,0,0,0,0,0
numpy_9,1,-1,-1,-1,0,0,1594,47,1,0,0,0,0,0,1,0,0,0,0,0,0,0
numpy_9,2,-1,-1,-1,0,0,135,6,0,0,0,0,0,0,0,0,0,0,0,0,0,0
numpy_9,3,-1,-1,-1,0,0,3035,88,0,0,0,0,0,0,0,0,0,0,0,0,0,0
numpy_9,4,-1,-1,-1,0,0,308,6,0,0,0,0,0,0,0,0,0,0,0,0,0,0
numpy_9,5,-1,-1,-1,0,0,164,4,1,0,0,0,0,0,0,0,0,0,0,0,0,0
numpy_9,6,-1,-1,-1,0,0,7,1,0,0,0,0,0,0,0,0,0,0,0,0,0,0
numpy_9,7,-1,-1,-1,0,0,165,7,0,0,0,0,0,0,0,0,0,0,0,0,0,0
numpy_9,8,-1,-1,-1,0,0,159,6,1,0,0,0,0,0,0,0,0,0,0,0,0,0
numpy_9,9,-1,-1,-1,0,0,159,6,1,0,0,0,0,0,0,0,0,0,0,0,0,0
numpy_9,10,-1,-1,-1,0,0,159,6,1,0,0,0,0,0,0,0,0,0,0,0,0,0
numpy_9,11,-1,-1,-1,0,0,10464,200,1,0,0,0,0,0,0,0,0,0,0,0,0,0
numpy_9,12,-1,-1,-1,0,0,134,4,0,0,0,0,0,0,0,0,0,0,0,0,0,0
numpy_9,13,-1,-1,-1,0,0,392,11,1,0,0,0,0,0,0,0,0,0,0,0,0,0
numpy_9,14,-1,-1,-1,0,0,4545,110,1,0,0,0,0,0,0,0,1,0,0,0,0,0
numpy_9,15,1,1,-1,1,0,3164,68,1,0,0,0,0,0,0,0,1,0,0,1,0,1
numpy_9,16,-1,-1,1,0,0,5122,118,1,0,0,0,0,0,0,0,1,0,0,0,0,0
numpy_9,17,-1,-1,-1,0,0,134,4,0,0,0,0,0,0,0,0,0,0,0,0,0,0
numpy_9,18,-1,-1,-1,0,0,12,1,0,0,0,0,0,0,0,0,0,0,0,0,0,0
numpy_9,19,-1,-1,-1,0,0,20,1,0,0,0,0,0,0,0,0,0,0,0,0,0,0
numpy_9,20,-1,-1,-1,0,0,1640,47,1,0,0,0,0,0,0,0,0,0,0,0,0,0
numpy_9,21,-1,-1,-1,0,0,220,3,0,1,0,0,0,0,0,0,0,0,0,0,0,0
numpy_9,22,-1,-1,-1,0,0,133,2,0,0,0,0,0,0,0,0,0,0,0,0,0,0
numpy_9,23,-1,-1,-1,0,0,427,5,1,0,0,0,0,0,0,0,0,0,0,0,0,0
numpy_9,24,-1,-1,-1,0,0,87,5,0,0,0,0,0,0,0,0,0,0,0,0,0,0
numpy_9,25,-1,-1,-1,0,0,19,1,0,0,0,0,0,0,0,0,0,0,0,0,0,0
numpy_9,26,-1,-1,-1,0,0,62,1,0,0,0,0,0,0,0,0,0,0,0,0,0,0
numpy_9,27,-1,-1,-1,0,0,50,1,0,0,0,0,0,0,0,0,0,0,0,0,0,0
numpy_9,28,-1,-1,-1,0,0,43,1,0,0,0,0,0,0,0,0,0,0,0,0,0,0
numpy_9,29,-1,-1,-1,0,0,50,1,0,0,0,0,0,0,0,0,0,0,0,0,0,0
numpy_9,30,-1,-1,-1,0,0,53,1,0,0,0,0,0,0,0,0,0,0,0,0,0,0
numpy_9,31,-1,-1,-1,0,0,71,1,0,0,1,0,0,0,0,0,0,0,0,0,0,0
numpy_9,32,-1,-1,-1,0,0,22,1,0,0,0,0,0,0,0,0,0,0,0,0,0,0
numpy_9,33,-1,-1,-1,0,0,38,1,0,0,0,0,0,0,0,0,0,0,0,0,0,0
numpy_9,34,-1,-1,-1,0,0,15,1,0,0,0,0,0,0,0,0,0,0,0,0,0,0
numpy_9,35,-1,-1,-1,0,0,37,1,0,0,0,0,0,0,0,0,0,0,0,0,0,0
numpy_9,36,-1,-1,-1,0,0,39,1,0,0,0,0,0,0,0,0,0,0,0,0,0,0
numpy_9,37,-1,-1,-1,0,0,39,1,0,0,0,0,0,0,0,0,0,0,0,0,0,0
numpy_9,38,-1,-1,-1,0,0,40,1,0,0,0,0,0,0,0,0,0,0,0,0,0,0
numpy_9,39,-1,-1,-1,0,0,84,2,1,0,0,0,0,0,0,0,0,0,0,0,0,0
numpy_9,40,-1,-1,-1,0,0,25,1,0,0,0,0,0,0,0,0,0,0,0,0,0,0
numpy_9,41,-1,-1,-1,0,0,13,1,0,0,0,0,0,0,0,0,0,0,0,0,0,0
numpy_9,42,-1,-1,-1,0,0,77,4,1,0,0,0,0,0,0,0,0,0,0,0,0,0
numpy_9,43,-1,-1,-1,0,0,39,1,0,0,0,0,0,0,0,0,0,0,0,0,0,0
numpy_9,44,-1,-1,-1,0,0,38,1,0,0,0,0,0,0,0,0,0,0,0,0,0,0
numpy_9,45,-1,-1,-1,0,0,110,3,0,0,0,0,0,0,0,0,0,0,0,0,0,0
numpy_9,46,-1,-1,-1,0,0,14,1,0,0,0,0,0,0,0,0,0,0,0,0,0,0
numpy_9,47,-1,-1,-1,0,0,389,13,1,0,0,0,0,0,0,0,0,0,0,0,0,0
numpy_9,48,-1,-1,-1,0,0,65,2,0,0,0,0,0,0,0,0,0,0,0,0,0,0
numpy_9,49,-1,-1,-1,0,0,89,6,1,0,0,0,0,0,0,0,0,0,0,0,0,0
numpy_9,50,-1,-1,-1,0,0,0,0,0,0,0,0,0,0,0,0,0,0,0,0,0,0
numpy_9,51,-1,-1,-1,0,0,52,1,0,0,0,0,0,0,0,0,0,0,0,0,0,0
numpy_9,52,-1,-1,-1,0,0,495,16,1,0,0,0,0,0,0,0,0,0,0,0,0,0
numpy_9,53,-1,-1,-1,0,0,42,1,0,0,0,0,0,0,0,0,0,0,0,0,0,0
numpy_9,54,-1,-1,-1,0,0,86,3,0,0,0,0,0,0,0,0,0,0,0,0,0,0
numpy_9,55,-1,-1,-1,0,0,16,1,0,0,0,0,0,0,0,0,0,0,0,0,0,0
numpy_9,56,-1,-1,-1,0,0,576,21,1,0,0,0,0,0,0,0,0,0,0,0,0,0
numpy_9,57,-1,-1,-1,0,0,37,1,0,0,0,0,0,0,0,0,0,0,0,0,0,0
numpy_9,58,-1,-1,-1,0,0,107,5,0,0,0,0,0,0,0,0,0,0,0,0,0,0
numpy_9,59,-1,-1,-1,0,0,139,3,0,0,0,0,0,0,0,0,0,0,0,0,0,0
numpy_9,60,-1,-1,-1,0,0,31,1,0,0,0,0,0,0,0,0,0,0,0,0,0,0
numpy_9,61,-1,-1,-1,0,0,33,1,0,0,0,0,0,0,0,0,0,0,0,0,0,0
numpy_9,62,-1,-1,-1,0,0,84,2,0,0,0,0,0,0,0,0,0,0,0,0,0,0
numpy_9,63,-1,-1,-1,0,0,77,2,0,0,0,0,0,0,0,0,0,0,0,0,0,0
numpy_9,64,-1,-1,-1,0,0,47,2,0,0,0,0,0,0,0,0,0,0,0,0,0,0
numpy_9,65,-1,-1,-1,0,0,261,9,0,0,0,0,0,0,0,0,0,0,0,0,0,0
numpy_9,66,-1,-1,-1,0,0,30,1,0,0,0,0,0,0,0,0,0,0,0,0,0,0
numpy_9,67,-1,-1,-1,0,0,23,1,0,0,1,0,0,0,0,0,0,0,0,0,0,0
numpy_9,68,-1,-1,-1,0,0,84,3,0,0,0,0,0,0,0,0,0,0,0,0,0,0
numpy_9,69,-1,-1,-1,0,0,8,1,0,0,0,0,0,0,0,0,0,0,0,0,0,0
numpy_9,70,-1,-1,-1,0,0,32,1,0,0,0,0,0,0,0,0,0,0,0,0,0,0
numpy_9,71,-1,-1,-1,0,0,300,10,0,0,1,0,0,0,0,0,0,0,0,0,0,0
numpy_9,72,-1,-1,-1,0,0,19,1,0,0,0,0,0,0,0,0,0,0,0,0,0,0
numpy_9,73,-1,-1,-1,0,0,309,6,0,0,0,0,0,0,0,0,0,0,0,0,0,0
numpy_9,74,-1,-1,-1,0,0,23,1,0,0,0,0,0,0,0,0,0,0,0,0,0,0
numpy_9,75,-1,-1,-1,0,0,43,1,0,0,0,0,0,0,0,0,0,0,0,0,0,0
numpy_9,76,-1,-1,-1,0,0,188,3,0,0,0,0,0,0,0,0,0,0,0,0,0,0
numpy_9,77,-1,-1,-1,0,0,1591,53,1,0,1,0,0,0,0,0,0,0,0,0,0,0
numpy_9,78,-1,-1,-1,0,0,11,1,0,0,0,0,0,0,0,0,0,0,0,0,0,0
numpy_9,79,-1,-1,-1,0,0,386,13,0,0,1,0,0,0,0,0,0,0,0,0,0,0
numpy_9,80,-1,-1,-1,0,0,105,3,0,0,0,0,0,0,0,0,0,0,0,0,0,0
numpy_9,81,-1,-1,-1,0,0,642,20,1,0,0,0,0,0,0,0,0,0,0,0,0,0
numpy_9,82,-1,-1,-1,0,0,31,1,0,0,0,0,0,0,0,0,0,0,0,0,0,0
numpy_9,83,-1,-1,-1,0,0,386,12,1,0,0,0,0,0,0,0,0,0,0,0,0,0
numpy_9,84,-1,-1,-1,0,0,27,1,0,0,0,0,0,0,0,0,0,0,0,0,0,0
numpy_9,85,-1,-1,-1,0,0,275,9,0,0,0,0,0,0,0,0,0,0,0,0,0,0
numpy_9,86,-1,-1,-1,0,0,22,1,0,0,0,0,0,0,0,0,0,0,0,0,0,0
numpy_9,87,-1,-1,-1,0,0,392,12,1,0,0,0,0,0,0,0,0,0,0,0,0,0
numpy_9,88,-1,-1,-1,0,0,27,1,0,0,0,0,0,0,0,0,0,0,0,0,0,0
numpy_9,89,-1,-1,-1,0,0,49,1,0,0,0,0,0,0,0,0,0,0,0,0,0,0
numpy_9,90,-1,-1,-1,0,0,20,1,0,0,0,0,0,0,0,0,0,0,0,0,0,0
numpy_9,91,-1,-1,-1,0,0,140,4,0,0,0,0,0,0,0,0,0,0,0,0,0,0
numpy_9,92,-1,-1,-1,0,0,35,1,0,0,0,0,0,0,0,0,0,0,0,0,0,0
pandas_1,1,1,1,-1,1,0,439,15,1,0,0,0,0,0,1,1,0,0,0,0,0,0
pandas_1,2,2,2,1,1,0,50,2,0,0,0,0,0,0,0,0,0,0,0,0,0,0
pandas_1,3,3,3,2,1,0,1094,31,0,0,0,0,0,0,0,1,0,1,0,0,0,0
pandas_1,4,4,4,3,1,0,80,3,0,0,0,1,0,0,0,0,0,0,0,0,0,0
pandas_1,5,-1,-1,4,0,0,34,2,0,0,0,0,0,0,0,0,0,0,0,0,0,0
pandas_1,6,-1,-1,-1,0,0,79,2,0,0,0,0,0,0,0,0,0,0,0,0,0,0
pandas_1,7,-1,-1,-1,0,0,51,2,0,0,0,0,0,0,0,0,0,0,0,0,0,0
pandas_1,8,-1,-1,-1,0,0,490,13,0,0,0,0,0,0,0,0,0,0,0,0,0,0
pandas_1,9,-1,-1,-1,0,0,91,2,0,0,0,0,0,0,0,0,0,0,0,0,0,0
pandas_1,10,-1,-1,-1,0,0,112,2,0,0,0,1,0,0,0,0,0,0,0,0,0,0
pandas_1,11,-1,-1,-1,0,0,183,2,0,0,0,0,0,0,0,0,0,0,0,0,0,0
pandas_1,12,5,5,-1,1,0,117,3,0,0,0,1,0,0,0,0,0,0,0,0,0,0
pandas_1,13,-1,-1,5,0,0,117,4,0,0,0,0,0,0,0,0,0,0,0,0,0,0
pandas_1,14,6,6,-1,1,0,149,4,0,0,0,0,0,0,0,0,0,0,0,0,0,0
pandas_1,15,-1,-1,6,0,0,78,3,0,0,0,0,0,0,0,0,0,0,0,0,0,0
pandas_1,16,-1,-1,-1,0,0,31,1,0,0,0,0,0,0,0,0,0,0,0,0,0,0
pandas_1,17,7,7,-1,1,0,215,3,0,0,0,1,0,0,0,0,0,0,0,0,0,0
pandas_1,18,-1,-1,7,0,0,184,6,0,0,0,0,0,0,0,0,0,0,0,0,0,0
pandas_1,19,-1,-1,-1,0,0,200,6,0,0,0,0,0,0,0,0,0,0,0,0,0,0
pandas_1,20,-1,-1,-1,0,0,110,5,0,0,0,0,0,0,0,0,0,0,0,0,0,0
pandas_1,21,-1,-1,-1,0,0,442,13,0,0,0,0,0,0,0,0,0,0,0,0,0,0
pandas_1,22,-1,-1,-1,0,0,323,10,0,0,0,0,0,0,0,0,0,0,0,0,0,0
pandas_1,23,8,8,-1,1,0,640,15,0,0,0,0,0,0,0,1,0,0,1,1,0,1
pandas_1,24,-1,-1,8,0,0,250,8,0,0,0,0,0,0,0,0,0,0,0,0,0,0
pandas_1,25,-1,-1,-1,0,0,313,9,0,0,0,0,0,0,0,0,0,0,0,0,0,0
pandas_1,26,-1,-1,-1,0,0,368,7,0,0,0,0,0,0,0,0,0,0,0,0,0,0
pandas_1,27,-1,-1,-1,0,0,184,5,0,0,0,0,0,0,0,0,0,0,0,0,0,0
pandas_1,28,-1,-1,-1,0,0,71,3,0,0,0,0,0,0,0,0,0,0,0,0,0,0
pandas_1,29,-1,-1,-1,0,0,240,4,0,0,0,1,0,0,1,0,0,0,0,0,0,0
pandas_1,30,-1,-1,-1,0,0,411,11,0,0,0,0,0,0,0,0,0,0,0,0,0,0
pandas_1,31,-1,-1,-1,0,0,162,4,1,0,0,0,0,1,0,0,0,0,0,0,0,0
pandas_1,32,-1,-1,-1,0,0,75,5,0,1,0,0,0,0,0,0,0,0,0,0,0,0
pandas_1,33,-1,-1,-1,0,0,91,3,0,0,1,0,0,0,0,0,0,0,0,0,0,0
pandas_1,34,-1,-1,-1,0,0,90,3,0,0,1,0,0,0,0,0,0,0,0,0,0,0
pandas_1,35,-1,-1,-1,0,0,112,4,1,1,0,0,0,0,0,0,0,0,0,0,0,0
pandas_1,36,-1,-1,-1,0,0,89,3,0,0,1,0,0,0,0,0,0,0,0,0,0,0
pandas_1,37,-1,-1,-1,0,0,92,3,0,0,1,0,0,0,0,0,0,0,0,0,0,0
pandas_1,38,-1,-1,-1,0,0,101,3,1,0,0,0,0,0,0,0,1,0,0,0,0,0
pandas_1,39,-1,-1,-1,0,0,80,2,0,0,0,0,0,0,0,0,0,0,0,0,0,0
pandas_1,40,-1,-1,-1,0,0,177,6,0,0,0,0,0,0,0,0,0,0,0,0,0,0
pandas_1,41,-1,-1,-1,0,0,83,3,0,0,1,0,0,0,0,0,0,0,0,0,0,0
pandas_1,42,-1,-1,-1,0,0,65,2,0,0,1,0,0,0,0,0,0,0,0,0,0,0
pandas_1,43,-1,-1,-1,0,0,55,2,0,0,0,0,0,0,0,0,0,0,0,0,0,0
pandas_1,44,-1,-1,-1,0,0,57,3,1,0,0,0,0,0,0,0,0,0,0,0,0,0
pandas_1,45,-1,-1,-1,0,0,55,1,0,0,0,0,0,0,0,0,0,0,0,0,0,0
pandas_1,46,-1,-1,-1,0,0,39,2,0,1,0,0,0,0,0,0,0,0,0,0,0,0
pandas_1,47,-1,-1,-1,0,0,71,2,0,0,1,0,0,0,0,0,0,0,0,0,0,0
pandas_1,48,-1,-1,-1,0,0,398,19,1,1,0,0,0,0,0,0,0,0,0,0,0,0
pandas_1,49,-1,-1,-1,0,0,46,2,0,0,0,0,0,0,0,0,0,0,0,0,0,0
pandas_1,50,-1,-1,-1,0,0,167,3,0,1,0,0,0,0,0,0,0,0,0,0,0,0
pandas_1,51,-1,-1,-1,0,0,81,3,0,0,1,0,0,0,0,0,0,0,0,0,0,0
pandas_1,52,-1,-1,-1,0,0,83,3,0,0,1,0,0,0,0,0,0,0,0,0,0,0
pandas_1,53,-1,-1,-1,0,0,0,0,0,0,0,0,0,0,0,0,0,0,0,0,0,0
pandas_1,54,-1,-1,-1,0,0,0,0,0,0,0,0,0,0,0,0,0,0,0,0,0,0
pandas_10,1,1,1,-1,1,0,70,3,1,0,0,0,0,0,0,0,0,0,0,0,0,0
pandas_10,2,2,2,1,1,0,42,1,0,0,0,0,0,0,0,1,0,1,0,0,0,0
pandas_10,3,-1,-1,2,0,0,9,1,0,0,0,0,0,0,0,0,0,0,0,0,0,0
pandas_10,4,-1,-1,-1,0,0,29,2,0,0,0,0,0,0,0,0,0,0,0,0,0,0
pandas_10,5,-1,-1,-1,0,0,31,2,0,0,0,0,0,0,0,0,0,0,0,0,0,0
pandas_10,6,-1,-1,-1,0,0,17,1,0,0,0,0,0,0,0,0,0,0,0,0,0,0
pandas_10,7,3,3,-1,1,0,23,1,0,0,0,0,0,0,0,0,0,0,1,0,0,0
pandas_10,8,-1,-1,3,0,0,17,1,0,0,0,0,0,0,0,0,0,0,0,0,0,0
pandas_10,9,-1,-1,-1,0,0,27,2,0,0,0,0,0,0,0,0,0,0,0,0,0,0
pandas_10,10,4,4,-1,1,0,41,1,0,0,0,0,0,0,0,1,0,0,0,0,0,0
pandas_10,11,-1,-1,4,0,0,9,1,0,0,0,0,0,0,0,0,0,0,0,0,0,0
pandas_10,12,5,5,-1,1,0,43,1,0,0,0,0,0,0,0,1,0,0,0,1,0,1
pandas_10,13,-1,-1,5,0,0,99,2,0,0,0,0,0,0,0,1,0,0,0,1,0,1
pandas_10,14,-1,-1,-1,0,0,43,1,0,0,0,0,0,0,0,1,0,0,0,1,0,1
pandas_10,15,-1,-1,-1,0,0,9,1,0,0,0,0,0,0,0,0,0,0,0,0,0,0
pandas_10,16,-1,-1,-1,0,0,39,1,0,0,0,0,0,0,0,1,0,0,0,1,0,1
pandas_10,17,-1,-1,-1,0,0,43,1,0,0,0,0,0,0,0,1,0,0,0,0,0,0
pandas_10,18,-1,-1,-1,0,0,39,1,0,0,0,0,0,0,0,1,0,0,0,0,0,0
pandas_10,19,-1,-1,-1,0,0,9,1,0,0,0,0,0,0,0,0,0,0,0,0,0,0
pandas_10,20,-1,-1,-1,0,0,37,1,0,0,0,0,0,0,0,1,0,0,0,1,0,1
pandas_10,21,-1,-1,-1,0,0,25,1,0,0,0,0,0,0,0,1,0,0,0,0,0,0
pandas_10,22,-1,-1,-1,0,0,220,11,0,0,0,0,0,0,0,0,0,0,0,0,0,0
pandas_10,23,-1,-1,-1,0,0,40,1,0,0,0,0,0,0,0,1,0,0,0,0,0,0
pandas_10,24,-1,-1,-1,0,0,25,1,0,0,0,0,0,0,0,1,0,0,0,0,0,0
pandas_10,25,-1,-1,-1,0,0,17,1,0,0,0,0,0,0,0,0,0,0,0,0,0,0
pandas_10,26,-1,-1,-1,0,0,46,1,0,0,0,0,0,0,0,1,0,0,1,0,0,0
pandas_10,27,-1,-1,-1,0,0,10,1,0,0,0,0,0,0,0,1,0,0,0,0,0,0
pandas_10,28,-1,-1,-1,0,0,17,1,0,0,0,0,0,0,0,0,0,0,0,0,0,0
pandas_10,29,-1,-1,-1,0,0,9,1,0,0,0,0,0,0,0,0,0,0,0,0,0,0
pandas_10,30,-1,-1,-1,0,0,9,1,0,0,0,0,0,0,0,0,0,0,0,0,0,0
pandas_10,31,-1,-1,-1,0,0,18,1,0,0,0,0,0,0,0,1,0,0,0,0,0,0
pandas_10,32,-1,-1,-1,0,0,18,1,0,0,0,0,0,0,0,1,0,0,0,0,0,0
pandas_10,33,-1,-1,-1,0,0,32,1,0,0,0,0,0,0,0,1,0,0,0,0,0,0
pandas_10,34,-1,-1,-1,0,0,37,1,0,0,0,0,0,0,0,1,0,0,0,0,0,0
pandas_10,35,-1,-1,-1,0,0,38,1,0,0,0,0,0,0,0,1,0,0,0,0,0,0
pandas_10,36,-1,-1,-1,0,0,60,1,0,0,0,1,0,0,0,1,0,0,1,0,0,0
pandas_10,37,-1,-1,-1,0,0,37,1,0,0,0,0,0,0,0,1,0,0,0,0,0,0
pandas_10,38,-1,-1,-1,0,0,8,1,0,0,0,0,0,0,0,0,0,0,0,0,0,0
pandas_10,39,-1,-1,-1,0,0,40,1,0,0,0,0,0,0,0,1,0,0,0,0,0,0
pandas_10,40,-1,-1,-1,0,0,21,1,1,0,0,0,0,0,0,0,0,0,0,0,0,0
pandas_10,41,-1,-1,-1,0,0,41,2,0,0,0,0,0,0,0,0,0,0,0,0,0,0
pandas_10,42,-1,-1,-1,0,0,43,2,0,0,0,0,0,0,0,0,0,0,0,0,0,0
pandas_10,43,-1,-1,-1,0,0,45,2,0,0,0,0,0,0,0,0,0,0,0,0,0,0
pandas_10,44,-1,-1,-1,0,0,43,2,0,0,0,0,0,0,0,0,0,0,0,0,0,0
pandas_10,45,-1,-1,-1,0,0,41,2,0,0,0,0,0,0,0,0,0,0,0,0,0,0
pandas_10,46,-1,-1,-1,0,0,23,1,0,0,0,0,0,0,0,1,0,0,0,0,0,0
pandas_10,47,-1,-1,-1,0,0,24,1,0,0,0,0,0,0,0,1,0,0,0,0,0,0
pandas_10,48,-1,-1,-1,0,0,46,1,0,0,0,1,0,0,0,1,0,0,1,0,0,0
pandas_10,49,-1,-1,-1,0,0,32,1,0,0,0,0,0,0,0,1,0,0,0,0,0,0
pandas_10,50,-1,-1,-1,0,0,54,1,0,0,0,1,0,0,0,1,0,0,1,0,0,0
pandas_10,51,-1,-1,-1,0,0,32,1,0,0,0,0,0,0,0,1,0,0,0,0,0,0
pandas_10,52,-1,-1,-1,0,0,35,1,0,0,0,0,0,0,0,1,0,0,0,0,0,0
pandas_10,53,-1,-1,-1,0,0,57,1,0,0,0,1,0,0,0,1,0,0,1,0,0,0
pandas_10,54,-1,-1,-1,0,0,54,2,0,0,0,0,0,0,0,0,0,0,0,0,0,0
pandas_10,55,-1,-1,-1,0,0,53,2,0,0,0,0,0,0,0,0,0,0,0,0,0,0
pandas_10,56,-1,-1,-1,0,0,56,2,0,0,0,0,0,0,0,0,0,0,0,0,0,0
pandas_10,57,-1,-1,-1,0,0,10,1,0,0,0,0,0,0,0,0,0,0,0,0,0,0
pandas_10,58,-1,-1,-1,0,0,61,2,0,0,0,0,0,0,0,0,0,0,0,0,0,0
pandas_10,59,-1,-1,-1,0,0,83,3,0,0,0,0,0,0,0,0,0,0,0,0,0,0
pandas_10,60,-1,-1,-1,0,0,48,1,0,0,0,0,0,0,0,0,0,0,0,0,0,0
pandas_10,61,-1,-1,-1,0,0,12,1,0,0,0,0,0,0,0,0,0,0,0,0,0,0
pandas_10,62,-1,-1,-1,0,0,81,1,0,0,0,1,0,0,0,0,0,0,1,0,0,0
pandas_10,63,-1,-1,-1,0,0,111,1,0,0,0,0,0,0,0,0,0,0,0,0,0,0
pandas_10,64,-1,-1,-1,0,0,47,1,0,0,0,0,0,0,0,0,0,0,0,0,0,0
pandas_10,65,-1,-1,-1,0,0,10,1,0,0,0,0,0,0,0,0,0,0,0,0,0,0
pandas_10,66,-1,-1,-1,0,0,25,1,0,0,0,0,0,0,0,1,0,0,0,0,0,0
pandas_10,67,-1,-1,-1,0,0,10,1,0,0,0,0,0,0,0,0,0,0,0,0,0,0
pandas_10,68,-1,-1,-1,0,0,4,1,0,0,0,0,0,0,0,0,0,0,0,0,0,0
pandas_10,69,-1,-1,-1,0,0,0,0,0,0,0,0,0,0,0,0,0,0,0,0,0,0
pandas_10,70,-1,-1,-1,0,0,51,2,0,0,0,0,0,0,0,0,0,0,0,0,0,0
pandas_10,71,-1,-1,-1,0,0,306,7,1,1,1,0,0,0,1,0,0,0,0,0,0,0
pandas_10,72,-1,-1,-1,0,0,232,5,1,0,0,0,0,0,0,0,0,0,0,0,0,0
pandas_11,1,1,1,-1,1,0,1306,33,1,0,0,0,0,0,1,1,0,1,0,0,0,0
pandas_11,2,2,2,1,1,0,49,2,0,0,0,0,0,0,0,1,0,1,0,0,0,0
pandas_11,3,-1,-1,2,0,0,13,1,0,0,0,0,0,0,0,0,0,0,0,0,0,0
pandas_11,4,-1,-1,-1,0,0,216,3,0,0,0,0,0,0,0,1,0,0,0,0,0,0
pandas_11,5,-1,-1,-1,0,0,158,4,0,0,0,0,0,0,0,0,0,0,0,0,0,0
pandas_11,6,-1,-1,-1,0,0,182,2,0,0,0,0,0,0,0,1,0,0,0,0,0,0
pandas_11,7,-1,-1,-1,0,0,375,9,0,0,0,0,0,0,0,1,0,0,0,0,0,0
pandas_11,8,3,3,-1,1,0,369,7,0,0,0,0,0,0,0,1,0,0,0,0,0,0
pandas_11,9,-1,-1,3,0,0,281,5,0,0,0,0,0,0,0,0,0,0,0,0,0,0
pandas_11,10,-1,-1,-1,0,0,315,5,0,0,0,0,0,0,0,0,0,0,0,0,0,0
pandas_11,11,-1,-1,-1,0,0,301,5,0,0,0,0,0,0,0,0,0,0,0,0,0,0
pandas_11,12,-1,-1,-1,0,0,304,5,0,0,0,0,0,0,0,0,0,0,0,0,0,0
pandas_11,13,-1,-1,-1,0,0,381,9,0,0,0,0,0,0,0,1,0,0,0,0,0,0
pandas_11,14,-1,-1,-1,0,0,272,4,0,0,0,0,0,0,0,0,0,0,0,0,0,0
pandas_11,15,-1,-1,-1,0,0,148,4,0,0,0,0,0,0,0,1,0,0,0,0,0,0
pandas_11,16,-1,-1,-1,0,0,18,1,0,0,0,0,0,0,0,0,0,0,0,0,0,0
pandas_11,17,-1,-1,-1,0,0,684,24,1,0,0,0,0,0,0,1,0,0,0,0,0,0
pandas_11,18,-1,-1,-1,0,0,225,5,0,0,0,0,0,0,0,0,0,0,0,0,0,0
pandas_11,19,-1,-1,-1,0,0,192,3,0,0,0,0,0,0,0,0,0,0,0,0,0,0
pandas_11,20,-1,-1,-1,0,0,191,3,0,0,0,0,0,0,0,0,0,0,0,0,0,0
pandas_11,21,4,4,-1,1,0,490,19,0,0,0,0,0,0,0,1,0,0,0,1,0,1
pandas_11,22,-1,5,4,0,0,1556,36,1,0,0,1,0,0,1,1,0,0,0,0,1,1
pandas_11,23,-1,6,-1,0,0,245,10,0,0,0,0,0,0,0,1,0,0,0,0,1,1
pandas_11,24,-1,8,-1,0,0,231,8,0,0,0,0,0,0,0,1,0,0,0,1,1,1
pandas_11,25,-1,-1,-1,0,0,0,0,0,0,0,0,0,0,0,0,0,0,0,0,0,0
pandas_12,1,1,1,-1,1,0,314,12,1,0,0,0,0,0,0,1,0,0,0,0,0,0
pandas_12,2,2,2,1,1,0,83,3,0,0,0,0,0,0,0,1,0,1,0,0,0,0
pandas_12,3,-1,-1,2,0,0,29,2,0,0,0,0,0,0,0,0,0,0,0,0,0,0
pandas_12,4,-1,-1,-1,0,0,8,1,0,0,0,0,0,0,0,0,0,0,0,0,0,0
pandas_12,5,-1,-1,-1,0,0,551,11,0,0,0,0,0,0,0,1,0,0,0,0,0,0
pandas_12,6,-1,-1,-1,0,0,14,1,0,0,0,0,0,0,0,0,0,0,0,0,0,0
pandas_12,7,3,3,-1,1,0,1000,21,0,0,0,0,0,0,0,1,0,0,0,0,0,0
pandas_12,8,6,4,3,1,0,52,1,0,0,0,0,0,0,0,0,0,0,0,0,1,1
pandas_12,9,-1,-1,6,0,0,144,5,0,0,0,0,0,0,0,1,0,0,0,0,0,0
pandas_12,10,-1,-1,-1,0,0,528,10,0,0,0,0,0,0,0,1,0,0,0,0,0,0
pandas_12,11,7,5,-1,1,0,339,7,0,0,0,0,0,0,0,1,0,0,0,0,1,1
pandas_12,12,-1,-1,7,0,0,27,1,0,0,0,0,0,0,0,0,0,0,0,0,0,0
pandas_12,13,-1,-1,-1,0,0,32,1,0,0,0,0,0,0,0,0,0,0,0,0,0,0
pandas_12,14,8,6,-1,1,0,322,7,0,0,0,0,0,0,0,1,0,0,0,0,1,1
pandas_12,15,9,7,8,1,0,287,8,0,0,0,0,0,0,0,1,0,0,0,0,1,1
pandas_12,16,-1,-1,9,0,0,448,12,0,0,0,0,0,0,0,1,0,0,0,0,0,0
pandas_12,17,-1,-1,-1,0,0,114,2,1,0,0,0,0,0,0,0,0,0,0,0,0,0
pandas_12,18,-1,-1,-1,0,0,44,1,0,0,0,0,0,0,0,0,0,0,0,0,0,0
pandas_12,19,-1,-1,-1,0,0,9,1,0,0,0,0,0,0,0,0,0,0,0,0,0,0
pandas_12,20,-1,-1,-1,0,0,59,2,0,0,0,0,0,0,0,1,0,0,0,0,0,0
pandas_12,21,-1,-1,-1,0,0,34,1,0,0,0,0,0,0,0,1,0,0,0,0,0,0
pandas_12,22,-1,-1,-1,0,0,56,1,0,0,0,0,0,0,0,1,0,0,0,0,0,0
pandas_12,23,-1,-1,-1,0,0,64,1,0,0,0,0,0,1,0,0,0,0,0,0,0,0
pandas_12,24,-1,-1,-1,0,0,18,1,0,0,0,0,0,0,0,0,0,0,0,0,0,0
pandas_12,25,-1,-1,-1,0,0,29,1,0,0,0,0,0,0,0,0,0,0,0,0,0,0
pandas_12,26,-1,-1,-1,0,0,39,2,0,0,0,0,0,0,0,0,0,0,0,0,0,0
pandas_12,27,-1,-1,-1,0,0,57,1,0,0,0,0,0,0,0,0,0,0,0,0,0,0
pandas_12,28,-1,-1,-1,0,0,16,1,0,0,0,0,0,0,0,0,0,0,0,0,0,0
pandas_12,29,-1,-1,-1,0,0,65,2,0,0,0,0,0,0,0,0,0,0,0,0,0,0
pandas_12,30,-1,-1,-1,0,0,49,1,0,0,0,0,0,0,0,1,0,0,0,0,0,0
pandas_12,31,-1,-1,-1,0,0,28,1,0,0,0,0,0,0,0,0,0,0,0,0,0,0
pandas_12,32,-1,-1,-1,0,0,57,1,0,0,0,0,0,0,0,0,0,0,0,0,0,0
pandas_12,33,-1,-1,-1,0,0,417,8,0,0,0,0,0,0,0,1,0,0,0,0,0,0
pandas_12,34,-1,-1,-1,0,0,52,1,0,0,0,0,0,0,0,0,0,0,0,0,0,0
pandas_12,35,-1,-1,-1,0,0,10,1,0,0,0,0,0,0,0,0,0,0,0,0,0,0
pandas_12,36,-1,-1,-1,0,0,9,1,0,0,0,0,0,0,0,0,0,0,0,0,0,0
pandas_12,37,-1,-1,-1,0,0,9,1,0,0,0,0,0,0,0,0,0,0,0,0,0,0
pandas_12,38,-1,-1,-1,0,0,8,1,0,0,0,0,0,0,0,0,0,0,0,0,0,0
pandas_12,39,10,8,-1,1,0,17,1,0,0,0,0,0,0,0,0,0,0,0,0,1,1
pandas_12,40,11,9,10,1,0,473,10,1,0,0,0,0,0,0,0,0,0,0,0,1,1
pandas_12,41,12,10,11,1,0,52,1,0,0,0,0,0,0,0,0,0,0,0,0,1,1
pandas_12,42,13,11,12,1,0,13,1,0,0,0,0,0,0,0,0,0,0,0,0,1,1
pandas_12,43,-1,-1,13,0,0,10,1,0,0,0,0,0,0,0,0,0,0,0,0,0,0
pandas_12,44,14,12,-1,1,0,73,2,0,0,0,0,0,1,0,0,0,0,0,0,1,1
pandas_12,45,-1,-1,14,0,0,9,1,0,0,0,0,0,0,0,0,0,0,0,0,0,0
pandas_12,46,-1,-1,-1,0,0,185,6,0,1,0,0,0,0,0,0,0,0,0,0,0,0
pandas_12,47,-1,-1,-1,0,0,141,4,0,0,0,0,0,0,0,0,0,0,0,0,0,0
pandas_12,48,-1,-1,-1,0,0,111,4,0,1,0,0,0,0,0,1,0,0,0,0,0,0
pandas_12,49,-1,-1,-1,0,0,18,1,0,0,0,0,0,0,0,0,0,0,0,0,0,0
pandas_12,50,-1,-1,-1,0,0,19,1,0,0,0,0,0,0,0,0,0,0,0,0,0,0
pandas_12,51,15,13,-1,1,0,95,1,0,1,0,0,0,0,0,0,0,0,0,0,1,1
pandas_12,52,16,14,15,1,0,48,2,0,0,0,0,0,0,0,0,0,0,0,0,1,1
pandas_12,53,17,15,16,1,0,95,3,0,0,0,0,0,0,0,1,0,0,0,0,1,1
pandas_12,54,-1,-1,17,0,0,3,1,0,0,0,0,0,0,0,0,0,0,0,0,0,0
pandas_12,55,-1,-1,-1,0,0,35,1,0,0,0,0,0,0,0,1,0,0,0,0,0,0
pandas_12,56,-1,-1,-1,0,0,280,4,0,0,0,0,0,0,0,0,0,0,0,0,0,0
pandas_12,57,-1,-1,-1,0,0,37,1,0,0,0,0,0,0,0,1,0,0,0,0,0,0
pandas_12,58,-1,-1,-1,0,0,13,1,0,0,0,0,0,0,0,0,0,0,0,0,0,0
pandas_12,59,-1,-1,-1,0,0,0,0,0,0,0,0,0,0,0,0,0,0,0,0,0,0
pandas_12,60,-1,-1,-1,0,0,14,1,0,0,0,0,0,0,0,0,0,0,0,0,0,0
pandas_12,61,-1,-1,-1,0,0,35,1,0,0,0,0,0,0,0,1,0,0,0,0,0,0
pandas_12,62,18,16,-1,1,0,293,4,0,0,0,0,0,0,0,0,0,0,0,1,1,1
pandas_12,63,-1,-1,18,0,0,0,0,0,0,0,0,0,0,0,0,0,0,0,0,0,0
pandas_13,1,1,1,-1,1,0,1032,25,1,0,0,0,0,0,1,1,0,1,0,0,0,0
pandas_13,2,2,2,1,1,0,47,2,0,0,0,0,0,0,0,1,0,1,0,0,0,0
pandas_13,3,-1,-1,2,0,0,18,2,0,0,0,0,0,0,0,0,0,0,0,0,0,0
pandas_13,4,-1,-1,-1,0,0,25,2,0,0,0,0,0,0,0,0,0,0,0,0,0,0
pandas_13,5,-1,-1,-1,0,0,38,2,0,0,0,0,0,0,0,0,0,0,0,0,0,0
pandas_13,6,-1,-1,-1,0,0,23,1,0,0,0,0,0,0,0,0,0,0,0,0,0,0
pandas_13,7,-1,-1,-1,0,0,101,3,0,0,0,0,0,0,0,0,0,0,0,0,0,0
pandas_13,8,-1,-1,-1,0,0,47,2,0,0,0,0,0,0,0,0,0,0,0,0,0,0
pandas_13,9,-1,-1,-1,0,0,33,2,0,0,0,0,0,0,0,0,0,0,0,0,0,0
pandas_13,10,3,3,-1,1,0,76,3,0,0,0,0,0,0,0,0,0,0,0,0,0,0
pandas_13,11,-1,-1,3,0,0,79,2,0,0,0,0,0,0,0,0,0,1,0,0,0,0
pandas_13,12,-1,-1,-1,0,0,136,4,0,0,0,0,0,0,0,0,0,0,0,0,0,0
pandas_13,13,4,4,-1,1,0,564,12,0,0,0,0,0,1,0,1,0,0,0,0,0,0
pandas_13,14,5,5,4,1,0,562,13,0,0,0,0,0,1,0,1,0,0,0,0,0,0
pandas_13,15,6,6,5,1,0,440,16,0,0,0,0,0,0,0,1,0,0,0,0,0,0
pandas_13,16,7,7,6,1,0,120,3,0,0,0,0,0,0,0,0,0,0,0,0,0,0
pandas_13,17,-1,-1,7,0,0,165,5,0,0,0,0,0,0,0,0,0,1,0,0,0,0
pandas_13,18,8,8,-1,1,0,207,4,0,0,0,0,0,0,1,0,0,0,0,0,0,0
pandas_13,19,9,9,8,1,0,116,4,0,1,1,0,0,0,0,0,0,0,0,0,0,0
pandas_13,20,-1,-1,9,0,0,590,20,0,1,0,0,0,0,0,1,0,0,0,0,0,0
pandas_13,21,10,10,-1,1,0,119,3,0,1,1,0,0,0,0,0,0,0,0,0,0,0
pandas_13,22,11,11,10,1,0,198,4,0,1,1,0,0,0,0,0,0,0,0,0,0,0
pandas_13,23,12,12,11,1,0,109,4,0,1,1,0,0,0,0,0,0,0,0,0,0,0
pandas_13,24,13,13,12,1,0,115,3,0,1,1,0,0,0,0,0,0,0,0,0,0,0
pandas_13,25,-1,-1,13,0,0,485,15,0,1,0,0,0,0,0,0,0,0,0,0,0,0
pandas_13,26,14,14,-1,1,0,234,5,0,1,1,0,0,0,0,0,0,0,0,0,0,0
pandas_13,27,-1,-1,14,0,0,279,6,0,1,1,0,0,0,0,0,0,0,0,0,0,0
pandas_13,28,-1,-1,-1,0,0,620,26,0,0,0,0,0,0,0,0,0,0,0,0,0,0
pandas_13,29,-1,-1,-1,0,0,33,2,0,0,0,0,0,0,0,0,0,0,0,0,0,0
pandas_13,30,15,15,-1,1,0,581,15,0,0,0,0,0,0,0,1,0,0,0,1,0,1
pandas_13,31,-1,-1,15,0,0,404,11,0,0,1,0,0,0,0,0,0,0,0,0,0,0
pandas_13,32,-1,-1,-1,0,0,419,7,0,0,0,0,0,0,0,1,0,0,0,0,0,0
pandas_14,1,1,1,-1,1,0,159,6,1,0,0,0,0,0,0,0,0,0,0,0,0,0
pandas_14,2,-1,-1,1,0,0,96,2,0,0,0,0,0,0,0,0,0,0,0,0,0,0
pandas_14,3,2,2,-1,1,0,127,3,0,0,0,0,0,0,0,1,0,1,0,0,0,0
pandas_14,4,-1,-1,2,0,0,41,2,0,0,0,0,0,0,0,0,0,0,0,0,0,0
pandas_14,5,-1,-1,-1,0,0,13,1,0,0,0,0,0,0,0,0,0,0,0,0,0,0
pandas_14,6,-1,-1,-1,0,0,194,3,0,0,0,0,0,0,0,1,0,0,0,0,0,0
pandas_14,7,-1,-1,-1,0,0,9,1,0,0,0,0,0,0,0,0,0,0,0,0,0,0
pandas_14,8,-1,-1,-1,0,0,63,2,0,0,0,0,0,0,0,0,0,0,0,0,0,0
pandas_14,9,-1,-1,-1,0,0,62,2,0,0,0,0,0,0,0,0,0,0,0,0,0,0
pandas_14,10,-1,-1,-1,0,0,64,2,0,0,0,0,0,0,0,0,0,0,0,0,0,0
pandas_14,11,-1,-1,-1,0,0,277,9,0,0,0,0,0,0,0,1,0,0,0,0,0,0
pandas_14,12,-1,-1,-1,0,0,31,1,0,0,0,0,0,0,0,1,0,0,0,0,0,0
pandas_14,13,-1,-1,-1,0,0,42,2,0,0,0,0,0,0,0,1,0,0,0,0,0,0
pandas_14,14,-1,-1,-1,0,0,28,1,0,0,0,0,0,0,0,0,0,0,0,0,0,0
pandas_14,15,-1,-1,-1,0,0,48,2,0,0,0,0,0,0,0,0,0,0,0,0,0,0
pandas_14,16,-1,-1,-1,0,0,98,3,0,0,0,0,0,0,0,0,0,0,0,0,0,0
pandas_14,17,-1,-1,-1,0,0,175,5,1,0,0,0,0,0,0,0,0,0,0,0,0,0
pandas_14,18,-1,-1,-1,0,0,294,10,1,0,0,0,0,0,0,1,0,0,0,0,0,0
pandas_14,19,-1,-1,-1,0,0,56,2,0,0,0,0,0,0,0,0,0,0,0,0,0,0
pandas_14,20,-1,-1,-1,0,0,328,6,0,0,0,0,0,0,0,1,0,0,0,0,0,0
pandas_14,21,3,3,-1,1,0,56,2,0,0,0,1,0,0,0,0,0,0,0,0,0,0
pandas_14,22,4,4,3,1,0,208,2,0,0,0,0,0,0,0,1,0,0,0,0,0,0
pandas_14,23,-1,-1,4,0,0,137,2,0,0,0,0,0,0,0,1,0,0,0,0,0,0
pandas_14,24,5,5,-1,1,0,381,12,1,0,0,0,0,1,0,1,0,0,0,0,0,0
pandas_14,25,-1,-1,5,0,0,9,1,0,0,0,0,0,0,0,0,0,0,0,0,0,0
pandas_14,26,6,6,-1,1,0,301,9,0,0,0,0,0,0,0,1,0,0,0,0,0,0
pandas_14,27,-1,-1,6,0,0,194,3,0,0,0,0,0,0,0,1,0,0,0,0,0,0
pandas_14,28,-1,-1,-1,0,0,8,1,0,0,0,0,0,0,0,0,0,0,0,0,0,0
pandas_14,29,-1,-1,-1,0,0,9,1,0,0,0,0,0,0,0,0,0,0,0,0,0,0
pandas_14,30,-1,-1,-1,0,0,248,9,1,0,0,1,0,1,0,1,0,0,0,0,0,0
pandas_14,31,-1,-1,-1,0,0,305,6,1,0,0,0,0,0,0,1,0,0,0,0,0,0
pandas_14,32,-1,-1,-1,0,0,632,18,1,1,1,0,0,0,1,0,0,0,0,0,0,0
pandas_14,33,-1,-1,-1,0,0,624,19,1,0,0,1,0,0,0,0,0,0,0,0,0,0
pandas_14,34,-1,-1,-1,0,0,916,23,1,1,1,1,0,0,1,1,0,0,0,0,0,0
pandas_14,35,-1,-1,-1,0,0,872,23,1,1,1,1,0,0,1,1,0,0,0,0,0,0
pandas_14,36,-1,-1,-1,0,0,551,16,1,0,0,0,0,0,0,0,0,0,0,0,0,0
pandas_14,37,-1,-1,-1,0,0,2,1,0,0,0,0,0,0,0,0,0,0,0,0,0,0
pandas_14,38,7,7,-1,1,0,586,20,0,0,0,0,0,0,0,1,0,0,0,1,0,1
pandas_15,1,1,1,-1,1,0,92,4,1,0,0,0,0,0,0,0,0,0,0,0,0,0
pandas_15,2,2,2,1,1,0,122,3,0,0,0,0,0,0,0,1,0,1,0,0,0,0
pandas_15,3,-1,-1,2,0,0,12,1,0,0,0,0,0,0,0,0,0,0,0,0,0,0
pandas_15,4,-1,-1,-1,0,0,11,1,0,0,0,0,0,0,0,0,0,0,0,0,0,0
pandas_15,5,-1,-1,-1,0,0,10,1,0,0,0,0,0,0,0,0,0,0,0,0,0,0
pandas_15,6,-1,-1,-1,0,0,16,1,0,0,0,0,0,0,0,0,0,0,0,0,0,0
pandas_15,7,-1,-1,-1,0,0,65,2,0,0,0,0,0,0,0,0,0,0,0,0,0,0
pandas_15,8,-1,-1,-1,0,0,12,1,0,0,0,0,0,0,0,0,0,0,0,0,0,0
pandas_15,9,3,3,-1,1,0,528,13,0,0,0,1,0,0,0,0,0,0,1,0,0,0
pandas_15,10,-1,-1,3,0,0,346,6,0,0,0,0,0,0,0,0,0,0,0,0,0,0
pandas_15,11,-1,-1,-1,0,0,110,2,0,0,0,0,0,0,0,0,0,0,0,0,0,0
pandas_15,12,-1,-1,-1,0,0,122,6,0,0,0,0,0,0,0,1,0,0,0,0,0,0
pandas_15,13,-1,-1,-1,0,0,29,1,0,0,0,0,0,0,0,0,0,0,0,0,0,0
pandas_15,14,-1,-1,-1,0,0,110,2,0,0,0,0,0,0,0,0,0,0,0,0,0,0
pandas_15,15,-1,-1,-1,0,0,122,6,0,0,0,0,0,0,0,1,0,0,0,0,0,0
pandas_15,16,4,4,-1,1,0,68,1,0,0,0,1,0,0,0,0,0,0,0,1,0,1
pandas_15,17,-1,-1,4,0,0,891,11,0,0,0,0,0,0,0,0,0,0,0,0,0,0
pandas_15,18,-1,-1,-1,0,0,313,4,0,0,0,0,0,0,0,0,0,0,0,0,0,0
pandas_15,19,-1,-1,-1,0,0,55,2,0,0,0,0,0,0,0,0,0,0,0,0,0,0
pandas_15,20,-1,-1,-1,0,0,1348,17,0,0,0,0,0,0,0,0,0,0,0,0,0,0
pandas_15,21,-1,-1,-1,0,0,829,11,0,0,0,0,0,0,0,0,0,0,0,0,0,0
pandas_15,22,-1,-1,-1,0,0,37,1,0,0,0,0,0,0,0,0,0,0,0,0,0,0
pandas_15,23,-1,-1,-1,0,0,80,2,0,0,0,0,0,0,0,0,0,0,0,0,0,0
pandas_15,24,-1,-1,-1,0,0,5,1,0,0,0,0,0,0,0,0,0,0,0,0,0,0
pandas_15,25,-1,-1,-1,0,0,583,9,0,0,0,0,0,0,0,0,0,0,0,0,0,0
pandas_15,26,-1,-1,-1,0,0,251,5,1,1,0,0,0,0,1,0,0,0,0,0,0,0
pandas_15,27,-1,-1,-1,0,0,33,2,0,0,1,0,0,0,0,0,0,0,0,0,0,0
pandas_15,28,-1,-1,-1,0,0,26,1,0,0,0,0,0,0,0,0,0,0,0,0,0,0
pandas_15,29,-1,-1,-1,0,0,98,2,0,0,0,0,0,0,0,0,0,0,0,0,0,0
pandas_15,30,-1,-1,-1,0,0,563,8,0,0,0,0,0,0,0,0,0,0,0,0,0,0
pandas_15,31,-1,-1,-1,0,0,30,1,0,0,1,0,0,0,0,0,0,0,0,0,0,0
pandas_15,32,-1,-1,-1,0,0,162,7,0,0,0,0,0,0,0,1,0,0,0,0,0,0
pandas_2,1,-1,-1,-1,0,0,930,17,1,0,0,0,0,0,0,1,0,1,0,0,0,0
pandas_2,2,1,1,-1,1,0,109,5,1,0,0,0,0,0,0,0,0,0,0,0,0,0
pandas_2,3,2,2,1,1,0,109,2,0,0,0,0,0,0,0,1,0,1,0,0,0,0
pandas_2,4,-1,-1,2,0,0,8,1,0,0,0,0,0,0,0,0,0,0,0,0,0,0
pandas_2,5,-1,-1,-1,0,0,15,1,0,0,0,0,0,0,0,0,0,0,0,0,0,0
pandas_2,6,-1,-1,-1,0,0,7,1,0,0,0,0,0,0,0,0,0,0,0,0,0,0
pandas_2,7,-1,-1,-1,0,0,14,1,0,0,0,0,0,0,0,0,0,0,0,0,0,0
pandas_2,8,-1,-1,-1,0,0,48,1,0,0,0,0,0,0,0,1,0,0,0,0,0,0
pandas_2,9,-1,-1,-1,0,0,25,1,0,0,0,0,0,0,0,0,0,0,0,0,0,0
pandas_2,10,-1,-1,-1,0,0,25,1,0,0,0,0,0,0,0,0,0,0,0,0,0,0
pandas_2,11,-1,-1,-1,0,0,25,1,0,0,0,0,0,0,0,1,0,0,0,0,0,0
pandas_2,12,-1,-1,-1,0,0,15,1,0,0,0,0,0,0,0,0,0,0,0,0,0,0
pandas_2,13,-1,-1,-1,0,0,44,1,0,0,0,0,0,0,0,0,0,0,0,0,0,0
pandas_2,14,-1,-1,-1,0,0,107,2,0,0,0,0,0,0,0,1,0,0,0,0,0,0
pandas_2,15,-1,-1,-1,0,0,109,2,0,0,0,0,0,0,0,0,0,0,0,0,0,0
pandas_2,16,-1,-1,-1,0,0,15,1,0,0,0,0,0,0,0,0,0,0,0,0,0,0
pandas_2,17,-1,-1,-1,0,0,16,1,0,0,0,0,0,0,0,0,0,0,0,0,0,0
pandas_2,18,-1,-1,-1,0,0,105,2,0,0,0,0,0,0,0,0,0,0,0,0,0,0
pandas_2,19,-1,-1,-1,0,0,104,2,0,0,0,0,0,0,0,0,0,0,0,0,0,0
pandas_2,20,-1,-1,-1,0,0,106,2,0,0,0,0,0,0,0,0,0,0,0,0,0,0
pandas_2,21,-1,-1,-1,0,0,104,2,0,0,0,0,0,0,0,0,0,0,0,0,0,0
pandas_2,22,-1,-1,-1,0,0,99,2,0,0,0,0,0,0,0,0,0,0,0,0,0,0
pandas_2,23,-1,-1,-1,0,0,101,2,0,0,0,0,0,0,0,0,0,0,0,0,0,0
pandas_2,24,-1,-1,-1,0,0,103,2,0,0,0,0,0,0,0,0,0,0,0,0,0,0
pandas_2,25,-1,-1,-1,0,0,16,1,0,0,0,0,0,0,0,0,0,0,0,0,0,0
pandas_2,26,-1,-1,-1,0,0,116,4,0,0,0,0,0,0,0,1,0,0,0,0,0,0
pandas_2,27,-1,-1,-1,0,0,24,1,0,0,0,0,0,0,0,0,0,0,0,0,0,0
pandas_2,28,3,3,-1,1,0,273,5,0,0,0,0,0,0,0,1,0,0,0,0,0,0
pandas_2,29,4,4,3,1,0,272,12,0,0,0,1,0,0,0,0,0,0,1,1,0,1
pandas_2,30,-1,-1,4,0,0,1546,28,0,0,0,0,0,0,0,0,0,0,1,0,0,0
pandas_2,31,-1,-1,-1,0,0,22,1,0,0,0,0,0,0,0,0,0,0,0,0,0,0
pandas_2,32,-1,-1,-1,0,0,181,1,0,0,0,0,0,0,0,0,0,0,0,0,0,0
pandas_2,33,-1,-1,-1,0,0,25,1,0,0,0,0,0,0,0,0,0,0,0,0,0,0
pandas_2,34,-1,-1,-1,0,0,239,4,0,0,0,0,0,0,0,1,0,0,0,0,0,0
pandas_2,35,-1,-1,-1,0,0,14,1,0,0,0,0,0,0,0,0,0,0,0,0,0,0
pandas_2,36,-1,-1,-1,0,0,160,4,1,0,0,0,0,1,0,0,0,0,0,0,0,0
pandas_2,37,-1,-1,-1,0,0,8,1,0,0,0,0,0,0,0,0,0,0,0,0,0,0
pandas_2,38,-1,-1,-1,0,0,66,2,0,0,0,0,0,0,0,0,0,0,0,0,0,0
pandas_2,39,-1,-1,-1,0,0,5,1,0,0,0,0,0,0,0,0,0,0,0,0,0,0
pandas_2,40,-1,-1,-1,0,0,118,5,0,0,0,1,0,0,0,0,0,0,0,0,0,0
pandas_2,41,-1,-1,-1,0,0,6,1,0,0,0,0,0,0,0,0,0,0,0,0,0,0
pandas_2,42,-1,-1,-1,0,0,236,5,1,0,0,0,0,0,0,0,0,0,0,0,0,0
pandas_2,43,-1,-1,-1,0,0,593,21,0,1,1,0,0,0,0,0,0,0,0,0,0,0
pandas_2,44,-1,-1,-1,0,0,102,3,1,0,0,0,0,0,0,0,0,0,0,0,0,0
pandas_2,45,-1,-1,-1,0,0,53,1,0,0,0,0,0,0,0,0,0,0,0,0,0,0
pandas_2,46,-1,-1,-1,0,0,35,1,0,0,0,0,0,0,0,0,0,0,0,0,0,0
pandas_2,47,-1,-1,-1,0,0,50,2,0,0,0,0,0,0,0,0,0,0,0,0,0,0
pandas_2,48,-1,-1,-1,0,0,758,22,0,1,1,0,0,0,0,1,0,1,0,0,0,0
pandas_2,49,-1,-1,-1,0,0,19,1,0,0,0,0,0,0,0,0,0,0,0,0,0,0
pandas_2,50,-1,-1,-1,0,0,15,1,0,0,0,0,0,0,0,1,0,0,0,0,0,0
pandas_2,51,-1,-1,-1,0,0,101,2,0,0,0,0,0,0,0,1,0,0,0,0,0,0
pandas_2,52,-1,-1,-1,0,0,146,2,0,0,0,0,0,0,0,1,0,0,0,0,0,0
pandas_3,1,-1,-1,-1,0,0,42,1,0,0,0,0,0,0,0,0,0,0,0,0,0,0
pandas_3,2,1,1,-1,1,0,918,25,1,0,0,1,0,0,0,1,0,1,0,0,0,0
pandas_3,3,2,2,1,1,0,785,18,0,1,0,1,0,1,0,0,0,0,0,1,0,1
pandas_3,4,3,3,2,1,0,91,2,0,0,0,0,0,0,0,0,0,0,0,0,0,0
pandas_3,5,-1,-1,3,0,0,12,1,0,0,0,0,0,0,0,0,0,0,0,0,0,0
pandas_3,6,-1,-1,-1,0,0,72,2,0,0,0,0,0,0,0,0,0,0,0,0,0,0
pandas_3,7,-1,-1,-1,0,0,470,14,1,0,0,0,0,0,0,0,0,0,0,0,0,0
pandas_3,8,-1,-1,-1,0,0,1079,28,1,1,0,1,0,0,0,1,0,0,0,0,0,0
pandas_3,9,-1,-1,-1,0,0,10,1,0,0,0,0,0,0,0,0,0,0,0,0,0,0
pandas_3,10,-1,-1,-1,0,0,31,1,0,0,0,0,0,0,0,0,0,0,0,0,0,0
pandas_3,11,-1,-1,-1,0,0,387,11,0,0,0,0,0,0,0,0,0,0,0,0,0,0
pandas_3,12,-1,-1,-1,0,0,0,0,0,0,0,0,0,0,0,0,0,0,0,0,0,0
pandas_3,13,-1,-1,-1,0,0,0,0,0,0,0,0,0,0,0,0,0,0,0,0,0,0
pandas_4,1,1,1,-1,1,0,739,19,1,0,0,0,0,0,0,1,0,1,0,0,0,0
pandas_4,2,2,2,1,1,0,67,3,0,0,0,0,0,0,0,1,0,1,0,0,0,0
pandas_4,3,-1,-1,2,0,0,4,1,0,0,0,0,0,0,0,0,0,0,0,0,0,0
pandas_4,4,-1,-1,-1,0,0,41,2,0,0,0,0,0,0,0,0,0,0,0,0,0,0
pandas_4,5,-1,-1,-1,0,0,88,3,0,0,0,0,0,0,0,0,0,0,0,0,0,0
pandas_4,6,-1,-1,-1,0,0,327,6,0,0,0,0,0,0,0,0,0,0,0,0,0,0
pandas_4,7,3,3,-1,1,0,530,14,1,0,0,1,0,0,0,1,0,0,1,0,0,0
pandas_4,8,5,4,3,1,0,313,6,0,0,0,0,0,0,0,0,0,0,0,0,1,1
pandas_4,9,-1,-1,5,0,0,251,7,0,0,0,0,0,0,0,0,0,0,0,0,0,0
pandas_4,10,6,5,-1,1,0,895,21,0,0,0,0,0,0,0,0,0,0,0,1,1,1
pandas_4,11,-1,-1,6,0,0,336,5,0,0,0,0,0,0,0,0,0,0,0,0,0,0
pandas_4,12,-1,-1,-1,0,0,867,23,0,0,0,0,0,0,0,1,0,0,0,0,0,0
pandas_4,13,-1,-1,-1,0,0,111,6,0,0,0,0,0,0,0,0,0,0,0,0,0,0
pandas_4,14,-1,-1,-1,0,0,822,16,0,0,0,0,0,0,0,1,0,0,0,0,0,0
pandas_4,15,-1,-1,-1,0,0,1689,55,0,0,0,0,0,0,0,0,0,0,0,0,0,0
pandas_4,16,-1,-1,-1,0,0,850,19,0,0,0,0,0,0,0,0,0,0,0,0,0,0
pandas_4,17,-1,-1,-1,0,0,600,17,0,0,0,0,0,0,0,0,0,0,0,0,0,0
pandas_4,18,-1,-1,-1,0,0,183,3,0,0,1,0,0,0,0,0,0,0,0,0,0,0
pandas_4,19,-1,-1,-1,0,0,1854,52,0,0,0,0,0,0,0,0,0,0,0,0,0,0
pandas_4,20,-1,-1,-1,0,0,166,3,0,0,0,0,0,0,0,0,0,0,0,0,0,0
pandas_5,1,-1,-1,-1,0,0,679,14,1,0,0,0,0,0,0,1,0,1,0,0,0,0
pandas_5,2,-1,-1,-1,0,0,25,1,0,0,0,0,0,0,0,0,0,0,0,0,0,0
pandas_5,3,-1,-1,-1,0,0,842,22,1,0,0,0,0,0,0,0,0,0,0,0,0,0
pandas_5,4,-1,-1,-1,0,0,96,1,0,0,0,0,0,0,0,1,0,1,0,0,0,0
pandas_5,5,-1,-1,-1,0,0,23,1,0,0,0,0,0,0,0,0,0,0,0,0,0,0
pandas_5,6,-1,-1,-1,0,0,133,5,0,0,0,0,0,0,0,0,0,0,0,0,0,0
pandas_5,7,-1,-1,-1,0,0,152,2,0,0,0,0,0,0,0,0,0,0,0,0,0,0
pandas_5,8,-1,-1,-1,0,0,157,5,0,0,0,0,0,0,0,0,0,0,0,0,0,0
pandas_5,9,-1,-1,-1,0,0,169,5,0,0,0,0,0,0,0,1,0,0,0,0,0,0
pandas_5,10,-1,-1,-1,0,0,79,1,0,0,0,0,0,0,0,1,0,0,0,0,0,0
pandas_5,11,-1,-1,-1,0,0,308,7,0,0,0,0,0,0,0,1,0,0,0,0,0,0
pandas_5,12,-1,-1,-1,0,0,345,12,0,0,0,0,0,0,0,0,0,0,0,0,0,0
pandas_5,13,-1,-1,-1,0,0,317,11,0,0,0,0,0,0,0,1,0,0,0,0,0,0
pandas_5,14,-1,-1,-1,0,0,542,14,0,0,0,0,0,0,0,1,0,0,0,0,0,0
pandas_5,15,-1,-1,-1,0,0,73,1,0,0,0,0,0,0,0,1,0,0,0,0,0,0
pandas_5,16,-1,-1,-1,0,0,448,20,0,0,0,0,0,0,0,0,0,0,0,0,0,0
pandas_5,17,-1,-1,-1,0,0,569,13,0,0,0,0,0,0,0,0,0,0,0,0,0,0
pandas_5,18,-1,-1,-1,0,0,273,9,0,0,0,0,0,0,0,1,0,0,0,0,0,0
pandas_5,19,-1,-1,-1,0,0,244,8,0,0,0,0,0,0,0,1,0,0,0,0,0,0
pandas_5,20,-1,-1,-1,0,0,208,8,0,0,0,0,0,0,0,1,0,0,0,0,0,0
pandas_5,21,-1,-1,-1,0,0,1654,38,0,0,0,0,0,0,0,1,0,0,0,0,0,0
pandas_5,22,-1,-1,-1,0,0,98,2,0,0,0,0,0,0,0,0,0,0,0,0,0,0
pandas_5,23,1,1,-1,1,0,172,6,1,0,0,0,0,0,0,0,0,0,0,0,0,0
pandas_5,24,2,2,1,1,0,70,2,0,0,0,0,0,0,0,1,0,1,0,0,0,0
pandas_5,25,-1,-1,2,0,0,54,2,0,0,0,0,0,0,0,0,0,0,0,0,0,0
pandas_5,26,-1,-1,-1,0,0,12,1,0,0,0,0,0,0,0,0,0,0,0,0,0,0
pandas_5,27,-1,-1,-1,0,0,11,1,0,0,0,0,0,0,0,0,0,0,0,0,0,0
pandas_5,28,-1,-1,-1,0,0,20,1,0,0,0,0,0,0,0,0,0,0,0,0,0,0
pandas_5,29,-1,-1,-1,0,0,179,2,0,0,0,0,0,0,0,0,0,0,0,0,0,0
pandas_5,30,-1,-1,-1,0,0,35,1,0,0,0,0,0,0,0,0,0,0,0,0,0,0
pandas_5,31,-1,-1,-1,0,0,5,1,0,0,0,0,0,0,0,0,0,0,0,0,0,0
pandas_5,32,-1,-1,-1,0,0,65,2,0,0,0,0,0,0,0,0,0,0,0,0,0,0
pandas_5,33,-1,-1,-1,0,0,29,1,0,0,0,0,0,0,0,0,0,0,0,0,0,0
pandas_5,34,-1,-1,-1,0,0,23,1,0,0,0,0,0,0,0,0,0,0,0,0,0,0
pandas_5,35,-1,-1,-1,0,0,53,1,0,0,0,0,0,0,0,0,0,0,0,0,0,0
pandas_5,36,-1,-1,-1,0,0,57,1,0,0,0,0,0,0,0,0,0,0,0,0,0,0
pandas_5,37,-1,-1,-1,0,0,80,2,0,0,0,0,0,0,0,0,0,0,0,0,0,0
pandas_5,38,-1,-1,-1,0,0,109,1,0,0,0,0,0,0,0,0,0,0,0,0,0,0
pandas_5,39,-1,-1,-1,0,0,128,3,0,0,0,0,0,0,0,0,0,0,0,0,0,0
pandas_5,40,-1,-1,-1,0,0,80,1,0,0,0,0,0,0,0,0,0,0,0,0,0,0
pandas_5,41,-1,-1,-1,0,0,2,1,0,0,0,0,0,0,0,0,0,0,0,0,0,0
pandas_5,42,-1,-1,-1,0,0,82,2,0,0,0,0,0,0,0,0,0,0,0,0,0,0
pandas_5,43,-1,-1,-1,0,0,39,1,0,0,0,0,0,0,0,0,0,0,0,0,0,0
pandas_5,44,-1,-1,-1,0,0,57,2,0,0,0,0,0,0,0,0,0,0,0,0,0,0
pandas_5,45,-1,-1,-1,0,0,117,2,0,0,0,0,0,0,0,0,0,0,0,0,0,0
pandas_5,46,-1,-1,-1,0,0,133,3,0,0,0,0,0,0,0,0,0,0,0,0,0,0
pandas_5,47,-1,-1,-1,0,0,60,2,0,0,0,0,0,0,0,0,0,0,0,0,0,0
pandas_5,48,-1,-1,-1,0,0,117,1,0,0,0,0,0,0,0,0,0,0,0,0,0,0
pandas_5,49,-1,-1,-1,0,0,136,3,0,0,0,0,0,0,0,0,0,0,0,0,0,0
pandas_5,50,-1,-1,-1,0,0,34,1,0,0,0,0,0,0,0,0,0,0,0,0,0,0
pandas_5,51,-1,-1,-1,0,0,64,1,0,0,0,0,0,0,0,0,0,0,0,0,0,0
pandas_5,52,-1,-1,-1,0,0,27,1,0,0,0,0,0,0,0,0,0,0,0,0,0,0
pandas_5,53,3,3,-1,1,0,199,2,0,0,0,0,0,0,0,0,0,0,0,0,0,0
pandas_5,54,4,4,3,1,0,77,1,0,0,0,0,0,0,0,0,0,0,0,0,0,0
pandas_5,55,5,5,4,1,0,43,1,0,0,0,0,0,0,0,1,0,0,0,0,0,0
pandas_5,56,6,6,5,1,0,352,4,0,0,0,0,0,0,0,0,0,0,0,0,0,0
pandas_5,57,7,7,6,1,0,258,7,1,0,0,0,0,1,0,0,0,0,0,0,0,0
pandas_5,58,8,8,7,1,0,29,1,0,0,0,1,0,0,0,0,0,0,0,0,0,0
pandas_5,59,9,9,8,1,0,71,2,0,0,0,0,0,0,0,0,0,0,0,0,0,0
pandas_5,60,-1,-1,9,0,0,5,1,0,0,0,0,0,0,0,0,0,0,0,0,0,0
pandas_5,61,10,10,-1,1,0,462,6,0,0,0,0,0,0,0,1,0,0,0,0,0,0
pandas_5,62,11,11,10,1,0,254,7,1,0,0,0,0,1,0,0,0,0,0,0,0,0
pandas_5,63,12,12,11,1,0,69,2,0,0,0,0,0,0,0,0,0,0,0,0,0,0
pandas_5,64,13,13,12,1,0,212,5,1,0,0,1,0,0,1,0,0,0,0,0,0,0
pandas_5,65,-1,-1,13,0,0,10,1,0,0,0,0,0,0,0,0,0,0,0,0,0,0
pandas_5,66,15,14,-1,1,0,27,1,0,0,0,1,0,0,0,0,0,0,0,0,1,1
pandas_5,67,-1,-1,15,0,0,15,1,0,0,0,0,0,0,0,0,0,0,0,0,0,0
pandas_5,68,-1,-1,-1,0,0,703,13,1,0,0,0,0,0,1,0,0,0,0,0,0,0
pandas_5,69,-1,-1,-1,0,0,13,1,0,0,0,0,0,0,0,0,0,0,0,0,0,0
pandas_5,70,-1,-1,-1,0,0,14,1,0,0,0,0,0,0,0,0,0,0,0,0,0,0
pandas_5,71,-1,-1,-1,0,0,464,10,0,1,0,0,0,0,0,0,0,0,0,0,0,0
pandas_5,72,-1,-1,-1,0,0,66,2,0,0,0,0,0,0,0,0,0,1,0,0,0,0
pandas_5,73,-1,-1,-1,0,0,25,1,0,0,0,0,0,0,0,0,0,0,0,0,0,0
pandas_5,74,-1,-1,-1,0,0,43,1,0,0,0,0,0,0,0,0,0,1,0,0,0,0
pandas_5,75,-1,-1,-1,0,0,28,1,0,0,1,0,0,0,0,0,0,0,0,0,0,0
pandas_5,76,-1,-1,-1,0,0,45,1,0,0,0,0,0,0,0,0,0,0,0,0,0,0
pandas_5,77,-1,-1,-1,0,0,290,11,0,0,0,0,0,0,0,0,0,0,0,0,0,0
pandas_5,78,-1,-1,-1,0,0,30,1,0,0,0,0,0,0,0,0,0,0,0,0,0,0
pandas_5,79,16,15,-1,1,0,161,5,0,0,0,0,0,0,0,0,0,0,0,1,1,1
pandas_5,80,-1,-1,16,0,0,405,9,0,0,0,0,0,0,0,0,0,0,0,0,0,0
pandas_5,81,-1,-1,-1,0,0,857,20,0,1,1,0,0,0,0,0,0,0,0,0,0,0
pandas_5,82,-1,-1,-1,0,0,53,1,1,0,0,0,0,0,0,0,0,0,0,0,0,0
pandas_5,83,-1,-1,-1,0,0,17,1,0,0,0,0,0,0,0,0,0,0,0,0,0,0
pandas_5,84,-1,-1,-1,0,0,204,5,0,0,0,0,0,0,0,0,0,0,0,0,0,0
pandas_5,85,-1,-1,-1,0,0,69,2,0,0,0,0,0,0,0,0,0,0,0,0,0,0
pandas_5,86,-1,-1,-1,0,0,252,2,0,0,0,0,0,0,0,0,0,0,0,0,0,0
pandas_5,87,-1,-1,-1,0,0,30,1,0,1,0,0,0,0,0,0,0,0,0,0,0,0
pandas_5,88,-1,-1,-1,0,0,75,2,0,0,0,0,0,0,0,0,0,1,0,0,0,0
pandas_5,89,-1,-1,-1,0,0,278,11,0,0,0,0,0,0,0,0,0,0,0,0,0,0
pandas_5,90,-1,-1,-1,0,0,108,4,0,0,0,0,0,0,0,0,0,0,0,0,0,0
pandas_5,91,-1,-1,-1,0,0,920,21,0,0,0,0,0,0,0,0,0,0,0,0,0,0
pandas_5,92,-1,-1,-1,0,0,1574,33,0,1,0,0,0,0,0,0,0,0,0,0,0,0
pandas_5,93,-1,-1,-1,0,0,4,1,0,0,0,0,0,0,0,0,0,0,0,0,0,0
pandas_5,94,-1,-1,-1,0,0,41,1,0,0,0,0,0,0,0,0,0,0,0,0,0,0
pandas_5,95,-1,-1,-1,0,0,271,11,0,0,0,0,0,0,0,0,0,0,0,0,0,0
pandas_5,96,-1,-1,-1,0,0,490,7,0,1,0,0,0,0,1,0,0,0,0,0,0,0
pandas_5,97,-1,-1,-1,0,0,4,1,0,0,0,0,0,0,0,0,0,0,0,0,0,0
pandas_5,98,-1,-1,-1,0,0,59,1,0,0,0,0,0,0,0,0,0,0,0,0,0,0
pandas_5,99,-1,-1,-1,0,0,148,3,0,0,0,0,0,0,0,1,0,0,0,0,0,0
pandas_5,100,-1,-1,-1,0,0,49,2,0,0,0,1,0,0,0,0,0,0,1,0,0,0
pandas_5,101,-1,-1,-1,0,0,371,4,0,0,0,0,0,0,0,1,0,0,0,0,0,0
pandas_5,102,-1,-1,-1,0,0,55,1,0,0,0,0,0,0,0,0,0,0,0,0,0,0
pandas_5,103,-1,-1,-1,0,0,139,3,0,0,0,0,0,0,0,1,0,0,0,0,0,0
pandas_5,104,-1,-1,-1,0,0,0,0,0,0,0,0,0,0,0,0,0,0,0,0,0,0
pandas_6,1,1,1,-1,1,0,285,10,1,0,0,0,0,0,0,0,0,0,0,0,0,0
pandas_6,2,2,2,1,1,0,83,3,0,0,0,1,0,0,0,1,0,1,0,0,0,0
pandas_6,3,-1,-1,2,0,0,9,1,0,0,0,0,0,0,0,0,0,0,0,0,0,0
pandas_6,4,-1,-1,-1,0,0,17,1,0,0,0,0,0,0,0,0,0,0,0,0,0,0
pandas_6,5,3,3,-1,1,0,26,2,0,0,0,0,0,0,0,0,0,0,0,0,0,0
pandas_6,6,-1,-1,3,0,0,17,1,0,0,0,0,0,0,0,0,0,0,0,0,0,0
pandas_6,7,4,4,-1,1,0,100,2,0,0,0,0,0,0,0,1,0,0,0,1,0,1
pandas_6,8,-1,-1,4,0,0,40,2,0,0,0,0,0,0,0,1,0,0,0,0,0,0
pandas_6,9,-1,-1,-1,0,0,181,3,0,0,0,0,0,0,0,1,0,0,0,0,0,0
pandas_6,10,-1,-1,-1,0,0,9,1,0,0,0,0,0,0,0,0,0,0,0,0,0,0
pandas_6,11,-1,-1,-1,0,0,148,4,0,0,0,0,0,0,0,1,0,0,0,0,0,0
pandas_6,12,-1,-1,-1,0,0,28,1,0,0,0,0,0,0,0,0,0,0,0,0,0,0
pandas_6,13,-1,-1,-1,0,0,126,4,0,0,0,0,0,0,0,0,0,0,0,0,0,0
pandas_6,14,-1,-1,-1,0,0,136,4,0,0,0,0,0,0,0,1,0,1,0,0,0,0
pandas_6,15,-1,-1,-1,0,0,101,3,0,0,0,0,0,0,0,0,0,0,0,0,0,0
pandas_6,16,-1,-1,-1,0,0,11,1,0,0,0,0,0,0,0,0,0,0,0,0,0,0
pandas_6,17,-1,-1,-1,0,0,57,2,0,0,0,0,0,0,0,1,0,0,0,0,0,0
pandas_6,18,-1,-1,-1,0,0,27,2,0,0,0,0,0,0,0,1,0,0,0,0,0,0
pandas_6,19,-1,-1,-1,0,0,188,5,0,0,0,0,0,0,0,0,0,0,0,0,0,0
pandas_6,20,-1,-1,-1,0,0,132,3,0,0,0,0,0,0,0,0,0,0,0,0,0,0
pandas_6,21,-1,-1,-1,0,0,9,1,0,0,0,0,0,0,0,0,0,0,0,0,0,0
pandas_6,22,-1,-1,-1,0,0,45,2,0,0,0,0,0,0,0,1,0,0,0,0,0,0
pandas_6,23,-1,-1,-1,0,0,116,4,0,0,0,0,0,0,0,0,0,0,0,0,0,0
pandas_6,24,-1,-1,-1,0,0,139,3,0,0,0,0,0,0,0,0,0,0,0,0,0,0
pandas_6,25,-1,-1,-1,0,0,176,3,0,0,0,0,0,0,0,0,0,0,0,0,0,0
pandas_6,26,-1,-1,-1,0,0,75,3,0,0,0,0,0,0,0,1,0,0,0,0,0,0
pandas_6,27,-1,-1,-1,0,0,95,2,0,0,0,0,0,1,0,1,0,0,0,0,0,0
pandas_6,28,-1,-1,-1,0,0,243,11,1,0,0,0,0,0,0,1,0,0,0,0,0,0
pandas_6,29,-1,-1,-1,0,0,91,2,0,0,0,0,0,0,0,1,0,0,0,0,0,0
pandas_7,1,1,1,-1,1,0,315,10,1,0,0,0,0,0,1,0,0,0,0,0,0,0
pandas_7,2,2,2,1,1,0,59,2,0,0,0,0,0,0,0,1,0,1,0,0,0,0
pandas_7,3,-1,-1,2,0,0,273,4,0,0,0,0,0,0,0,1,0,0,0,0,0,0
pandas_7,4,3,3,-1,1,0,241,7,1,0,0,0,0,0,0,1,0,0,0,0,0,0
pandas_7,5,4,4,3,1,0,111,2,0,0,0,1,0,0,0,0,0,0,0,0,0,0
pandas_7,6,-1,-1,4,0,0,1213,29,1,0,0,0,0,0,0,0,0,0,0,0,0,0
pandas_7,7,5,5,-1,1,0,93,1,0,0,0,0,0,0,0,1,0,0,0,1,0,1
pandas_7,8,-1,-1,5,0,0,702,24,1,0,0,0,0,0,0,0,0,0,0,0,0,0
pandas_7,9,-1,-1,-1,0,0,614,15,0,0,0,0,0,0,0,0,0,0,0,0,0,0
pandas_7,10,-1,-1,-1,0,0,525,7,0,0,0,0,0,0,0,1,0,0,0,0,0,0
pandas_7,11,-1,-1,-1,0,0,334,5,0,0,0,0,0,0,0,0,0,0,0,0,0,0
pandas_7,12,-1,-1,-1,0,0,430,10,0,1,0,0,0,0,1,1,0,0,0,0,0,0
pandas_7,13,-1,-1,-1,0,0,180,4,0,0,0,0,0,0,0,0,0,0,0,0,0,0
pandas_7,14,-1,-1,-1,0,0,3566,94,0,1,0,0,0,0,1,1,0,0,0,0,0,0
pandas_7,15,-1,-1,-1,0,0,714,19,1,1,0,0,0,0,1,1,0,0,0,0,0,0
pandas_7,16,-1,-1,-1,0,0,60,3,0,1,0,0,0,0,0,0,0,0,0,0,0,0
pandas_7,17,-1,-1,-1,0,0,124,3,0,0,1,0,0,0,0,0,0,0,0,0,0,0
pandas_7,18,-1,-1,-1,0,0,81,2,0,0,0,0,0,0,0,0,0,0,0,0,0,0
pandas_7,19,-1,-1,-1,0,0,60,1,0,0,0,0,0,0,0,0,0,0,0,0,0,0
pandas_7,20,-1,-1,-1,0,0,150,3,0,0,1,0,0,0,0,0,0,0,0,0,0,0
pandas_7,21,-1,-1,-1,0,0,309,4,0,0,0,0,0,0,0,0,0,0,0,0,0,0
pandas_7,22,-1,-1,-1,0,0,175,2,0,0,0,0,0,0,0,0,0,0,0,0,0,0
pandas_8,1,1,1,-1,1,0,55,2,1,0,0,0,0,0,0,0,0,0,0,0,0,0
pandas_8,2,2,2,1,1,0,40,1,0,0,0,0,0,0,0,1,0,1,0,0,0,0
pandas_8,3,-1,-1,2,0,0,9,1,0,0,0,0,0,0,0,0,0,0,0,0,0,0
pandas_8,4,-1,-1,-1,0,0,10,1,0,0,0,0,0,0,0,0,0,0,0,0,0,0
pandas_8,5,-1,-1,-1,0,0,65,1,0,0,0,0,0,0,0,0,0,0,0,0,0,0
pandas_8,6,-1,-1,-1,0,0,25,1,0,0,0,0,0,0,0,1,0,0,0,0,0,0
pandas_8,7,3,3,-1,1,0,52,1,0,0,0,0,0,0,0,1,0,0,0,0,0,0
pandas_8,8,-1,-1,3,0,0,9,1,0,0,0,0,0,0,0,0,0,0,0,0,0,0
pandas_8,9,4,4,-1,1,0,36,1,0,0,0,0,0,0,0,1,0,0,0,1,0,1
pandas_8,10,-1,-1,4,0,0,21,1,0,0,0,0,0,0,0,1,0,0,0,0,0,0
pandas_8,11,-1,-1,-1,0,0,44,1,0,0,0,0,0,0,0,1,0,0,0,0,0,0
pandas_8,12,-1,-1,-1,0,0,19,1,0,0,0,0,0,0,0,1,0,0,0,0,0,0
pandas_8,13,-1,-1,-1,0,0,40,1,0,0,0,0,0,0,0,1,0,0,0,0,0,0
pandas_8,14,-1,-1,-1,0,0,31,1,0,0,0,0,0,0,0,1,0,0,0,0,0,0
pandas_8,15,-1,-1,-1,0,0,28,1,0,0,0,0,0,0,0,0,0,0,0,0,0,0
pandas_8,16,-1,-1,-1,0,0,63,1,0,0,0,0,0,0,0,0,0,0,0,0,0,0
pandas_8,17,-1,-1,-1,0,0,8,1,0,0,0,0,0,0,0,0,0,0,0,0,0,0
pandas_8,18,-1,-1,-1,0,0,66,1,0,0,0,0,0,0,0,0,0,0,0,0,0,0
pandas_8,19,-1,-1,-1,0,0,10,1,0,0,0,0,0,0,0,0,0,0,0,0,0,0
pandas_8,20,-1,-1,-1,0,0,84,1,0,0,0,0,0,0,0,0,0,0,1,0,0,0
pandas_8,21,-1,-1,-1,0,0,24,1,0,0,0,0,0,0,0,0,0,0,0,0,0,0
pandas_8,22,-1,-1,-1,0,0,72,1,0,0,0,0,0,0,0,0,0,0,0,0,0,0
pandas_8,23,-1,-1,-1,0,0,64,2,0,0,0,0,0,0,0,0,0,0,1,0,0,0
pandas_8,24,-1,-1,-1,0,0,15,1,0,0,0,0,0,0,0,0,0,0,0,0,0,0
pandas_8,25,-1,-1,-1,0,0,41,1,0,0,0,0,0,0,0,0,0,0,0,0,0,0
pandas_8,26,-1,-1,-1,0,0,62,1,0,0,0,0,0,0,0,0,0,0,0,0,0,0
pandas_8,27,-1,-1,-1,0,0,22,1,0,0,0,0,0,0,0,0,0,0,0,0,0,0
pandas_8,28,-1,-1,-1,0,0,10,1,0,0,0,0,0,0,0,0,0,0,0,0,0,0
pandas_8,29,-1,-1,-1,0,0,53,1,0,0,0,0,0,0,0,1,0,0,0,0,0,0
pandas_8,30,-1,-1,-1,0,0,86,1,0,0,0,0,0,0,0,0,0,0,0,0,0,0
pandas_8,31,-1,-1,-1,0,0,37,1,0,0,0,0,0,0,0,1,0,0,0,0,0,0
pandas_8,32,-1,-1,-1,0,0,22,1,0,0,0,0,0,0,0,1,0,0,0,0,0,0
pandas_8,33,-1,-1,-1,0,0,55,1,0,0,0,0,0,0,0,0,0,0,0,0,0,0
pandas_8,34,-1,-1,-1,0,0,64,1,0,0,0,0,0,0,0,1,0,0,0,0,0,0
pandas_8,35,-1,-1,-1,0,0,8,1,0,0,0,0,0,0,0,0,0,0,0,0,0,0
pandas_8,36,-1,-1,-1,0,0,55,1,0,0,0,1,0,0,0,1,0,0,1,0,0,0
pandas_8,37,-1,-1,-1,0,0,8,1,0,0,0,0,0,0,0,0,0,0,0,0,0,0
pandas_8,38,-1,-1,-1,0,0,10,1,0,0,0,0,0,0,0,0,0,0,0,0,0,0
pandas_8,39,-1,-1,-1,0,0,90,1,0,0,0,0,0,0,0,1,0,0,0,0,0,0
pandas_8,40,-1,-1,-1,0,0,2,1,0,0,0,0,0,0,0,0,0,0,0,0,0,0
pandas_8,41,-1,-1,-1,0,0,118,3,0,0,0,0,0,0,0,0,0,0,0,0,0,0
pandas_8,42,-1,-1,-1,0,0,2,1,0,0,0,0,0,0,0,0,0,0,0,0,0,0
pandas_9,1,1,1,-1,1,0,921,17,1,0,0,0,0,0,0,1,0,1,0,0,0,0
pandas_9,2,2,2,1,1,0,55,1,0,0,0,0,0,0,0,1,0,1,0,0,0,0
pandas_9,3,-1,-1,2,0,0,8,1,0,0,0,0,0,0,0,0,0,0,0,0,0,0
pandas_9,4,-1,-1,-1,0,0,2,1,0,0,0,0,0,0,0,0,0,0,0,0,0,0
pandas_9,5,3,3,-1,1,0,163,2,0,0,0,0,0,0,0,1,0,0,0,1,0,1
pandas_9,6,-1,-1,3,0,0,8,1,0,0,0,0,0,0,0,0,0,0,0,0,0,0
pandas_9,7,-1,-1,-1,0,0,74,1,0,0,0,0,0,0,0,1,0,0,0,0,0,0
pandas_9,8,-1,-1,-1,0,0,38,1,0,0,0,0,0,0,0,1,0,0,0,0,0,0
pandas_9,9,-1,-1,-1,0,0,220,5,0,0,0,0,0,0,0,1,0,0,0,0,0,0
pandas_9,10,-1,-1,-1,0,0,27,1,0,0,0,0,0,0,0,1,0,0,0,0,0,0
pandas_9,11,-1,-1,-1,0,0,312,2,0,0,0,0,0,0,0,1,0,0,0,0,0,0
pandas_9,12,-1,-1,-1,0,0,8,1,0,0,0,0,0,0,0,0,0,0,0,0,0,0
pandas_9,13,-1,-1,-1,0,0,19,1,0,0,0,0,0,0,0,0,0,0,0,0,0,0
pandas_9,14,-1,-1,-1,0,0,199,4,0,0,0,0,0,0,0,1,0,0,0,0,0,0
pandas_9,15,-1,-1,-1,0,0,0,0,0,0,0,0,0,0,0,0,0,0,0,0,0,0
pandas_9,16,-1,-1,-1,0,0,30,1,0,0,0,0,0,0,0,0,0,0,0,0,0,0
pandas_9,17,-1,-1,-1,0,0,37,1,0,0,0,0,0,0,0,0,0,0,0,0,0,0
pandas_9,18,-1,-1,-1,0,0,115,3,1,0,0,0,0,0,0,1,0,0,0,0,0,0
pandas_9,19,-1,-1,-1,0,0,30,1,0,0,0,0,0,0,0,1,0,0,0,0,0,0
pandas_9,20,-1,-1,-1,0,0,8,1,0,0,0,0,0,0,0,0,0,0,0,0,0,0
pandas_9,21,-1,-1,-1,0,0,41,1,0,0,0,0,0,0,0,0,0,0,0,0,0,0
pandas_9,22,-1,-1,-1,0,0,220,3,0,0,0,0,0,0,0,1,0,0,0,0,0,0
pandas_9,23,-1,-1,-1,0,0,446,13,1,0,0,0,0,0,0,1,0,0,0,0,0,0
pandas_9,24,-1,-1,-1,0,0,153,3,0,0,0,0,0,0,0,1,0,0,0,0,0,0
pandas_9,25,-1,-1,-1,0,0,76,1,0,0,0,0,0,0,0,0,0,0,0,0,0,0
pandas_9,26,-1,-1,-1,0,0,384,12,0,0,0,0,0,0,0,0,0,0,0,0,0,0
pandas_9,27,-1,-1,-1,0,0,41,1,0,0,0,0,0,0,0,1,0,0,0,0,0,0
pandas_9,28,-1,-1,-1,0,0,210,3,0,0,0,0,0,0,0,1,0,0,0,0,0,0
pandas_9,29,-1,-1,-1,0,0,66,1,0,0,0,0,0,0,0,0,0,0,0,0,0,0
pandas_9,30,-1,-1,-1,0,0,407,9,0,0,0,0,0,0,0,0,0,0,0,0,0,0
pandas_9,31,-1,-1,-1,0,0,340,9,0,0,0,0,0,0,0,0,0,0,0,0,0,0
pandas_9,32,-1,-1,-1,0,0,44,1,0,0,0,0,0,0,0,1,0,0,0,0,0,0
pandas_9,33,-1,-1,-1,0,0,299,10,0,0,0,0,0,0,0,1,0,0,0,0,0,0
pandas_9,34,-1,-1,-1,0,0,89,1,0,0,0,0,0,0,0,0,0,0,0,0,0,0
pandas_9,35,-1,-1,-1,0,0,619,15,0,0,0,0,0,0,0,0,0,0,0,0,0,0
pandas_9,36,-1,-1,-1,0,0,170,3,0,0,0,0,0,0,0,1,0,0,0,0,0,0
pandas_9,37,-1,-1,-1,0,0,530,13,0,0,0,0,0,1,0,1,0,0,0,0,0,0
pandas_9,38,-1,-1,-1,0,0,652,17,0,0,0,1,0,0,0,0,0,0,0,0,0,0
pandas_9,39,-1,-1,-1,0,0,405,8,0,0,0,0,0,1,0,0,0,0,0,0,0,0
pandas_9,40,-1,-1,-1,0,0,709,19,0,0,0,1,0,0,0,0,0,0,0,0,0,0
pandas_9,41,-1,-1,-1,0,0,49,2,0,0,0,0,0,0,0,0,0,0,0,0,0,0
pandas_9,42,-1,-1,-1,0,0,127,2,0,0,0,0,0,0,0,1,0,0,0,0,0,0
pandas_9,43,-1,-1,-1,0,0,101,1,0,0,0,0,0,0,0,1,0,0,0,0,0,0
pandas_9,44,-1,-1,-1,0,0,933,11,0,0,0,0,0,0,0,0,0,0,0,0,0,0
pandas_9,45,-1,-1,-1,0,0,217,3,0,0,0,0,0,0,0,0,0,0,0,0,0,0
pandas_9,46,-1,-1,-1,0,0,16,1,0,0,0,0,0,0,0,0,0,0,0,0,0,0
pandas_9,47,-1,-1,-1,0,0,0,0,0,0,0,0,0,0,0,0,0,0,0,0,0,0
seaborn_1,1,1,1,-1,1,0,848,26,1,0,0,0,0,0,0,0,0,0,0,0,0,0
seaborn_1,2,2,2,1,1,0,557,18,0,0,0,0,0,0,0,0,1,0,0,0,0,0
seaborn_1,3,3,3,2,1,0,338,10,0,0,0,0,0,0,0,0,0,0,0,0,0,0
seaborn_1,4,4,4,3,1,0,2216,33,0,0,0,0,0,0,0,0,0,0,0,0,0,0
seaborn_1,5,5,5,4,1,0,4111,91,0,0,0,0,0,0,0,0,0,0,0,0,0,0
seaborn_1,6,-1,-1,5,0,0,4120,103,0,0,0,0,0,0,0,0,0,0,0,0,0,0
seaborn_1,7,6,6,-1,1,0,773,16,0,0,0,0,0,0,0,0,0,0,0,0,0,0
seaborn_1,8,-1,-1,6,0,0,70,1,0,0,0,0,0,0,0,0,0,0,0,0,0,0
seaborn_1,9,-1,-1,-1,0,0,70,1,0,0,0,0,0,0,0,0,0,0,0,0,0,0
seaborn_1,10,-1,-1,-1,0,0,69,1,0,0,0,0,0,0,0,0,0,0,0,0,0,0
seaborn_1,11,7,7,-1,1,0,566,14,0,0,0,0,0,0,0,0,0,0,0,1,0,1
seaborn_1,12,-1,-1,7,0,0,489,13,0,0,0,0,0,0,0,0,0,0,0,0,0,0
seaborn_1,13,-1,-1,-1,0,0,485,16,1,0,0,0,0,0,0,0,0,0,0,0,0,0
seaborn_1,14,-1,-1,-1,0,0,334,10,0,0,0,0,0,0,0,0,0,0,0,0,0,0
seaborn_1,15,-1,-1,-1,0,0,331,6,0,1,0,0,0,0,0,0,0,0,0,0,0,0
seaborn_1,16,-1,-1,-1,0,0,760,25,0,0,0,0,0,0,0,0,0,0,0,0,0,0
seaborn_1,17,-1,-1,-1,0,0,586,15,0,0,0,0,0,0,0,0,0,0,0,0,0,0
seaborn_1,18,-1,-1,-1,0,0,284,6,0,1,0,0,0,0,0,0,0,0,0,0,0,0
seaborn_1,19,-1,-1,-1,0,0,587,15,0,0,0,0,0,0,0,0,0,0,0,0,0,0
seaborn_1,20,-1,-1,-1,0,0,212,5,0,0,1,0,0,0,0,0,0,0,0,0,0,0
seaborn_1,21,-1,-1,-1,0,0,212,5,0,0,1,0,0,0,0,0,0,0,0,0,0,0
seaborn_1,22,-1,-1,-1,0,0,369,6,0,0,0,0,0,0,0,1,0,0,0,0,0,0
seaborn_1,23,-1,-1,-1,0,0,391,6,0,0,0,0,0,0,0,1,0,0,0,0,0,0
seaborn_1,24,-1,-1,-1,0,0,209,3,0,0,1,0,0,0,0,0,0,0,0,0,0,0
seaborn_1,25,-1,-1,-1,0,0,209,3,0,0,1,0,0,0,0,0,0,0,0,0,0,0
seaborn_1,26,-1,-1,-1,0,0,132,3,0,0,1,0,0,0,0,0,0,0,0,0,0,0
seaborn_1,27,-1,-1,-1,0,0,310,7,0,0,0,0,0,0,0,1,0,0,0,0,0,0
seaborn_2,1,-1,-1,-1,0,0,930,17,1,0,0,0,0,0,0,1,0,1,0,0,0,0
seaborn_2,2,1,1,-1,1,0,517,21,1,0,0,0,0,0,0,1,0,1,0,0,0,0
seaborn_2,3,-1,-1,1,0,0,17,1,0,0,0,0,0,0,0,0,0,0,0,0,0,0
seaborn_2,4,2,2,-1,1,0,140,5,0,0,0,1,0,0,0,0,0,0,0,0,0,0
seaborn_2,5,-1,-1,2,0,0,27,1,0,0,0,0,0,0,0,0,0,0,0,0,0,0
seaborn_2,6,3,3,-1,1,0,338,9,1,0,0,0,0,0,0,0,0,0,0,1,0,1
seaborn_2,7,-1,-1,3,0,0,190,5,0,0,0,0,0,0,0,0,0,0,0,0,0,0
seaborn_2,8,-1,-1,-1,0,0,190,5,0,0,0,0,0,0,0,0,0,0,0,0,0,0
seaborn_2,9,-1,-1,-1,0,0,168,3,0,0,0,0,0,0,0,0,0,0,0,0,0,0
seaborn_2,10,-1,-1,-1,0,0,530,9,0,0,0,0,0,0,0,0,0,0,0,0,0,0
seaborn_2,11,-1,-1,-1,0,0,390,7,0,0,0,0,0,0,0,0,0,0,0,0,0,0
seaborn_2,12,-1,-1,-1,0,0,527,9,0,0,0,0,0,0,0,0,0,0,0,0,0,0
seaborn_2,13,-1,-1,-1,0,0,329,4,0,0,0,0,0,0,0,0,0,0,0,0,0,0
seaborn_2,14,-1,-1,-1,0,0,323,4,0,0,0,0,0,0,0,0,0,0,0,0,0,0
seaborn_2,15,-1,-1,-1,0,0,53,1,0,0,0,0,0,0,0,0,0,0,0,0,0,0
seaborn_2,16,-1,-1,-1,0,0,139,3,0,0,0,0,0,0,0,0,0,0,0,0,0,0
seaborn_2,17,-1,-1,-1,0,0,306,6,0,0,0,0,0,0,0,0,0,0,0,0,0,0
seaborn_2,18,-1,-1,-1,0,0,356,5,0,0,0,0,0,0,0,0,0,0,1,0,0,0
seaborn_2,19,-1,-1,-1,0,0,146,3,0,0,0,0,0,0,0,0,0,0,0,0,0,0
seaborn_2,20,-1,-1,-1,0,0,314,6,0,0,0,0,0,0,0,0,0,0,0,0,0,0
seaborn_2,21,-1,-1,-1,0,0,286,6,1,0,0,1,0,0,1,0,0,0,0,0,0,0
seaborn_2,22,-1,-1,-1,0,0,1109,26,1,1,0,0,0,0,0,0,0,0,0,0,0,0
seaborn_2,23,-1,-1,-1,0,0,586,11,0,0,0,0,0,0,0,0,0,0,0,0,0,0
seaborn_2,24,-1,-1,-1,0,0,870,15,0,1,0,0,0,0,0,0,0,0,0,0,0,0
seaborn_2,25,-1,-1,-1,0,0,111,2,0,0,1,0,0,0,0,0,0,0,0,0,0,0
seaborn_2,26,-1,-1,-1,0,0,757,14,0,0,0,0,0,0,0,1,0,0,0,0,0,0
seaborn_2,27,-1,-1,-1,0,0,381,14,0,0,0,0,0,0,0,0,0,0,0,0,0,0
seaborn_2,28,-1,-1,-1,0,0,79,2,0,0,0,0,0,0,0,0,0,0,0,0,0,0
seaborn_2,29,-1,-1,-1,0,0,49,1,0,0,0,1,0,0,0,0,0,0,0,0,0,0
seaborn_2,30,-1,-1,-1,0,0,21,1,0,0,0,0,0,0,0,0,0,0,0,0,0,0
seaborn_2,31,-1,-1,-1,0,0,27,1,0,0,0,0,0,0,0,0,0,0,0,0,0,0
seaborn_2,32,-1,-1,-1,0,0,165,4,0,0,0,0,0,0,0,1,0,0,0,0,0,0
seaborn_3,1,1,1,-1,1,0,1080,28,1,0,0,0,0,0,1,1,0,0,0,0,0,0
seaborn_3,2,2,2,1,1,0,561,16,0,0,0,0,0,0,0,1,0,1,0,0,0,0
seaborn_3,3,-1,-1,2,0,0,629,16,0,0,0,0,0,0,0,1,0,0,0,0,0,0
seaborn_3,4,3,3,-1,1,0,1440,39,0,0,0,0,0,0,0,1,0,0,0,0,0,0
seaborn_3,5,-1,-1,3,0,0,375,11,0,0,0,0,0,0,0,1,0,0,0,0,0,0
seaborn_3,6,4,4,-1,1,0,589,22,0,0,0,0,0,0,0,1,0,0,0,1,0,1
seaborn_3,7,-1,-1,4,0,0,252,8,0,0,0,0,0,0,0,1,0,0,0,0,0,0
seaborn_3,8,-1,-1,-1,0,0,194,7,0,0,0,0,0,0,0,1,0,0,0,0,0,0
seaborn_3,9,-1,-1,-1,0,0,756,26,1,0,0,0,0,0,0,1,0,0,0,0,0,0
seaborn_3,10,-1,-1,-1,0,0,441,8,0,0,0,0,0,0,0,1,0,0,0,0,0,0
seaborn_3,11,-1,-1,-1,0,0,374,12,0,0,0,0,0,0,0,1,0,0,0,0,0,0
seaborn_3,12,-1,-1,-1,0,0,386,10,0,0,0,0,0,0,0,1,0,0,0,0,0,0
seaborn_3,13,-1,-1,-1,0,0,714,20,0,0,0,0,0,0,0,1,0,0,0,0,0,0
seaborn_3,14,-1,-1,-1,0,0,283,3,0,0,0,0,0,0,0,0,0,0,0,0,0,0
seaborn_3,15,-1,-1,-1,0,0,792,19,0,0,0,0,0,0,0,1,0,0,1,0,0,0
seaborn_3,16,-1,-1,-1,0,0,1405,28,0,0,0,0,0,0,0,0,0,0,0,0,0,0
seaborn_3,17,-1,-1,-1,0,0,425,8,0,0,0,0,0,0,0,1,0,0,0,0,0,0
seaborn_3,18,-1,-1,-1,0,0,515,15,0,0,0,0,0,0,0,1,0,0,0,0,0,0
seaborn_4,1,1,1,-1,1,0,161,7,1,0,0,0,0,0,0,0,0,0,0,0,0,0
seaborn_4,2,2,2,1,1,0,61,2,0,0,0,0,0,0,0,1,0,1,0,0,0,0
seaborn_4,3,-1,-1,2,0,0,32,2,0,0,0,0,0,0,0,0,0,0,0,0,0,0
seaborn_4,4,-1,-1,-1,0,0,25,2,0,0,0,0,0,0,0,0,0,0,0,0,0,0
seaborn_4,5,-1,-1,-1,0,0,41,2,0,0,0,0,0,0,0,0,0,0,0,0,0,0
seaborn_4,6,3,3,-1,1,0,245,9,0,0,0,0,0,0,0,0,0,0,0,1,0,1
seaborn_4,7,-1,4,3,0,0,237,9,0,0,0,0,0,0,0,0,0,0,0,1,1,1
seaborn_4,8,-1,-1,-1,0,0,91,3,0,0,0,0,0,0,0,0,0,0,0,0,0,0
seaborn_4,9,-1,-1,-1,0,0,48,1,0,0,0,0,0,0,0,1,0,0,0,0,0,0
seaborn_4,10,-1,-1,-1,0,0,49,1,0,0,0,0,0,0,0,1,0,0,0,0,0,0
seaborn_4,11,-1,-1,-1,0,0,70,2,0,0,0,1,0,0,0,1,0,0,0,0,0,0
seaborn_4,12,-1,-1,-1,0,0,618,17,1,1,1,0,0,0,1,0,0,0,0,0,0,0
seaborn_4,13,-1,-1,-1,0,0,214,5,1,0,0,0,0,0,0,1,0,0,0,0,0,0
seaborn_4,14,-1,-1,-1,0,0,232,5,1,0,0,0,0,0,0,1,0,0,0,0,0,0
seaborn_4,15,-1,-1,-1,0,0,236,5,1,0,0,0,0,0,0,1,0,0,0,0,0,0
seaborn_4,16,-1,-1,-1,0,0,232,5,1,0,0,0,0,0,0,1,0,0,0,0,0,0
seaborn_4,17,-1,-1,-1,0,0,202,5,1,0,0,0,0,0,0,1,0,0,0,0,0,0
seaborn_5,1,1,1,-1,1,0,514,16,1,0,0,0,0,0,0,0,0,0,0,0,0,0
seaborn_5,2,2,2,1,1,0,214,4,0,0,0,0,0,0,0,0,0,0,0,0,0,0
seaborn_5,3,4,3,2,1,0,71,2,0,0,0,0,0,0,0,1,0,1,0,0,1,1
seaborn_5,4,-1,-1,4,0,0,7,1,0,0,0,0,0,0,0,0,0,0,0,0,0,0
seaborn_5,5,-1,-1,-1,0,0,30,1,0,0,0,0,0,0,0,0,0,0,0,0,0,0
seaborn_5,6,5,4,-1,1,0,181,4,0,0,0,0,0,0,0,0,0,0,0,1,1,1
seaborn_5,7,-1,-1,5,0,0,589,16,0,0,0,0,0,0,0,1,0,0,0,0,0,0
seaborn_5,8,-1,-1,-1,0,0,541,13,0,0,0,0,0,0,0,1,0,0,0,0,0,0
seaborn_5,9,-1,-1,-1,0,0,65,1,0,0,0,0,0,0,0,0,0,0,0,0,0,0
seaborn_5,10,-1,-1,-1,0,0,62,1,0,0,0,0,0,0,0,0,0,0,0,0,0,0
seaborn_5,11,-1,-1,-1,0,0,76,1,0,0,0,0,0,0,0,0,0,0,0,0,0,0
seaborn_5,12,-1,-1,-1,0,0,62,1,0,0,0,0,0,0,0,0,0,0,0,0,0,0
seaborn_5,13,-1,-1,-1,0,0,65,1,0,0,0,0,0,0,0,0,0,0,0,0,0,0
seaborn_5,14,-1,-1,-1,0,0,72,1,0,0,0,0,0,0,0,0,0,0,0,0,0,0
seaborn_5,15,-1,-1,-1,0,0,1243,55,0,0,0,0,0,0,0,1,0,0,0,0,0,0
seaborn_5,16,-1,-1,-1,0,0,471,11,0,0,0,0,0,0,0,0,0,0,0,0,0,0
seaborn_5,17,-1,-1,-1,0,0,149,4,0,0,0,0,0,0,0,0,0,0,0,0,0,0
seaborn_5,18,-1,-1,-1,0,0,348,7,0,0,0,0,0,0,0,0,0,0,0,0,0,0
seaborn_5,19,-1,-1,-1,0,0,415,7,0,0,0,0,0,0,0,0,0,0,0,0,0,0
seaborn_5,20,-1,-1,-1,0,0,35,1,0,0,0,0,0,0,0,0,0,0,0,0,0,0
seaborn_5,21,-1,-1,-1,0,0,48,2,0,0,1,0,0,0,0,0,0,0,0,0,0,0
seaborn_5,22,-1,-1,-1,0,0,43,1,0,0,0,0,0,0,0,0,0,0,0,0,0,0
seaborn_5,23,-1,-1,-1,0,0,17,1,0,0,0,0,0,0,0,0,0,0,0,0,0,0
seaborn_5,24,-1,-1,-1,0,0,0,0,0,0,0,0,0,0,0,0,0,0,0,0,0,0
seaborn_5,25,-1,-1,-1,0,0,0,0,0,0,0,0,0,0,0,0,0,0,0,0,0,0
seaborn_5,26,-1,-1,-1,0,0,0,0,0,0,0,0,0,0,0,0,0,0,0,0,0,0
seaborn_6,1,1,1,-1,1,0,248,9,1,0,0,0,0,0,0,0,0,0,0,0,0,0
seaborn_6,2,2,2,1,1,0,37,1,0,0,0,0,0,0,0,1,0,1,0,0,0,0
seaborn_6,3,-1,-1,2,0,0,11,1,0,0,0,0,0,0,0,0,0,0,0,0,0,0
seaborn_6,4,-1,-1,-1,0,0,9,1,0,0,0,0,0,0,0,0,0,0,0,0,0,0
seaborn_6,5,3,3,-1,1,0,14,1,0,0,0,0,0,0,0,0,0,0,0,0,0,0
seaborn_6,6,4,4,3,1,0,52,1,0,0,0,0,0,0,0,1,0,0,0,0,0,0
seaborn_6,7,-1,-1,4,0,0,9,1,0,0,0,0,0,0,0,0,0,0,0,0,0,0
seaborn_6,8,5,5,-1,1,0,31,1,0,0,0,0,0,0,0,0,0,0,0,1,0,1
seaborn_6,9,-1,-1,5,0,0,28,1,0,0,0,0,0,0,0,0,0,0,0,0,0,0
seaborn_6,10,-1,-1,-1,0,0,53,1,0,0,0,0,0,0,0,1,0,0,0,0,0,0
seaborn_6,11,-1,-1,-1,0,0,9,1,0,0,0,0,0,0,0,0,0,0,0,0,0,0
seaborn_6,12,-1,-1,-1,0,0,39,2,0,0,0,1,0,0,0,1,0,0,0,0,0,0
seaborn_6,13,-1,-1,-1,0,0,67,1,0,0,0,0,0,0,1,0,0,0,0,0,0,0
seaborn_6,14,-1,-1,-1,0,0,103,3,0,1,1,0,0,0,0,0,0,0,0,0,0,0
seaborn_6,15,-1,-1,-1,0,0,28,1,0,0,0,0,0,0,0,0,0,0,0,0,0,0
seaborn_6,16,-1,-1,-1,0,0,44,1,0,0,0,0,0,0,0,0,0,0,0,0,0,0
seaborn_6,17,-1,-1,-1,0,0,25,1,0,0,0,0,0,0,0,1,0,0,0,0,0,0
seaborn_6,18,-1,-1,-1,0,0,30,1,0,0,0,0,0,0,0,0,0,0,0,0,0,0
seaborn_6,19,-1,-1,-1,0,0,42,1,0,0,0,0,0,0,0,0,0,0,0,0,0,0
seaborn_6,20,-1,-1,-1,0,0,27,1,0,0,0,0,0,0,0,0,0,0,0,0,0,0
seaborn_6,21,-1,-1,-1,0,0,41,1,0,0,0,0,0,0,0,0,0,0,0,0,0,0
seaborn_6,22,-1,-1,-1,0,0,0,0,0,0,0,0,0,0,0,0,0,0,0,0,0,0
sklearn_1,1,1,1,-1,1,0,434,11,1,0,0,0,0,0,0,0,0,0,0,0,0,0
sklearn_1,2,2,2,1,1,0,715,12,0,0,0,0,0,0,0,0,0,0,0,0,0,0
sklearn_1,3,3,3,2,1,0,346,5,0,0,0,0,0,0,0,0,0,0,0,0,0,0
sklearn_1,4,4,4,3,1,0,279,4,0,0,0,0,0,0,0,0,0,0,0,0,0,0
sklearn_1,5,5,5,4,1,0,277,4,0,0,0,0,0,0,0,0,0,0,0,0,0,0
sklearn_1,6,6,6,5,1,0,188,5,0,0,0,0,0,0,0,0,0,0,0,0,0,0
sklearn_1,7,-1,-1,6,0,0,0,0,0,0,0,0,0,0,0,0,0,0,0,0,0,0
sklearn_1,8,7,7,-1,1,0,4464,162,1,0,0,0,0,0,0,0,0,0,0,1,0,1
sklearn_1,9,10,10,7,1,0,394,6,1,0,0,0,0,0,0,0,0,0,0,1,0,1
sklearn_1,10,-1,-1,10,0,0,184,4,1,0,0,0,0,0,0,0,0,0,0,0,0,0
sklearn_1,11,8,8,-1,1,0,409,8,0,0,0,0,0,0,0,0,0,0,0,0,0,0
sklearn_1,12,9,9,8,1,0,213,7,0,0,0,0,0,0,0,0,0,0,0,0,0,0
sklearn_1,13,-1,-1,9,0,0,162,3,0,0,0,0,0,0,0,0,0,0,0,0,0,0
sklearn_1,14,-1,-1,-1,0,0,79,1,0,0,0,0,0,0,0,0,0,0,0,0,0,0
sklearn_1,15,-1,-1,-1,0,0,105,1,0,1,0,0,0,0,0,0,0,0,0,0,0,0
sklearn_1,16,-1,-1,-1,0,0,154,4,0,0,1,0,0,0,0,0,0,0,0,0,0,0
sklearn_1,17,-1,-1,-1,0,0,143,4,0,0,0,0,0,0,0,0,0,0,0,0,0,0
sklearn_1,18,-1,-1,-1,0,0,422,10,1,0,0,0,0,0,0,1,0,0,0,0,0,0
sklearn_1,19,-1,-1,-1,0,0,834,19,1,1,0,0,0,1,0,0,0,0,0,0,0,0
sklearn_1,20,-1,-1,-1,0,0,809,28,1,0,0,0,0,0,0,0,0,0,0,0,0,0
sklearn_1,21,-1,-1,-1,0,0,1102,30,1,0,1,0,0,0,0,0,0,0,0,0,0,0
sklearn_1,22,-1,-1,-1,0,0,758,18,1,0,0,0,0,0,0,0,0,0,0,0,0,0
sklearn_1,23,-1,-1,-1,0,0,598,14,1,0,0,0,0,0,0,0,0,0,0,0,0,0
sklearn_1,24,-1,-1,-1,0,0,605,11,0,0,0,0,0,0,0,0,0,0,0,0,0,0
sklearn_1,25,-1,-1,-1,0,0,352,5,0,0,0,0,0,0,0,0,0,0,0,0,0,0
sklearn_1,26,-1,-1,-1,0,0,285,4,0,0,0,0,0,0,0,0,0,0,0,0,0,0
sklearn_1,27,-1,-1,-1,0,0,277,4,0,0,0,0,0,0,0,0,0,0,0,0,0,0
sklearn_1,28,-1,-1,-1,0,0,98,1,0,0,0,0,0,0,0,0,0,0,0,0,0,0
sklearn_1,29,-1,-1,-1,0,0,62,2,0,0,0,0,0,0,0,0,0,0,0,0,0,0
sklearn_1,30,-1,-1,-1,0,0,588,20,0,0,0,0,0,0,0,0,0,0,0,0,0,0
sklearn_1,31,-1,-1,-1,0,0,180,4,1,0,0,0,0,0,0,0,0,0,0,0,0,0
sklearn_1,32,-1,-1,-1,0,0,443,8,0,0,0,0,0,0,0,0,0,0,0,0,0,0
sklearn_1,33,-1,-1,-1,0,0,213,7,0,0,0,0,0,0,0,0,0,0,0,0,0,0
sklearn_1,34,-1,-1,-1,0,0,166,3,0,0,0,0,0,0,0,0,0,0,0,0,0,0
sklearn_1,35,-1,-1,-1,0,0,79,1,0,0,0,0,0,0,0,0,0,0,0,0,0,0
sklearn_1,36,-1,-1,-1,0,0,113,1,0,1,0,0,0,0,0,0,0,0,0,0,0,0
sklearn_1,37,-1,-1,-1,0,0,160,4,0,0,1,0,0,0,0,0,0,0,0,0,0,0
sklearn_1,38,-1,-1,-1,0,0,143,4,0,0,0,0,0,0,0,0,0,0,0,0,0,0
sklearn_1,39,-1,-1,-1,0,0,450,10,1,0,0,0,0,0,0,1,0,0,0,0,0,0
sklearn_1,40,-1,-1,-1,0,0,836,19,1,1,0,0,0,1,0,0,0,0,0,0,0,0
sklearn_1,41,-1,-1,-1,0,0,102,1,0,0,0,0,0,0,0,0,0,0,0,0,0,0
sklearn_1,42,-1,-1,-1,0,0,62,2,0,0,0,0,0,0,0,0,0,0,0,0,0,0
sklearn_1,43,-1,-1,-1,0,0,710,20,0,0,0,0,0,0,0,0,0,0,0,0,0,0
sklearn_1,44,-1,-1,-1,0,0,125,2,0,0,0,0,0,0,0,0,0,0,0,0,0,0
sklearn_1,45,-1,-1,-1,0,0,39,1,0,0,0,0,0,0,0,0,0,0,0,0,0,0
sklearn_1,46,-1,-1,-1,0,0,86,1,0,0,0,0,0,0,0,0,0,0,0,0,0,0
sklearn_1,47,-1,-1,-1,0,0,120,1,0,1,0,0,0,0,0,0,0,0,0,0,0,0
sklearn_10,1,1,1,-1,1,0,1051,25,1,0,0,0,0,0,0,1,0,1,0,0,0,0
sklearn_10,2,2,2,1,1,0,119,4,0,0,0,0,0,0,0,1,0,1,0,0,0,0
sklearn_10,3,-1,-1,2,0,0,9,1,0,0,0,0,0,0,0,0,0,0,0,0,0,0
sklearn_10,4,-1,-1,-1,0,0,15,1,0,0,0,0,0,0,0,0,0,0,0,0,0,0
sklearn_10,5,-1,-1,-1,0,0,24,1,0,0,0,0,0,0,0,0,0,0,0,0,0,0
sklearn_10,6,-1,-1,-1,0,0,81,3,0,0,0,0,0,0,0,1,0,0,0,0,0,0
sklearn_10,7,-1,-1,-1,0,0,49,2,0,0,0,0,0,0,0,0,0,0,0,0,0,0
sklearn_10,8,-1,-1,-1,0,0,9,1,0,0,0,0,0,0,0,0,0,0,0,0,0,0
sklearn_10,9,-1,-1,-1,0,0,82,2,1,0,0,0,0,0,0,0,0,0,0,0,0,0
sklearn_10,10,-1,-1,-1,0,0,285,10,0,0,0,0,0,0,0,0,0,0,0,0,0,0
sklearn_10,11,-1,-1,-1,0,0,178,11,1,1,0,0,0,0,0,1,0,0,0,0,0,0
sklearn_10,12,-1,-1,-1,0,0,12,1,0,0,0,0,0,0,0,0,0,0,0,0,0,0
sklearn_10,13,-1,-1,-1,0,0,43,1,0,0,0,0,0,0,0,0,0,0,0,0,0,0
sklearn_10,14,-1,-1,-1,0,0,64,1,0,0,0,0,0,0,0,0,0,0,0,0,0,0
sklearn_10,15,-1,-1,-1,0,0,23,1,0,0,0,0,0,0,0,0,0,0,0,0,0,0
sklearn_10,16,-1,-1,-1,0,0,27,1,0,0,0,0,0,0,0,0,0,0,0,0,0,0
sklearn_10,17,-1,-1,-1,0,0,41,1,0,0,0,0,0,0,0,0,0,0,0,0,0,0
sklearn_10,18,-1,-1,-1,0,0,19,1,0,0,0,0,0,0,0,0,0,0,0,0,0,0
sklearn_10,19,-1,-1,-1,0,0,134,4,0,0,0,0,0,0,0,0,0,0,0,0,0,0
sklearn_10,20,-1,-1,-1,0,0,241,6,0,0,0,0,0,0,0,1,0,0,0,0,0,0
sklearn_10,21,-1,-1,-1,0,0,0,0,0,0,0,0,0,0,0,0,0,0,0,0,0,0
sklearn_10,22,-1,-1,-1,0,0,0,0,0,0,0,0,0,0,0,0,0,0,0,0,0,0
sklearn_10,23,-1,-1,-1,0,0,125,5,1,0,0,0,0,0,0,0,0,0,0,0,0,0
sklearn_10,24,-1,-1,-1,0,0,173,4,0,0,0,0,0,0,0,1,0,0,0,0,0,0
sklearn_10,25,-1,-1,-1,0,0,53,1,0,0,0,0,0,0,0,0,0,0,0,0,0,0
sklearn_10,26,-1,-1,-1,0,0,22,1,0,0,0,0,0,0,0,0,0,0,0,0,0,0
sklearn_10,27,3,3,-1,1,0,52,2,0,0,0,1,0,0,0,1,0,0,0,0,0,0
sklearn_10,28,4,4,3,1,0,190,5,1,0,0,0,0,0,1,0,0,0,0,0,0,0
sklearn_10,29,-1,-1,4,0,0,12,1,0,0,0,0,0,0,0,0,0,0,0,0,0,0
sklearn_10,30,-1,-1,-1,0,0,144,4,0,1,0,0,0,0,0,0,0,0,0,0,0,0
sklearn_10,31,-1,-1,-1,0,0,106,3,0,0,1,0,0,0,0,0,0,0,0,0,0,0
sklearn_10,32,-1,-1,-1,0,0,103,3,0,0,1,0,0,0,0,0,0,0,0,0,0,0
sklearn_10,33,-1,-1,-1,0,0,481,7,0,1,0,0,0,0,0,0,0,0,0,0,0,0
sklearn_10,34,-1,-1,-1,0,0,482,7,0,0,0,0,0,0,0,0,0,0,0,0,0,0
sklearn_10,35,-1,-1,-1,0,0,225,5,1,0,0,0,0,0,0,0,0,0,0,0,0,0
sklearn_10,36,-1,-1,-1,0,0,138,5,1,0,0,0,0,1,0,0,0,0,0,0,0,0
sklearn_10,37,-1,-1,-1,0,0,99,1,0,0,0,0,0,0,0,0,0,0,0,0,0,0
sklearn_10,38,-1,-1,-1,0,0,235,6,0,0,0,0,0,0,0,0,0,0,0,0,0,0
sklearn_10,39,-1,-1,-1,0,0,159,4,0,1,0,0,0,0,0,0,0,0,0,0,0,0
sklearn_10,40,-1,-1,-1,0,0,97,3,0,0,1,0,0,0,0,0,0,0,0,0,0,0
sklearn_10,41,-1,-1,-1,0,0,24,1,0,0,0,0,0,0,0,1,0,0,0,0,0,0
sklearn_10,42,-1,-1,-1,0,0,35,2,0,0,0,0,0,0,0,0,0,0,0,0,0,0
sklearn_10,43,-1,-1,-1,0,0,250,9,0,1,1,0,0,1,0,0,0,0,0,0,0,0
sklearn_10,44,-1,-1,-1,0,0,306,11,1,1,1,0,0,0,0,0,0,0,0,0,0,0
sklearn_10,45,-1,-1,-1,0,0,462,10,0,0,0,0,0,0,0,0,0,0,0,0,0,0
sklearn_10,46,-1,-1,-1,0,0,121,4,0,0,0,0,0,0,0,0,0,0,0,0,0,0
sklearn_10,47,5,5,-1,1,0,327,8,1,0,0,0,0,0,0,0,0,0,0,0,0,0
sklearn_10,48,-1,-1,5,0,0,86,2,0,1,1,0,0,0,0,0,0,0,0,0,0,0
sklearn_10,49,-1,-1,-1,0,0,33,1,0,0,0,0,0,0,0,0,0,0,0,0,0,0
sklearn_10,50,-1,-1,-1,0,0,12,1,0,0,0,0,0,0,0,0,0,0,0,0,0,0
sklearn_10,51,-1,-1,-1,0,0,254,8,0,1,0,0,0,0,0,0,0,0,0,0,0,0
sklearn_10,52,-1,-1,-1,0,0,562,16,0,1,1,0,0,0,0,0,0,0,0,0,0,0
sklearn_10,53,-1,-1,-1,0,0,237,4,0,1,1,0,0,0,0,0,0,0,0,0,0,0
sklearn_10,54,-1,-1,-1,0,0,34,1,0,0,1,0,0,0,0,0,0,0,0,0,0,0
sklearn_10,55,6,6,-1,1,0,211,4,1,0,0,0,0,0,1,0,0,0,0,0,0,0
sklearn_10,56,-1,-1,6,0,0,343,11,0,1,1,0,0,1,1,0,0,0,0,0,0,0
sklearn_10,57,-1,-1,-1,0,0,886,35,1,1,1,0,0,0,0,0,0,0,0,0,0,0
sklearn_10,58,7,7,-1,1,0,131,2,1,0,0,0,0,0,1,0,0,0,0,0,0,0
sklearn_10,59,8,8,7,1,0,187,8,0,1,1,0,0,0,0,0,1,0,0,0,0,0
sklearn_10,60,-1,-1,8,0,0,42,1,0,0,0,0,0,0,0,0,0,0,0,0,0,0
sklearn_10,61,9,9,-1,1,0,1541,37,0,1,1,0,0,0,0,0,1,0,0,1,0,1
sklearn_10,62,-1,-1,9,0,0,0,0,0,0,0,0,0,0,0,0,0,0,0,0,0,0
sklearn_11,1,1,1,-1,1,0,263,7,1,0,0,0,0,0,1,0,0,0,0,0,0,0
sklearn_11,2,2,2,1,1,0,33,1,0,0,0,0,0,0,0,1,0,1,0,0,0,0
sklearn_11,3,-1,-1,2,0,0,9,1,0,0,0,0,0,0,0,0,0,0,0,0,0,0
sklearn_11,4,-1,-1,-1,0,0,9,1,0,0,0,0,0,0,0,0,0,0,0,0,0,0
sklearn_11,5,3,3,-1,1,0,165,3,0,0,0,0,0,0,0,1,0,0,0,1,0,1
sklearn_11,6,-1,-1,3,0,0,81,4,0,0,0,0,0,0,0,0,0,0,0,0,0,0
sklearn_11,7,5,4,-1,1,0,198,6,0,1,1,0,0,0,1,0,0,0,0,0,1,1
sklearn_11,8,-1,-1,5,0,0,257,7,0,1,1,0,0,1,0,0,0,0,0,0,0,0
sklearn_11,9,-1,-1,-1,0,0,115,4,0,0,1,0,0,1,0,0,0,0,0,0,0,0
sklearn_11,10,-1,-1,-1,0,0,279,8,0,0,0,0,0,0,0,0,0,0,0,0,0,0
sklearn_11,11,-1,-1,-1,0,0,0,0,0,0,0,0,0,0,0,0,0,0,0,0,0,0
sklearn_12,1,1,1,-1,1,0,930,17,1,0,0,0,0,0,0,1,0,1,0,0,0,0
sklearn_12,2,2,2,1,1,0,466,8,1,0,0,0,0,0,1,0,0,0,0,0,0,0
sklearn_12,3,3,3,2,1,0,61,3,0,0,0,0,0,0,0,1,0,1,0,0,0,0
sklearn_12,4,4,4,3,1,0,365,10,0,0,0,1,0,0,0,1,0,0,1,0,0,0
sklearn_12,5,5,5,4,1,0,80,1,0,0,0,0,0,0,1,0,0,0,0,0,0,0
sklearn_12,6,-1,-1,5,0,0,15,1,0,0,0,0,0,0,0,0,0,0,0,0,0,0
sklearn_12,7,6,6,-1,1,0,147,4,0,0,1,0,0,0,0,0,0,0,0,0,0,0
sklearn_12,8,-1,-1,6,0,0,7,1,0,0,0,0,0,0,0,0,0,0,0,0,0,0
sklearn_12,9,-1,-1,-1,0,0,56,3,0,0,0,0,0,0,0,0,0,0,1,0,0,0
sklearn_12,10,-1,-1,-1,0,0,91,4,0,1,0,0,0,0,0,0,0,0,0,0,0,0
sklearn_12,11,7,7,-1,1,0,1425,46,0,1,0,0,0,0,0,0,0,1,0,1,0,1
sklearn_12,12,8,8,7,1,0,139,4,1,0,0,0,0,0,0,0,0,0,0,1,0,1
sklearn_12,13,-1,-1,8,0,0,147,5,0,0,0,0,0,0,0,0,0,0,0,1,0,1
sklearn_12,14,-1,-1,-1,0,0,461,13,0,0,0,1,0,0,0,1,0,1,1,0,0,0
sklearn_12,15,-1,-1,-1,0,0,284,7,0,1,1,0,0,0,0,0,0,0,0,0,0,0
sklearn_12,16,-1,-1,-1,0,0,0,0,0,0,0,0,0,0,0,0,0,0,0,0,0,0
sklearn_13,1,1,1,-1,1,0,70,3,1,0,0,0,0,0,0,0,0,0,0,0,0,0
sklearn_13,2,2,2,1,1,0,47,1,0,0,0,0,0,0,0,1,0,1,0,0,0,0
sklearn_13,3,-1,-1,2,0,0,2,1,0,0,0,0,0,0,0,0,0,0,0,0,0,0
sklearn_13,4,-1,-1,-1,0,0,9,1,0,0,0,0,0,0,0,0,0,0,0,0,0,0
sklearn_13,5,-1,-1,-1,0,0,97,4,0,0,0,0,0,0,0,0,0,0,0,0,0,0
sklearn_13,6,-1,-1,-1,0,0,23,1,0,0,0,0,0,0,0,0,0,0,0,0,0,0
sklearn_13,7,-1,-1,-1,0,0,7,1,0,0,0,0,0,0,0,0,0,0,0,0,0,0
sklearn_13,8,4,3,-1,1,0,72,2,0,0,0,0,0,0,0,0,0,0,0,0,1,1
sklearn_13,9,5,5,4,1,0,103,4,1,1,0,0,0,0,0,0,0,0,0,1,0,1
sklearn_13,10,-1,-1,5,0,0,80,5,1,0,1,0,0,0,0,0,0,0,0,0,0,0
sklearn_13,11,-1,-1,-1,0,0,48,2,0,0,0,0,0,0,0,0,0,0,0,0,0,0
sklearn_13,12,-1,-1,-1,0,0,40,2,0,0,0,0,0,0,0,0,0,0,0,0,0,0
sklearn_13,13,-1,-1,-1,0,0,46,2,0,0,0,0,0,0,0,0,0,0,0,0,0,0
sklearn_13,14,-1,-1,-1,0,0,52,2,0,0,1,0,0,0,0,0,0,0,0,0,0,0
sklearn_13,15,-1,-1,-1,0,0,30,1,0,0,1,0,0,0,0,0,0,0,0,0,0,0
sklearn_13,16,-1,-1,-1,0,0,63,3,0,0,0,0,0,0,0,0,0,0,0,0,0,0
sklearn_13,17,-1,-1,-1,0,0,81,2,1,0,0,0,0,0,0,0,0,0,0,0,0,0
sklearn_13,18,-1,-1,-1,0,0,105,2,1,0,0,0,0,0,0,0,0,0,0,0,0,0
sklearn_13,19,-1,-1,-1,0,0,79,2,0,0,0,0,0,0,0,0,0,0,0,0,0,0
sklearn_13,20,-1,-1,-1,0,0,0,0,0,0,0,0,0,0,0,0,0,0,0,0,0,0
sklearn_14,1,-1,-1,-1,0,0,930,17,1,0,0,0,0,0,0,1,0,1,0,0,0,0
sklearn_14,2,1,1,-1,1,0,61,4,1,0,0,0,0,0,0,0,0,0,0,0,0,0
sklearn_14,3,2,2,1,1,0,50,3,0,0,0,0,0,0,0,1,0,1,0,0,0,0
sklearn_14,4,-1,-1,2,0,0,25,2,0,0,0,0,0,0,0,0,0,0,0,0,0,0
sklearn_14,5,-1,-1,-1,0,0,9,1,0,0,0,0,0,0,0,0,0,0,0,0,0,0
sklearn_14,6,-1,-1,-1,0,0,13,1,0,0,0,0,0,0,0,0,0,0,0,0,0,0
sklearn_14,7,3,3,-1,1,0,116,4,1,0,0,0,0,0,0,0,0,0,0,0,0,0
sklearn_14,8,-1,-1,3,0,0,124,4,1,0,0,0,0,0,0,0,0,0,0,0,0,0
sklearn_14,9,-1,-1,-1,0,0,119,4,1,0,0,0,0,0,0,0,0,0,0,0,0,0
sklearn_14,10,-1,-1,-1,0,0,135,4,1,0,0,0,0,0,0,0,0,0,0,0,0,0
sklearn_14,11,-1,-1,-1,0,0,54,2,0,0,0,0,0,0,0,1,0,0,0,0,0,0
sklearn_14,12,-1,-1,-1,0,0,17,1,0,0,0,0,0,0,0,0,0,0,0,0,0,0
sklearn_14,13,-1,-1,-1,0,0,25,1,0,0,0,0,0,0,0,1,0,0,0,0,0,0
sklearn_14,14,4,4,-1,1,0,1399,45,0,0,0,0,0,0,0,1,0,0,1,1,0,1
sklearn_14,15,-1,-1,4,0,0,2,1,0,0,0,0,0,0,0,0,0,0,0,0,0,0
sklearn_14,16,-1,-1,-1,0,0,26,1,0,0,0,0,0,0,0,1,0,0,0,0,0,0
sklearn_14,17,5,6,-1,1,0,268,8,0,0,0,0,0,0,0,1,0,0,0,1,1,1
sklearn_14,18,6,7,5,1,0,162,4,1,0,0,0,0,0,1,0,0,0,0,0,1,1
sklearn_14,19,7,8,6,1,0,46,2,0,1,0,0,0,0,0,0,0,0,0,0,1,1
sklearn_14,20,-1,9,7,0,0,2,1,0,0,0,0,0,0,0,0,0,0,0,1,1,1
sklearn_14,21,-1,-1,-1,0,0,0,0,0,0,0,0,0,0,0,0,0,0,0,0,0,0
sklearn_15,1,1,1,-1,1,0,274,8,1,0,0,0,0,0,1,0,0,0,0,0,0,0
sklearn_15,2,2,2,1,1,0,142,2,0,0,0,0,0,0,0,1,0,1,0,0,0,0
sklearn_15,3,-1,-1,2,0,0,23,2,0,0,0,0,0,0,0,0,0,0,0,0,0,0
sklearn_15,4,3,3,-1,1,0,97,1,0,0,0,1,0,0,0,0,0,0,0,0,0,0
sklearn_15,5,4,4,3,1,0,221,5,0,0,0,0,0,0,0,0,0,0,1,0,0,0
sklearn_15,6,5,5,4,1,0,152,2,0,0,0,0,0,0,0,1,0,0,0,0,0,0
sklearn_15,7,6,6,5,1,0,62,2,0,0,0,1,0,0,0,0,0,0,0,1,0,1
sklearn_15,8,7,7,6,1,0,89,1,0,0,0,0,0,0,1,0,0,0,0,0,0,0
sklearn_15,9,8,8,7,1,0,248,10,0,1,0,0,0,1,0,0,0,0,0,1,0,1
sklearn_15,10,-1,-1,8,0,0,31,1,0,0,1,0,0,0,0,0,0,0,0,0,0,0
sklearn_15,11,-1,-1,-1,0,0,78,2,0,0,0,0,0,0,0,0,0,0,0,0,0,0
sklearn_15,12,-1,-1,-1,0,0,55,2,0,0,0,0,0,0,0,0,0,0,0,0,0,0
sklearn_15,13,-1,-1,-1,0,0,98,2,0,0,0,0,0,0,0,0,0,0,0,0,0,0
sklearn_15,14,-1,-1,-1,0,0,264,8,0,0,0,0,0,0,0,0,0,0,0,0,0,0
sklearn_15,15,-1,-1,-1,0,0,80,2,0,0,0,0,0,0,0,0,0,0,0,0,0,0
sklearn_15,16,-1,-1,-1,0,0,144,3,1,0,0,0,0,0,0,0,0,0,0,0,0,0
sklearn_15,17,-1,-1,-1,0,0,194,4,0,0,0,0,0,0,0,0,0,0,0,0,0,0
sklearn_15,18,-1,-1,-1,0,0,278,6,1,1,0,0,0,0,0,0,0,0,0,0,0,0
sklearn_15,19,-1,-1,-1,0,0,99,2,0,1,0,0,0,0,0,0,0,0,0,0,0,0
sklearn_15,20,-1,-1,-1,0,0,156,3,0,0,1,0,0,0,0,0,0,0,0,0,0,0
sklearn_15,21,-1,-1,-1,0,0,70,2,0,0,0,0,0,0,0,0,0,0,0,0,0,0
sklearn_15,22,-1,-1,-1,0,0,113,2,0,0,0,0,0,0,0,0,0,0,0,0,0,0
sklearn_15,23,-1,-1,-1,0,0,222,8,1,0,0,0,0,0,0,0,0,0,0,0,0,0
sklearn_15,24,-1,-1,-1,0,0,358,7,0,0,0,0,0,0,0,1,0,0,0,0,0,0
sklearn_15,25,-1,-1,-1,0,0,0,0,0,0,0,0,0,0,0,0,0,0,0,0,0,0
sklearn_2,1,-1,-1,-1,0,0,29,1,0,0,0,0,0,0,0,0,0,0,0,0,0,0
sklearn_2,2,-1,-1,-1,0,0,930,17,1,0,0,0,0,0,0,1,0,1,0,0,0,0
sklearn_2,3,1,1,-1,1,0,421,12,1,0,0,0,0,0,1,0,0,0,0,0,0,0
sklearn_2,4,-1,-1,1,0,0,116,3,0,0,0,0,0,0,0,1,0,0,0,0,0,0
sklearn_2,5,-1,-1,-1,0,0,372,7,0,0,0,0,0,0,0,1,0,0,0,0,0,0
sklearn_2,6,-1,-1,-1,0,0,358,9,0,0,0,0,0,0,0,1,0,0,0,0,0,0
sklearn_2,7,-1,-1,-1,0,0,564,12,0,0,0,0,0,0,0,1,0,0,0,0,0,0
sklearn_2,8,-1,-1,-1,0,0,284,7,0,0,0,0,0,0,0,1,0,0,0,0,0,0
sklearn_2,9,2,2,-1,1,0,182,4,0,0,0,0,0,0,0,1,0,1,0,0,0,0
sklearn_2,10,3,3,2,1,0,172,4,0,0,0,0,0,0,0,1,0,0,0,0,0,0
sklearn_2,11,4,4,3,1,0,180,4,0,0,0,0,0,0,0,1,0,0,0,0,0,0
sklearn_2,12,-1,-1,4,0,0,10,1,0,0,0,0,0,0,0,0,0,0,0,0,0,0
sklearn_2,13,5,5,-1,1,0,197,2,0,0,0,0,0,0,0,0,0,0,0,0,0,0
sklearn_2,14,-1,-1,5,0,0,249,3,0,0,0,0,0,0,0,0,0,0,0,0,0,0
sklearn_2,15,6,6,-1,1,0,232,4,0,0,0,0,0,0,0,1,0,0,0,0,0,0
sklearn_2,16,-1,-1,6,0,0,206,2,0,0,0,0,0,0,0,0,0,0,0,0,0,0
sklearn_2,17,-1,-1,-1,0,0,164,7,0,0,0,0,0,0,0,1,0,0,0,0,0,0
sklearn_2,18,-1,-1,-1,0,0,72,4,0,0,0,0,0,0,0,1,0,0,0,0,0,0
sklearn_2,19,-1,-1,-1,0,0,55,2,0,0,0,0,0,0,0,0,0,0,0,0,0,0
sklearn_2,20,7,7,-1,1,0,61,2,0,0,0,1,0,0,0,1,0,0,0,0,0,0
sklearn_2,21,-1,-1,7,0,0,210,6,0,0,0,0,0,0,0,1,0,0,0,0,0,0
sklearn_2,22,8,8,-1,1,0,63,3,0,0,0,1,0,0,0,0,0,0,0,0,0,0
sklearn_2,23,-1,-1,8,0,0,139,4,0,0,0,0,0,0,0,1,0,0,0,0,0,0
sklearn_2,24,-1,-1,-1,0,0,18,1,0,0,0,0,0,0,0,0,0,0,0,0,0,0
sklearn_2,25,-1,-1,-1,0,0,169,4,1,0,0,0,0,0,0,1,0,0,0,0,0,0
sklearn_2,26,9,9,-1,1,0,96,2,0,0,0,0,0,0,0,1,0,0,0,0,0,0
sklearn_2,27,10,10,9,1,0,35,1,0,0,0,1,0,0,0,0,0,0,0,0,0,0
sklearn_2,28,-1,-1,10,0,0,102,2,0,0,0,0,0,0,0,0,0,0,0,0,0,0
sklearn_2,29,-1,-1,-1,0,0,65,2,0,0,0,0,0,0,0,1,0,0,0,0,0,0
sklearn_2,30,11,11,-1,1,0,401,7,0,0,0,0,0,0,0,0,0,0,1,0,0,0
sklearn_2,31,12,12,11,1,0,382,7,0,0,0,0,0,0,0,0,0,0,1,0,0,0
sklearn_2,32,-1,-1,12,0,0,22,2,0,0,0,0,0,0,0,0,0,0,0,0,0,0
sklearn_2,33,-1,-1,-1,0,0,9,1,0,0,0,0,0,0,0,0,0,0,0,0,0,0
sklearn_2,34,-1,-1,-1,0,0,9,1,0,0,0,0,0,0,0,0,0,0,0,0,0,0
sklearn_2,35,-1,-1,-1,0,0,113,1,0,0,0,0,0,0,0,0,0,0,0,0,0,0
sklearn_2,36,-1,-1,-1,0,0,9,1,0,0,0,0,0,0,0,0,0,0,0,0,0,0
sklearn_2,37,-1,-1,-1,0,0,139,4,0,0,0,0,0,0,0,1,0,0,0,0,0,0
sklearn_2,38,-1,-1,-1,0,0,15,1,0,0,0,0,0,0,0,0,0,0,0,0,0,0
sklearn_2,39,13,13,-1,1,0,35,1,0,0,0,0,0,0,0,1,0,0,0,0,0,0
sklearn_2,40,14,14,13,1,0,25,1,0,0,0,0,0,0,0,1,0,0,0,0,0,0
sklearn_2,41,15,15,14,1,0,23,1,0,0,0,0,0,0,0,1,0,0,0,0,0,0
sklearn_2,42,-1,-1,15,0,0,14,1,0,0,0,0,0,0,0,0,0,0,0,0,0,0
sklearn_2,43,-1,-1,-1,0,0,15,1,0,0,0,0,0,0,0,0,0,0,0,0,0,0
sklearn_2,44,16,16,-1,1,0,73,2,0,0,0,1,0,0,0,0,0,0,0,0,0,0
sklearn_2,45,-1,-1,16,0,0,14,1,0,0,0,0,0,0,0,0,0,0,0,0,0,0
sklearn_2,46,17,17,-1,1,0,24,1,0,0,0,0,0,0,0,0,0,0,0,0,0,0
sklearn_2,47,-1,-1,17,0,0,1,1,0,0,0,0,0,0,0,0,0,0,0,0,0,0
sklearn_2,48,18,18,-1,1,0,76,3,0,0,0,0,0,0,0,1,0,0,0,0,0,0
sklearn_2,49,19,19,18,1,0,82,2,0,0,0,0,0,0,0,1,0,0,0,0,0,0
sklearn_2,50,20,20,19,1,0,88,2,0,0,0,1,0,0,0,0,0,0,0,0,0,0
sklearn_2,51,21,21,20,1,0,91,2,0,0,0,1,0,0,0,0,0,0,0,0,0,0
sklearn_2,52,22,22,21,1,0,48,1,1,0,0,0,0,0,0,0,0,0,0,0,0,0
sklearn_2,53,-1,-1,22,0,0,0,0,0,0,0,0,0,0,0,0,0,0,0,0,0,0
sklearn_2,54,-1,-1,-1,0,0,249,6,0,0,0,0,0,1,1,0,0,0,0,0,0,0
sklearn_2,55,-1,-1,-1,0,0,0,0,0,0,0,0,0,0,0,0,0,0,0,0,0,0
sklearn_2,56,-1,-1,-1,0,0,314,11,0,1,1,0,0,0,0,0,0,0,0,0,0,0
sklearn_2,57,-1,-1,-1,0,0,250,6,0,1,1,0,0,0,0,0,0,0,0,0,0,0
sklearn_2,58,-1,-1,-1,0,0,254,6,0,1,1,0,0,0,0,0,0,0,0,0,0,0
sklearn_2,59,-1,-1,-1,0,0,92,2,0,0,1,0,0,0,0,0,0,0,0,0,0,0
sklearn_2,60,-1,-1,-1,0,0,253,6,0,1,1,0,0,0,0,0,0,0,0,0,0,0
sklearn_2,61,-1,-1,-1,0,0,488,15,0,0,0,0,0,0,0,1,0,0,0,0,0,0
sklearn_2,62,-1,-1,-1,0,0,212,7,1,1,1,0,0,0,0,0,0,0,0,0,0,0
sklearn_2,63,-1,-1,-1,0,0,99,2,1,0,0,0,0,0,0,0,0,0,0,0,0,0
sklearn_2,64,-1,-1,-1,0,0,1184,41,1,1,1,0,0,0,0,0,0,0,0,0,0,0
sklearn_2,65,23,23,-1,1,0,1296,39,1,1,1,0,0,0,0,0,0,0,0,0,0,0
sklearn_2,66,24,24,23,1,0,90,1,0,0,0,0,0,0,0,0,0,0,0,0,0,0
sklearn_2,67,25,25,24,1,0,37,1,0,0,0,1,0,0,0,0,0,0,0,0,0,0
sklearn_2,68,26,26,25,1,0,405,7,0,0,0,0,0,0,0,0,0,0,1,0,0,0
sklearn_2,69,27,27,26,1,0,386,7,0,0,0,0,0,0,0,0,0,0,1,0,0,0
sklearn_2,70,28,28,27,1,0,25,1,0,0,0,1,0,0,0,0,0,0,0,0,0,0
sklearn_2,71,-1,-1,28,0,0,20,2,0,0,0,0,0,0,0,0,0,0,0,0,0,0
sklearn_2,72,29,29,-1,1,0,27,1,0,0,0,1,0,0,0,0,0,0,0,0,0,0
sklearn_2,73,30,30,29,1,0,23,2,0,0,0,0,0,0,0,0,0,0,0,0,0,0
sklearn_2,74,31,31,30,1,0,72,2,0,0,0,0,0,0,0,1,0,0,0,0,0,0
sklearn_2,75,32,32,31,1,0,42,1,0,0,1,0,0,0,0,0,0,0,0,1,0,1
sklearn_2,76,-1,-1,32,0,0,16,1,0,0,0,0,0,0,0,0,0,0,0,0,0,0
sklearn_2,77,-1,-1,-1,0,0,12,1,0,0,0,0,0,0,0,0,0,0,0,0,0,0
sklearn_2,78,-1,-1,-1,0,0,19,1,0,0,0,0,0,0,0,1,0,0,0,0,0,0
sklearn_2,79,-1,-1,-1,0,0,8,1,0,0,0,0,0,0,0,0,0,0,0,0,0,0
sklearn_2,80,-1,-1,-1,0,0,34,1,0,0,0,0,0,0,0,0,0,0,0,0,0,0
sklearn_2,81,-1,-1,-1,0,0,15,1,0,0,0,0,0,0,0,0,0,0,0,0,0,0
sklearn_2,82,-1,-1,-1,0,0,10,1,0,0,0,0,0,0,0,0,0,0,0,0,0,0
sklearn_2,83,-1,-1,-1,0,0,33,1,0,0,0,0,0,0,0,0,0,0,0,0,0,0
sklearn_2,84,-1,-1,-1,0,0,14,1,0,0,0,0,0,0,0,0,0,0,0,0,0,0
sklearn_2,85,-1,-1,-1,0,0,41,1,0,0,0,0,0,0,0,0,0,0,0,0,0,0
sklearn_3,1,1,1,-1,1,0,656,14,1,0,0,0,0,0,1,0,0,0,0,0,0,0
sklearn_3,2,-1,-1,1,0,0,106,1,0,0,0,0,0,0,0,1,0,1,0,0,0,0
sklearn_3,3,-1,-1,-1,0,0,24,1,0,0,0,0,0,0,0,0,0,0,0,0,0,0
sklearn_3,4,2,2,-1,1,0,168,4,0,0,0,0,0,0,0,1,0,1,0,0,0,0
sklearn_3,5,-1,-1,2,0,0,15,1,0,0,0,0,0,0,0,0,0,0,0,0,0,0
sklearn_3,6,3,3,-1,1,0,49,1,0,0,0,0,0,0,0,1,0,0,0,0,0,0
sklearn_3,7,-1,-1,3,0,0,46,1,0,0,0,0,0,0,0,0,0,0,0,0,0,0
sklearn_3,8,-1,-1,-1,0,0,8,1,0,0,0,0,0,0,0,0,0,0,0,0,0,0
sklearn_3,9,-1,-1,-1,0,0,16,1,0,0,0,0,0,0,0,0,0,0,0,0,0,0
sklearn_3,10,4,4,-1,1,0,101,3,0,0,0,1,0,0,0,0,0,0,0,0,0,0
sklearn_3,11,-1,-1,4,0,0,19,1,0,0,0,0,0,0,0,0,0,0,0,0,0,0
sklearn_3,12,-1,-1,-1,0,0,23,1,0,0,0,0,0,0,0,0,0,0,0,0,0,0
sklearn_3,13,5,5,-1,1,0,184,4,0,0,0,0,0,0,0,1,0,0,0,1,0,1
sklearn_3,14,6,6,5,1,0,121,4,0,0,0,0,0,1,0,0,0,0,0,0,0,0
sklearn_3,15,-1,7,6,0,0,138,2,0,0,0,0,0,0,1,1,0,0,0,1,1,1
sklearn_3,16,-1,-1,-1,0,0,0,0,0,0,0,0,0,0,0,0,0,0,0,0,0,0
sklearn_4,1,1,1,-1,1,0,930,17,1,0,0,0,0,0,0,1,0,1,0,0,0,0
sklearn_4,2,-1,-1,1,0,0,276,11,1,0,0,0,0,0,1,0,0,0,0,0,0,0
sklearn_4,3,-1,-1,-1,0,0,93,1,0,0,0,0,0,0,0,1,0,1,0,0,0,0
sklearn_4,4,-1,-1,-1,0,0,8,1,0,0,0,0,0,0,0,0,0,0,0,0,0,0
sklearn_4,5,-1,-1,-1,0,0,9,1,0,0,0,0,0,0,0,0,0,0,0,0,0,0
sklearn_4,6,-1,-1,-1,0,0,9,1,0,0,0,0,0,0,0,0,0,0,0,0,0,0
sklearn_4,7,-1,-1,-1,0,0,26,1,0,0,0,0,0,0,0,0,0,0,0,0,0,0
sklearn_4,8,-1,-1,-1,0,0,70,2,0,0,0,0,0,0,0,1,0,0,0,0,0,0
sklearn_4,9,-1,-1,-1,0,0,216,5,0,0,0,0,0,0,0,1,0,0,0,0,0,0
sklearn_4,10,-1,-1,-1,0,0,61,2,0,0,0,0,0,0,0,1,0,0,0,0,0,0
sklearn_4,11,-1,-1,-1,0,0,26,1,0,0,0,0,0,0,0,0,0,0,0,0,0,0
sklearn_4,12,-1,-1,-1,0,0,46,1,0,0,0,0,0,0,0,1,0,0,0,0,0,0
sklearn_4,13,-1,-1,-1,0,0,166,4,0,0,0,0,0,0,0,0,0,0,0,0,0,0
sklearn_4,14,-1,-1,-1,0,0,19,1,0,0,0,0,0,0,0,1,0,0,0,0,0,0
sklearn_4,15,-1,-1,-1,0,0,90,1,0,0,0,0,0,0,0,1,0,0,0,0,0,0
sklearn_4,16,-1,-1,-1,0,0,109,2,0,0,0,0,0,0,0,0,0,0,0,0,0,0
sklearn_4,17,-1,-1,-1,0,0,32,1,0,0,0,0,0,0,0,0,0,0,1,0,0,0
sklearn_4,18,-1,-1,-1,0,0,13,1,0,0,0,0,0,0,0,0,0,0,0,0,0,0
sklearn_4,19,-1,-1,-1,0,0,94,3,1,0,0,0,0,0,0,0,0,0,0,0,0,0
sklearn_4,20,-1,-1,-1,0,0,27,1,0,0,0,0,0,0,0,0,0,0,0,0,0,0
sklearn_4,21,-1,-1,-1,0,0,32,1,0,0,0,0,0,0,0,0,0,0,0,0,0,0
sklearn_4,22,-1,-1,-1,0,0,46,1,0,0,0,0,0,0,0,0,0,0,0,0,0,0
sklearn_4,23,-1,-1,-1,0,0,53,1,0,0,0,0,0,0,0,0,0,0,0,0,0,0
sklearn_4,24,-1,-1,-1,0,0,34,1,0,0,0,0,0,0,0,0,0,0,0,0,0,0
sklearn_4,25,-1,-1,-1,0,0,90,2,0,0,0,0,0,0,0,1,0,0,0,0,0,0
sklearn_4,26,-1,-1,-1,0,0,53,1,0,0,0,0,0,0,0,0,0,0,0,0,0,0
sklearn_4,27,-1,-1,-1,0,0,9,1,0,0,0,0,0,0,0,0,0,0,0,0,0,0
sklearn_4,28,-1,-1,-1,0,0,13,1,0,0,0,0,0,0,0,0,0,0,0,0,0,0
sklearn_4,29,-1,-1,-1,0,0,75,1,0,0,0,0,0,0,0,1,0,0,0,0,0,0
sklearn_4,30,-1,-1,-1,0,0,52,1,0,0,0,0,0,0,0,0,0,0,0,0,0,0
sklearn_4,31,-1,-1,-1,0,0,68,1,0,0,0,0,0,0,0,1,0,0,0,0,0,0
sklearn_4,32,-1,-1,-1,0,0,58,2,1,0,0,0,0,0,0,0,0,0,0,0,0,0
sklearn_4,33,-1,-1,-1,0,0,43,1,0,0,0,0,0,0,0,0,0,0,0,0,0,0
sklearn_4,34,-1,-1,-1,0,0,15,1,0,0,0,0,0,0,0,0,0,0,0,0,0,0
sklearn_4,35,-1,-1,-1,0,0,239,6,0,0,0,0,0,0,0,0,0,0,0,0,0,0
sklearn_4,36,-1,-1,-1,0,0,28,1,0,0,0,0,0,0,0,0,0,0,0,0,0,0
sklearn_4,37,-1,-1,-1,0,0,35,1,0,0,0,0,0,0,0,0,0,0,0,0,0,0
sklearn_4,38,-1,-1,-1,0,0,9,1,0,0,0,0,0,0,0,0,0,0,0,0,0,0
sklearn_4,39,-1,-1,-1,0,0,263,6,0,0,0,0,0,0,0,0,0,0,0,0,0,0
sklearn_4,40,-1,-1,-1,0,0,31,1,0,0,0,0,0,0,0,0,0,0,0,0,0,0
sklearn_4,41,-1,-1,-1,0,0,43,1,0,0,0,0,0,0,0,1,0,0,0,0,0,0
sklearn_4,42,-1,-1,-1,0,0,11,1,0,0,0,0,0,0,0,0,0,0,0,0,0,0
sklearn_4,43,-1,-1,-1,0,0,189,2,0,0,0,0,0,0,0,1,0,0,0,0,0,0
sklearn_4,44,-1,-1,-1,0,0,11,1,0,0,0,0,0,0,0,0,0,0,0,0,0,0
sklearn_4,45,-1,-1,-1,0,0,304,9,0,0,0,0,0,0,0,0,0,0,0,0,0,0
sklearn_4,46,-1,-1,-1,0,0,114,2,0,0,0,0,0,1,0,1,0,0,0,0,0,0
sklearn_4,47,-1,-1,-1,0,0,71,2,0,0,0,0,0,0,0,1,0,0,0,0,0,0
sklearn_4,48,-1,-1,-1,0,0,50,1,0,0,0,0,0,0,0,1,0,0,0,0,0,0
sklearn_4,49,-1,-1,-1,0,0,60,2,0,0,0,0,0,0,0,1,0,0,0,0,0,0
sklearn_4,50,-1,-1,-1,0,0,47,1,0,0,0,0,0,0,0,1,0,0,0,0,0,0
sklearn_4,51,-1,-1,-1,0,0,49,1,0,0,0,0,0,0,0,1,0,0,0,0,0,0
sklearn_4,52,-1,-1,-1,0,0,49,1,0,0,0,0,0,0,0,1,0,0,0,0,0,0
sklearn_4,53,-1,-1,-1,0,0,130,2,0,0,0,0,0,0,0,1,0,0,0,0,0,0
sklearn_4,54,-1,-1,-1,0,0,59,1,0,0,0,0,0,0,0,1,0,0,0,0,0,0
sklearn_4,55,-1,-1,-1,0,0,61,1,0,0,0,0,0,0,0,1,0,0,0,0,0,0
sklearn_4,56,-1,-1,-1,0,0,60,1,0,0,0,0,0,0,0,1,0,0,0,0,0,0
sklearn_4,57,-1,-1,-1,0,0,113,1,0,0,0,0,0,0,0,0,0,0,0,0,0,0
sklearn_4,58,-1,-1,-1,0,0,206,9,0,0,0,0,0,0,0,0,0,0,0,0,0,0
sklearn_4,59,-1,-1,-1,0,0,340,5,0,0,0,0,0,0,0,1,0,0,0,0,0,0
sklearn_4,60,-1,-1,-1,0,0,366,10,1,0,0,0,0,0,0,1,0,0,0,0,0,0
sklearn_4,61,-1,-1,-1,0,0,220,4,0,0,0,0,0,0,0,0,0,0,0,0,0,0
sklearn_4,62,-1,-1,-1,0,0,380,13,1,0,0,0,0,0,0,0,0,0,0,0,0,0
sklearn_4,63,2,2,-1,1,0,1053,19,1,0,0,0,0,0,1,0,0,0,0,0,0,0
sklearn_4,64,3,3,2,1,0,467,12,0,0,0,0,0,1,0,0,0,0,0,0,0,0
sklearn_4,65,4,4,3,1,0,248,9,0,0,0,0,0,1,0,1,0,0,0,0,0,0
sklearn_4,66,5,5,4,1,0,5881,141,0,1,1,0,0,0,1,1,0,1,1,0,0,0
sklearn_4,67,6,6,5,1,0,1760,58,0,0,0,0,0,1,0,1,0,0,0,0,0,0
sklearn_4,68,7,7,6,1,0,99,1,0,0,0,0,0,0,0,1,0,0,0,0,0,0
sklearn_4,69,-1,-1,7,0,0,327,6,0,0,0,0,0,0,0,0,0,0,0,0,0,0
sklearn_4,70,-1,-1,-1,0,0,93,2,0,0,0,0,0,0,0,0,0,0,0,0,0,0
sklearn_4,71,-1,-1,-1,0,0,85,1,0,0,0,0,0,0,0,0,0,0,0,0,0,0
sklearn_4,72,-1,-1,-1,0,0,71,1,0,0,0,0,0,0,0,0,0,0,0,0,0,0
sklearn_4,73,-1,-1,-1,0,0,62,2,0,0,0,0,0,0,0,0,0,0,0,0,0,0
sklearn_4,74,-1,-1,-1,0,0,470,8,0,0,0,0,0,0,0,1,0,0,0,0,0,0
sklearn_4,75,-1,-1,-1,0,0,651,11,0,0,0,0,0,0,0,0,0,0,0,0,0,0
sklearn_4,76,-1,-1,-1,0,0,78,2,0,0,0,0,0,0,0,0,0,0,0,0,0,0
sklearn_4,77,-1,-1,-1,0,0,11,1,0,0,0,0,0,0,0,0,0,0,0,0,0,0
sklearn_4,78,-1,-1,-1,0,0,469,8,0,0,0,0,0,0,0,0,0,0,0,0,0,0
sklearn_4,79,-1,-1,-1,0,0,93,2,0,0,0,0,0,0,0,0,0,0,0,0,0,0
sklearn_4,80,-1,-1,-1,0,0,71,1,0,0,0,0,0,0,0,0,0,0,0,0,0,0
sklearn_4,81,-1,-1,-1,0,0,85,1,0,0,0,0,0,0,0,0,0,0,0,0,0,0
sklearn_4,82,-1,-1,-1,0,0,62,2,0,0,0,0,0,0,0,0,0,0,0,0,0,0
sklearn_4,83,-1,-1,-1,0,0,389,7,0,0,0,0,0,0,0,0,0,0,0,0,0,0
sklearn_4,84,-1,-1,-1,0,0,321,6,0,0,0,0,0,0,0,0,0,0,0,0,0,0
sklearn_4,85,-1,-1,-1,0,0,93,2,0,0,0,0,0,0,0,0,0,0,0,0,0,0
sklearn_4,86,-1,-1,-1,0,0,85,1,0,0,0,0,0,0,0,0,0,0,0,0,0,0
sklearn_4,87,-1,-1,-1,0,0,71,1,0,0,0,0,0,0,0,0,0,0,0,0,0,0
sklearn_4,88,-1,-1,-1,0,0,62,2,0,0,0,0,0,0,0,0,0,0,0,0,0,0
sklearn_4,89,-1,-1,-1,0,0,389,7,0,0,0,0,0,0,0,0,0,0,0,0,0,0
sklearn_4,90,-1,-1,-1,0,0,808,14,0,0,0,0,0,0,0,0,0,0,0,0,0,0
sklearn_4,91,-1,-1,-1,0,0,78,2,0,0,0,0,0,0,0,0,0,0,0,0,0,0
sklearn_4,92,-1,-1,-1,0,0,11,1,0,0,0,0,0,0,0,0,0,0,0,0,0,0
sklearn_4,93,-1,-1,-1,0,0,537,8,0,0,0,0,0,0,0,0,0,0,0,0,0,0
sklearn_4,94,-1,-1,-1,0,0,93,2,0,0,0,0,0,0,0,0,0,0,0,0,0,0
sklearn_4,95,-1,-1,-1,0,0,85,1,0,0,0,0,0,0,0,0,0,0,0,0,0,0
sklearn_4,96,-1,-1,-1,0,0,71,1,0,0,0,0,0,0,0,0,0,0,0,0,0,0
sklearn_4,97,-1,-1,-1,0,0,62,2,0,0,0,0,0,0,0,0,0,0,0,0,0,0
sklearn_4,98,-1,-1,-1,0,0,391,7,0,0,0,0,0,0,0,0,0,0,0,0,0,0
sklearn_4,99,-1,-1,-1,0,0,324,6,0,0,0,0,0,0,0,0,0,0,0,0,0,0
sklearn_4,100,-1,-1,-1,0,0,93,2,0,0,0,0,0,0,0,0,0,0,0,0,0,0
sklearn_4,101,-1,-1,-1,0,0,85,1,0,0,0,0,0,0,0,0,0,0,0,0,0,0
sklearn_4,102,-1,-1,-1,0,0,71,1,0,0,0,0,0,0,0,0,0,0,0,0,0,0
sklearn_4,103,-1,-1,-1,0,0,62,2,0,0,0,0,0,0,0,0,0,0,0,0,0,0
sklearn_4,104,-1,-1,-1,0,0,391,7,0,0,0,0,0,0,0,0,0,0,0,0,0,0
sklearn_4,105,-1,-1,-1,0,0,1378,28,0,0,0,0,0,0,0,0,0,0,0,0,0,0
sklearn_4,106,-1,-1,-1,0,0,78,2,0,0,0,0,0,0,0,0,0,0,0,0,0,0
sklearn_4,107,-1,-1,-1,0,0,11,1,0,0,0,0,0,0,0,0,0,0,0,0,0,0
sklearn_4,108,-1,-1,-1,0,0,638,10,0,0,0,0,0,0,0,0,0,0,0,0,0,0
sklearn_4,109,-1,-1,-1,0,0,93,2,0,0,0,0,0,0,0,0,0,0,0,0,0,0
sklearn_4,110,-1,-1,-1,0,0,85,1,0,0,0,0,0,0,0,0,0,0,0,0,0,0
sklearn_4,111,-1,-1,-1,0,0,395,7,0,0,0,0,0,0,0,0,0,0,0,0,0,0
sklearn_4,112,-1,-1,-1,0,0,56,1,0,0,0,0,0,0,0,0,0,0,0,0,0,0
sklearn_4,113,-1,-1,-1,0,0,356,6,1,0,0,0,0,0,0,0,0,0,0,0,0,0
sklearn_4,114,-1,-1,-1,0,0,93,2,0,0,0,0,0,0,0,0,0,0,0,0,0,0
sklearn_4,115,-1,-1,-1,0,0,85,1,0,0,0,0,0,0,0,0,0,0,0,0,0,0
sklearn_4,116,-1,-1,-1,0,0,71,1,0,0,0,0,0,0,0,0,0,0,0,0,0,0
sklearn_4,117,-1,-1,-1,0,0,62,2,0,0,0,0,0,0,0,0,0,0,0,0,0,0
sklearn_4,118,-1,-1,-1,0,0,395,7,0,0,0,0,0,0,0,0,0,0,0,0,0,0
sklearn_4,119,-1,-1,-1,0,0,710,11,0,0,0,0,0,0,0,0,0,0,0,0,0,0
sklearn_4,120,-1,-1,-1,0,0,78,2,0,0,0,0,0,0,0,0,0,0,0,0,0,0
sklearn_4,121,-1,-1,-1,0,0,11,1,0,0,0,0,0,0,0,0,0,0,0,0,0,0
sklearn_4,122,-1,-1,-1,0,0,537,9,0,0,0,0,0,0,0,0,0,0,0,0,0,0
sklearn_4,123,-1,-1,-1,0,0,93,2,0,0,0,0,0,0,0,0,0,0,0,0,0,0
sklearn_4,124,-1,-1,-1,0,0,85,1,0,0,0,0,0,0,0,0,0,0,0,0,0,0
sklearn_4,125,-1,-1,-1,0,0,71,1,0,0,0,0,0,0,0,0,0,0,0,0,0,0
sklearn_4,126,-1,-1,-1,0,0,62,2,0,0,0,0,0,0,0,0,0,0,0,0,0,0
sklearn_4,127,-1,-1,-1,0,0,389,7,0,0,0,0,0,0,0,0,0,0,0,0,0,0
sklearn_4,128,-1,-1,-1,0,0,85,1,0,0,0,0,0,0,0,0,0,0,0,0,0,0
sklearn_4,129,-1,-1,-1,0,0,71,1,0,0,0,0,0,0,0,0,0,0,0,0,0,0
sklearn_4,130,-1,-1,-1,0,0,62,2,0,0,0,0,0,0,0,0,0,0,0,0,0,0
sklearn_4,131,-1,-1,-1,0,0,18,1,0,0,0,0,0,0,0,0,0,0,0,0,0,0
sklearn_4,132,-1,-1,-1,0,0,383,7,0,0,0,0,0,0,0,0,0,0,0,0,0,0
sklearn_4,133,-1,-1,-1,0,0,140,1,0,0,0,0,0,0,0,0,0,0,0,0,0,0
sklearn_4,134,-1,-1,-1,0,0,14,1,0,0,0,0,0,0,0,0,0,0,0,0,0,0
sklearn_4,135,-1,-1,-1,0,0,340,7,0,0,1,0,0,0,0,1,0,1,0,0,0,0
sklearn_4,136,8,8,-1,1,0,756,13,1,0,0,0,0,0,0,0,0,0,0,1,0,1
sklearn_4,137,-1,-1,8,0,0,0,0,0,0,0,0,0,0,0,0,0,0,0,0,0,0
sklearn_4,138,9,9,-1,1,0,95,2,0,0,0,0,0,0,0,0,0,0,0,0,0,0
sklearn_4,139,10,10,9,1,0,85,1,0,0,0,0,0,0,0,0,0,0,0,1,0,1
sklearn_4,140,-1,-1,10,0,0,71,1,0,0,0,0,0,0,0,0,0,0,0,0,0,0
sklearn_4,141,-1,-1,-1,0,0,0,0,0,0,0,0,0,0,0,0,0,0,0,0,0,0
sklearn_5,1,-1,-1,-1,0,0,930,17,1,0,0,0,0,0,0,1,0,1,0,0,0,0
sklearn_5,2,1,1,-1,1,0,258,7,1,0,0,0,0,0,1,0,0,0,0,0,0,0
sklearn_5,3,2,2,1,1,0,32,1,0,0,0,0,0,0,0,1,0,1,0,0,0,0
sklearn_5,4,-1,-1,2,0,0,2,1,0,0,0,0,0,0,0,0,0,0,0,0,0,0
sklearn_5,5,-1,-1,-1,0,0,27,2,0,0,0,0,0,0,0,0,0,0,0,0,0,0
sklearn_5,6,-1,-1,-1,0,0,46,2,0,0,0,0,0,0,0,0,0,0,0,0,0,0
sklearn_5,7,3,3,-1,1,0,139,3,0,0,0,1,0,0,1,1,0,0,0,0,0,0
sklearn_5,8,-1,-1,3,0,0,57,4,0,0,0,0,0,0,0,0,0,0,0,0,0,0
sklearn_5,9,4,4,-1,1,0,52,2,0,1,0,0,0,0,0,0,0,0,0,0,0,0
sklearn_5,10,5,5,4,1,0,28,1,0,0,1,0,0,0,0,0,0,0,0,0,0,0
sklearn_5,11,-1,-1,5,0,0,6,1,0,0,0,0,0,0,0,0,0,0,0,0,0,0
sklearn_5,12,-1,-1,-1,0,0,6,1,0,0,0,0,0,0,0,0,0,0,0,0,0,0
sklearn_5,13,6,6,-1,1,0,230,7,1,0,0,0,0,0,0,0,0,0,0,1,0,1
sklearn_5,14,-1,-1,6,0,0,2,1,0,0,0,0,0,0,0,0,0,0,0,0,0,0
sklearn_5,15,-1,-1,-1,0,0,141,5,1,1,0,0,0,0,0,0,0,0,0,0,0,0
sklearn_5,16,-1,-1,-1,0,0,42,1,1,0,0,0,0,0,0,0,0,0,0,0,0,0
sklearn_5,17,-1,-1,-1,0,0,48,1,0,0,0,0,0,0,0,0,0,0,0,0,0,0
sklearn_6,1,1,1,-1,1,0,921,17,1,0,0,0,0,0,0,1,0,1,0,0,0,0
sklearn_6,2,-1,-1,1,0,0,39,1,0,0,0,0,0,0,0,1,0,0,0,0,0,0
sklearn_6,3,2,2,-1,1,0,231,5,1,0,0,0,0,0,1,0,0,0,0,0,0,0
sklearn_6,4,3,3,2,1,0,79,2,0,0,0,0,0,0,0,1,0,1,0,0,0,0
sklearn_6,5,-1,-1,3,0,0,16,1,0,0,0,0,0,0,0,0,0,0,0,0,0,0
sklearn_6,6,-1,-1,-1,0,0,15,1,0,0,0,0,0,0,0,0,0,0,0,0,0,0
sklearn_6,7,-1,-1,-1,0,0,72,2,0,0,0,0,0,0,0,1,0,0,0,0,0,0
sklearn_6,8,-1,-1,-1,0,0,10,1,0,0,0,0,0,0,0,0,0,0,0,0,0,0
sklearn_6,9,-1,-1,-1,0,0,122,2,0,0,0,0,0,0,0,1,0,0,0,0,0,0
sklearn_6,10,-1,-1,-1,0,0,130,2,0,0,0,0,0,0,0,1,0,0,0,0,0,0
sklearn_6,11,-1,-1,-1,0,0,128,2,0,0,0,0,0,0,0,1,0,0,0,0,0,0
sklearn_6,12,-1,-1,-1,0,0,128,2,0,0,0,0,0,0,0,1,0,0,0,0,0,0
sklearn_6,13,-1,-1,-1,0,0,170,3,0,0,0,0,0,0,0,1,0,0,0,0,0,0
sklearn_6,14,-1,-1,-1,0,0,143,2,0,0,0,0,0,0,0,1,0,0,0,0,0,0
sklearn_6,15,-1,-1,-1,0,0,70,1,0,0,0,0,0,0,0,0,0,0,0,0,0,0
sklearn_6,16,4,4,-1,1,0,100,1,0,0,0,1,0,0,0,0,0,0,0,0,0,0
sklearn_6,17,5,5,4,1,0,228,5,0,0,0,1,0,0,0,0,0,0,0,0,0,0
sklearn_6,18,6,6,5,1,0,177,4,0,0,0,0,0,1,0,0,0,0,0,0,0,0
sklearn_6,19,-1,-1,6,0,0,32,2,0,0,0,0,0,0,0,0,0,0,0,0,0,0
sklearn_6,20,7,7,-1,1,0,68,2,0,0,0,1,0,0,0,0,0,0,0,0,0,0
sklearn_6,21,8,8,7,1,0,93,1,0,0,0,0,0,0,1,0,0,0,0,0,0,0
sklearn_6,22,-1,-1,8,0,0,81,4,0,0,0,0,0,0,0,0,0,0,0,0,0,0
sklearn_6,23,-1,-1,-1,0,0,79,2,1,0,0,0,0,0,0,0,0,0,0,0,0,0
sklearn_6,24,-1,-1,-1,0,0,30,1,0,1,0,0,0,0,0,0,0,0,0,0,0,0
sklearn_6,25,-1,-1,-1,0,0,146,4,0,0,1,0,0,0,0,0,0,0,0,0,0,0
sklearn_6,26,-1,-1,-1,0,0,101,3,0,0,0,0,0,0,0,0,0,0,0,0,0,0
sklearn_6,27,-1,-1,-1,0,0,101,3,1,0,0,0,0,0,0,0,0,0,0,0,0,0
sklearn_6,28,-1,-1,-1,0,0,250,8,0,0,0,0,0,0,0,0,0,0,0,0,0,0
sklearn_6,29,-1,-1,-1,0,0,57,1,0,1,0,0,0,0,0,0,0,0,0,0,0,0
sklearn_6,30,-1,-1,-1,0,0,147,5,0,0,1,0,0,0,0,0,0,0,0,0,0,0
sklearn_6,31,-1,-1,-1,0,0,77,3,1,0,0,0,0,0,0,0,0,0,0,0,0,0
sklearn_6,32,-1,-1,-1,0,0,25,1,0,1,0,0,0,0,0,0,0,0,0,0,0,0
sklearn_6,33,-1,-1,-1,0,0,145,5,0,0,1,0,0,0,0,0,0,0,0,0,0,0
sklearn_6,34,9,9,-1,1,0,118,2,1,0,0,0,0,0,0,0,0,0,0,0,0,0
sklearn_6,35,10,10,9,1,0,26,1,0,1,0,0,0,0,0,0,0,0,0,0,0,0
sklearn_6,36,11,11,10,1,0,146,5,0,0,1,0,0,0,0,0,0,0,0,0,0,0
sklearn_6,37,-1,-1,11,0,0,89,2,1,0,0,0,0,0,0,0,0,0,0,0,0,0
sklearn_6,38,-1,-1,-1,0,0,25,1,0,1,0,0,0,0,0,0,0,0,0,0,0,0
sklearn_6,39,-1,-1,-1,0,0,145,5,0,0,1,0,0,0,0,0,0,0,0,0,0,0
sklearn_6,40,-1,-1,-1,0,0,399,12,0,0,0,0,0,0,0,0,0,0,0,0,0,0
sklearn_6,41,12,12,-1,1,0,161,2,0,0,0,1,0,0,0,0,0,0,0,0,0,0
sklearn_6,42,-1,-1,12,0,0,61,2,0,0,0,0,0,0,0,1,0,0,0,0,0,0
sklearn_6,43,13,13,-1,1,0,225,5,0,0,0,1,0,0,0,0,0,0,0,1,0,1
sklearn_6,44,14,14,13,1,0,174,4,0,0,0,0,0,1,0,0,0,0,0,0,0,0
sklearn_6,45,-1,-1,14,0,0,14,1,0,0,0,0,0,0,0,0,0,0,0,0,0,0
sklearn_6,46,15,15,-1,1,0,237,7,0,0,1,0,0,0,0,1,0,0,0,0,0,0
sklearn_6,47,-1,-1,15,0,0,0,0,0,0,0,0,0,0,0,0,0,0,0,0,0,0
sklearn_7,1,1,1,-1,1,0,424,13,1,0,0,0,0,0,0,1,0,1,0,0,0,0
sklearn_7,2,-1,-1,1,0,0,9,1,0,0,0,0,0,0,0,0,0,0,0,0,0,0
sklearn_7,3,-1,-1,-1,0,0,11,1,0,0,0,0,0,0,0,0,0,0,0,0,0,0
sklearn_7,4,-1,-1,-1,0,0,13,1,0,0,0,0,0,0,0,0,0,0,0,0,0,0
sklearn_7,5,-1,-1,-1,0,0,15,1,0,0,0,0,0,0,0,0,0,0,0,0,0,0
sklearn_7,6,-1,-1,-1,0,0,224,7,1,0,0,0,0,0,0,1,0,0,0,0,0,0
sklearn_7,7,-1,-1,-1,0,0,153,5,0,0,0,0,0,0,0,1,0,0,0,0,0,0
sklearn_7,8,-1,-1,-1,0,0,156,5,0,0,0,0,0,0,0,0,0,0,0,0,0,0
sklearn_7,9,-1,-1,-1,0,0,167,5,0,0,0,0,0,0,0,0,0,0,0,0,0,0
sklearn_7,10,-1,-1,-1,0,0,174,8,1,0,0,0,0,0,0,0,0,0,0,0,0,0
sklearn_7,11,-1,-1,-1,0,0,307,7,0,0,0,0,0,0,0,0,0,0,0,0,0,0
sklearn_7,12,-1,-1,-1,0,0,427,13,0,0,0,0,0,0,0,0,0,0,0,0,0,0
sklearn_7,13,-1,-1,-1,0,0,399,12,0,0,0,0,0,0,0,0,0,0,0,0,0,0
sklearn_7,14,-1,-1,-1,0,0,383,12,0,0,0,0,0,0,0,0,0,0,0,0,0,0
sklearn_7,15,-1,-1,-1,0,0,67,3,0,0,0,0,0,0,0,0,0,0,0,0,0,0
sklearn_7,16,-1,-1,-1,0,0,924,28,1,1,1,0,0,1,1,1,0,0,0,0,0,0
sklearn_7,17,-1,-1,-1,0,0,981,29,1,1,1,0,0,1,1,1,0,0,0,0,0,0
sklearn_7,18,-1,-1,-1,0,0,977,27,1,1,1,0,0,1,0,1,0,0,0,0,0,0
sklearn_7,19,2,2,-1,1,0,531,17,1,1,1,1,0,0,1,1,0,0,0,1,0,1
sklearn_7,20,-1,3,2,0,0,102,4,0,0,0,0,0,0,0,0,0,0,0,1,1,1
sklearn_7,21,-1,-1,-1,0,0,693,23,1,1,0,0,0,0,0,0,0,0,0,0,0,0
sklearn_7,22,-1,-1,-1,0,0,58,1,0,0,0,0,0,0,0,1,0,0,0,0,0,0
sklearn_7,23,-1,-1,-1,0,0,578,25,1,0,0,0,0,0,0,0,0,0,0,0,0,0
sklearn_7,24,-1,-1,-1,0,0,171,4,0,0,1,0,0,0,0,0,0,0,0,0,0,0
sklearn_7,25,-1,-1,-1,0,0,305,12,1,1,0,0,0,0,0,0,0,0,0,0,0,0
sklearn_7,26,-1,-1,-1,0,0,155,7,0,0,1,0,0,0,0,0,0,0,0,0,0,0
sklearn_8,1,-1,-1,-1,0,0,1011,26,1,0,0,1,0,0,0,1,0,1,0,0,0,0
sklearn_8,2,-1,-1,-1,0,0,10,1,0,0,0,0,0,0,0,0,0,0,0,0,0,0
sklearn_8,3,-1,-1,-1,0,0,550,10,0,0,0,0,0,0,0,1,0,0,0,0,0,0
sklearn_8,4,-1,-1,-1,0,0,9434,242,1,1,0,1,0,1,1,1,0,1,1,0,0,0
sklearn_8,5,-1,-1,-1,0,0,791,22,1,1,0,0,0,0,0,0,0,0,0,0,0,0
sklearn_8,6,-1,-1,-1,0,0,794,27,1,1,1,1,0,0,1,1,0,1,0,0,0,0
sklearn_8,7,-1,-1,-1,0,0,339,13,1,1,1,0,0,0,0,0,0,0,0,0,0,0
sklearn_8,8,-1,-1,-1,0,0,997,31,1,1,1,1,0,0,1,1,0,1,0,0,0,0
sklearn_8,9,-1,-1,-1,0,0,580,19,1,0,0,1,0,0,0,1,0,1,0,0,0,0
sklearn_8,10,-1,-1,-1,0,0,1009,25,1,0,0,0,0,0,0,1,0,1,0,0,0,0
sklearn_8,11,-1,-1,-1,0,0,3477,108,1,1,0,1,0,1,1,1,0,1,1,0,0,0
sklearn_8,12,-1,-1,-1,0,0,2826,76,1,1,0,1,0,1,1,1,0,1,1,0,0,0
sklearn_8,13,-1,-1,-1,0,0,0,0,0,0,0,0,0,0,0,0,0,0,0,0,0,0
sklearn_8,14,-1,-1,-1,0,0,1344,31,1,0,0,0,0,0,0,0,0,0,0,0,0,0
sklearn_8,15,1,1,-1,1,0,317,9,1,0,0,0,0,0,1,0,0,0,0,0,0,0
sklearn_8,16,2,2,1,1,0,121,2,0,0,0,0,0,0,0,1,0,1,0,0,0,0
sklearn_8,17,3,3,2,1,0,1424,17,0,0,0,0,0,1,0,0,0,0,1,0,0,0
sklearn_8,18,4,4,3,1,0,1435,18,0,0,0,1,0,1,0,0,0,0,1,0,0,0
sklearn_8,19,5,5,4,1,0,84,2,0,0,0,1,0,0,0,0,0,0,0,0,0,0
sklearn_8,20,6,6,5,1,0,87,1,0,0,0,0,0,0,1,0,0,0,0,0,0,0
sklearn_8,21,-1,-1,6,0,0,104,3,1,1,0,0,0,0,0,0,0,0,0,0,0,0
sklearn_8,22,7,7,-1,1,0,252,3,0,0,0,0,0,0,0,0,0,0,0,1,0,1
sklearn_8,23,8,8,7,1,0,195,9,0,1,1,0,0,0,0,0,0,0,0,0,0,0
sklearn_8,24,-1,-1,8,0,0,11,1,0,1,0,0,0,0,0,0,0,0,0,0,0,0
sklearn_8,25,10,9,-1,1,0,31,1,0,0,1,0,0,0,0,0,0,0,0,0,1,1
sklearn_8,26,11,10,10,1,0,132,6,0,0,1,0,0,0,0,0,0,0,0,1,1,1
sklearn_8,27,-1,-1,11,0,0,176,5,0,0,0,0,0,0,0,1,0,0,0,0,0,0
sklearn_9,1,-1,-1,-1,0,0,287,7,1,0,0,0,0,0,0,0,0,0,0,0,0,0
sklearn_9,2,1,1,-1,1,0,229,6,1,0,0,0,0,0,0,0,0,0,0,0,0,0
sklearn_9,3,2,2,1,1,0,58,1,0,0,0,0,0,0,0,1,0,1,0,0,0,0
sklearn_9,4,-1,-1,2,0,0,9,1,0,0,0,0,0,0,0,0,0,0,0,0,0,0
sklearn_9,5,-1,-1,-1,0,0,12,1,0,0,0,0,0,0,0,0,0,0,0,0,0,0
sklearn_9,6,3,3,-1,1,0,241,4,0,0,0,0,0,0,0,1,0,0,0,0,0,0
sklearn_9,7,-1,-1,3,0,0,10,1,0,0,0,0,0,0,0,0,0,0,0,0,0,0
sklearn_9,8,-1,-1,-1,0,0,30,1,0,0,0,0,0,0,0,0,0,0,0,0,0,0
sklearn_9,9,4,4,-1,1,0,334,5,1,0,0,1,0,0,1,0,0,0,0,0,0,0
sklearn_9,10,5,5,4,1,0,229,7,1,1,1,0,0,0,0,0,0,0,0,0,0,0
sklearn_9,11,6,6,5,1,0,215,4,1,0,0,0,0,0,0,0,0,0,0,0,0,0
sklearn_9,12,-1,-1,6,0,0,228,7,1,1,1,0,0,0,0,0,0,0,0,0,0,0
sklearn_9,13,-1,-1,-1,0,0,190,5,1,1,0,0,0,0,0,0,0,0,0,0,0,0
sklearn_9,14,-1,-1,-1,0,0,62,2,0,0,0,0,0,0,0,0,0,0,0,0,0,0
sklearn_9,15,-1,-1,-1,0,0,199,7,0,0,0,0,0,0,0,1,0,0,0,0,0,0
sklearn_9,16,-1,-1,-1,0,0,221,6,0,1,1,0,0,0,0,0,0,0,0,0,0,0
sklearn_9,17,-1,-1,-1,0,0,193,5,1,1,0,0,0,0,0,0,0,0,0,0,0,0
sklearn_9,18,-1,-1,-1,0,0,64,2,0,0,0,0,0,0,0,0,0,0,0,0,0,0
sklearn_9,19,-1,-1,-1,0,0,200,7,0,0,0,0,0,0,0,1,0,0,0,0,0,0
sklearn_9,20,7,7,-1,1,0,233,6,0,1,1,0,0,0,0,0,0,0,0,1,0,1
sklearn_9,21,-1,-1,7,0,0,143,3,0,1,0,0,0,0,0,0,0,0,0,0,0,0
sklearn_9,22,-1,-1,-1,0,0,64,2,0,0,0,0,0,0,0,0,0,0,0,0,0,0
sklearn_9,23,-1,-1,-1,0,0,200,7,0,0,0,0,0,0,0,1,0,0,0,0,0,0
sklearn_9,24,-1,-1,-1,0,0,262,8,0,0,0,0,0,0,0,0,0,0,0,0,0,0
statsmodels_1,1,1,1,-1,1,0,332,11,1,0,0,0,0,0,0,0,0,0,0,0,0,0
statsmodels_1,2,2,2,1,1,0,35,1,0,0,0,0,0,0,0,1,0,1,0,0,0,0
statsmodels_1,3,3,3,2,1,0,36,1,0,0,0,0,0,0,0,1,0,1,0,0,0,0
statsmodels_1,4,-1,-1,3,0,0,50,1,0,0,0,0,0,0,0,1,0,1,0,0,0,0
statsmodels_1,5,-1,-1,-1,0,0,13,1,0,0,0,0,0,0,0,0,0,0,0,0,0,0
statsmodels_1,6,-1,-1,-1,0,0,36,1,0,0,0,1,0,0,0,0,0,0,0,0,0,0
statsmodels_1,7,-1,-1,-1,0,0,25,1,0,0,0,0,0,0,0,0,0,0,0,0,0,0
statsmodels_1,8,-1,-1,-1,0,0,13,1,0,0,0,0,0,0,0,0,0,0,0,0,0,0
statsmodels_1,9,-1,-1,-1,0,0,10,1,0,0,0,0,0,0,0,0,0,0,0,0,0,0
statsmodels_1,10,-1,-1,-1,0,0,14,1,0,0,0,0,0,0,0,0,0,0,0,0,0,0
statsmodels_1,11,4,4,-1,1,0,32,1,0,0,0,1,0,0,0,0,0,0,0,0,0,0
statsmodels_1,12,-1,-1,4,0,0,14,1,0,0,0,0,0,0,0,0,0,0,0,0,0,0
statsmodels_1,13,-1,-1,-1,0,0,11,1,0,0,0,0,0,0,0,0,0,0,0,0,0,0
statsmodels_1,14,-1,-1,-1,0,0,22,1,0,0,0,0,0,0,0,0,0,0,0,0,0,0
statsmodels_1,15,-1,-1,-1,0,0,16,1,0,0,0,0,0,0,0,0,0,0,0,0,0,0
statsmodels_1,16,-1,-1,-1,0,0,12,1,0,0,0,0,0,0,0,0,0,0,0,0,0,0
statsmodels_1,17,-1,-1,-1,0,0,13,1,0,0,0,0,0,0,0,0,0,0,0,0,0,0
statsmodels_1,18,-1,-1,-1,0,0,29,1,0,0,0,0,0,0,0,0,0,0,0,0,0,0
statsmodels_1,19,5,5,-1,1,0,37,1,0,0,0,0,0,0,0,0,0,0,0,0,0,0
statsmodels_1,20,-1,-1,5,0,0,29,1,0,0,0,0,0,0,0,0,0,0,0,0,0,0
statsmodels_1,21,-1,-1,-1,0,0,24,1,0,0,0,0,0,0,0,0,0,0,0,0,0,0
statsmodels_1,22,6,6,-1,1,0,30,1,0,0,0,0,0,0,0,0,0,0,0,0,0,0
statsmodels_1,23,-1,-1,6,0,0,24,1,0,0,0,0,0,0,0,0,0,0,0,0,0,0
statsmodels_1,24,-1,-1,-1,0,0,26,1,0,0,0,0,0,0,0,0,0,0,0,0,0,0
statsmodels_1,25,-1,-1,-1,0,0,26,1,0,0,0,0,0,0,0,0,0,0,0,0,0,0
statsmodels_1,26,-1,-1,-1,0,0,26,1,0,0,0,0,0,0,0,0,0,0,0,0,0,0
statsmodels_1,27,-1,-1,-1,0,0,26,1,0,0,0,0,0,0,0,0,0,0,0,0,0,0
statsmodels_1,28,7,7,-1,1,0,50,1,0,0,0,0,0,0,0,0,0,0,0,1,0,1
statsmodels_1,29,-1,8,7,0,0,47,1,0,0,0,0,0,0,0,0,0,0,0,1,1,1
statsmodels_1,30,-1,9,-1,0,0,47,1,0,0,0,0,0,0,0,0,0,0,0,1,1,1
statsmodels_1,31,-1,10,-1,0,0,47,1,0,0,0,0,0,0,0,0,0,0,0,1,1,1
statsmodels_1,32,-1,11,-1,0,0,47,1,0,0,0,0,0,0,0,0,0,0,0,1,1,1
statsmodels_1,33,-1,-1,-1,0,0,14,1,0,0,0,0,0,0,0,0,0,0,0,0,0,0
statsmodels_1,34,-1,-1,-1,0,0,19,1,0,0,0,0,0,0,0,0,0,0,0,0,0,0
statsmodels_1,35,-1,-1,-1,0,0,1,1,0,0,0,0,0,0,0,0,0,0,0,0,0,0
statsmodels_1,36,-1,-1,-1,0,0,1,1,0,0,0,0,0,0,0,0,0,0,0,0,0,0
statsmodels_1,37,-1,-1,-1,0,0,20,1,0,0,0,0,0,0,0,0,0,0,0,0,0,0
statsmodels_1,38,-1,-1,-1,0,0,41,1,0,0,0,0,0,0,0,0,0,0,0,0,0,0
statsmodels_1,39,-1,-1,-1,0,0,23,1,0,0,0,0,0,1,0,0,0,0,0,0,0,0
statsmodels_1,40,-1,-1,-1,0,0,0,0,0,0,0,0,0,0,0,0,0,0,0,0,0,0
statsmodels_1,41,-1,-1,-1,0,0,41,1,0,0,0,0,0,0,0,0,0,0,0,0,0,0
statsmodels_1,42,-1,-1,-1,0,0,7,1,0,0,0,0,0,0,0,0,0,0,0,0,0,0
statsmodels_1,43,-1,-1,-1,0,0,73,3,0,0,0,0,0,0,0,0,0,0,0,0,0,0
statsmodels_1,44,-1,-1,-1,0,0,23,1,0,0,0,0,0,0,0,0,0,0,0,0,0,0
statsmodels_1,45,-1,-1,-1,0,0,11,1,0,1,0,0,0,0,0,0,0,0,0,0,0,0
statsmodels_1,46,-1,-1,-1,0,0,24,1,0,0,0,0,0,0,0,0,0,0,0,0,0,0
statsmodels_1,47,-1,-1,-1,0,0,27,1,0,0,1,0,0,0,0,0,0,0,0,0,0,0
statsmodels_1,48,-1,-1,-1,0,0,51,1,0,0,0,0,0,0,0,0,0,0,0,0,0,0
statsmodels_1,49,-1,-1,-1,0,0,58,1,0,0,0,0,0,0,0,1,0,1,0,0,0,0
statsmodels_1,50,-1,-1,-1,0,0,17,1,0,0,0,0,0,0,0,0,0,0,0,0,0,0
statsmodels_1,51,-1,-1,-1,0,0,18,1,0,0,0,0,0,0,0,0,0,0,0,0,0,0
statsmodels_1,52,-1,-1,-1,0,0,0,0,0,0,0,0,0,0,0,0,0,0,0,0,0,0
statsmodels_2,1,1,1,-1,1,0,683,20,1,0,0,0,0,0,1,1,0,1,0,0,0,0
statsmodels_2,2,-1,-1,1,0,0,269,7,0,0,0,0,0,0,0,0,0,0,0,0,0,0
statsmodels_2,3,-1,-1,-1,0,0,477,15,0,0,0,0,0,0,0,1,0,0,0,0,0,0
statsmodels_2,4,-1,-1,-1,0,0,550,18,0,0,0,0,0,0,0,1,0,0,0,0,0,0
statsmodels_2,5,-1,-1,-1,0,0,399,13,0,0,0,0,0,0,0,1,0,0,0,0,0,0
statsmodels_2,6,-1,-1,-1,0,0,476,15,0,0,0,0,0,0,0,1,0,0,0,0,0,0
statsmodels_2,7,2,2,-1,1,0,1369,30,0,0,0,1,0,0,0,1,0,0,1,0,0,0
statsmodels_2,8,-1,-1,2,0,0,223,2,0,0,0,0,0,0,0,0,0,0,0,0,0,0
statsmodels_2,9,-1,-1,-1,0,0,244,7,0,0,0,0,0,0,0,0,0,0,0,0,0,0
statsmodels_2,10,3,3,-1,1,0,233,5,0,0,0,0,0,0,0,0,0,0,1,0,0,0
statsmodels_2,11,4,4,3,1,0,82,4,0,0,0,0,0,0,0,0,0,0,0,0,0,0
statsmodels_2,12,-1,-1,4,0,0,581,9,0,0,0,0,0,0,0,0,0,0,0,0,0,0
statsmodels_2,13,5,5,-1,1,0,1205,30,0,1,1,0,0,0,0,1,0,0,0,0,0,0
statsmodels_2,14,-1,-1,5,0,0,249,7,0,0,0,0,0,0,0,0,0,0,0,0,0,0
statsmodels_2,15,6,6,-1,1,0,226,8,0,0,0,0,0,0,0,0,0,0,0,0,0,0
statsmodels_2,16,-1,-1,6,0,0,164,7,0,0,0,0,0,0,0,0,0,0,0,0,0,0
statsmodels_2,17,-1,-1,-1,0,0,1613,47,1,1,1,0,0,0,0,1,0,0,0,0,0,0
statsmodels_2,18,-1,-1,-1,0,0,0,0,0,0,0,0,0,0,0,0,0,0,0,0,0,0
statsmodels_2,19,7,7,-1,1,0,578,12,1,0,0,0,0,0,0,0,0,0,0,1,0,1
statsmodels_2,20,-1,-1,7,0,0,0,0,0,0,0,0,0,0,0,0,0,0,0,0,0,0
tensorflow_1,1,1,1,-1,1,0,199,6,1,0,0,0,0,0,0,0,0,0,0,0,0,0
tensorflow_1,2,-1,-1,1,0,0,117,3,0,0,0,0,0,0,0,0,1,0,0,0,0,0
tensorflow_1,3,2,3,-1,1,0,100,3,1,0,0,0,0,0,0,0,0,0,0,1,1,1
tensorflow_1,4,3,4,2,1,0,61,2,0,0,0,0,0,0,0,0,0,0,0,1,1,1
tensorflow_1,5,-1,-1,3,0,0,79,3,1,0,0,0,0,0,0,0,0,1,0,0,0,0
tensorflow_1,6,4,5,-1,1,0,88,3,1,0,0,0,0,0,0,0,0,1,0,0,1,1
tensorflow_1,7,5,6,4,1,0,91,2,0,0,0,0,0,0,0,0,0,1,0,0,1,1
tensorflow_1,8,6,7,5,1,0,222,9,0,0,0,0,0,0,0,0,0,0,0,1,1,1
tensorflow_1,9,7,8,6,1,0,222,9,0,0,0,0,0,0,0,0,0,0,0,1,1,1
tensorflow_1,10,11,9,7,1,0,46,1,0,0,0,0,0,0,0,0,0,0,0,0,1,1
tensorflow_1,11,-1,-1,11,0,0,203,5,0,0,0,0,0,0,0,0,0,0,0,0,0,0
tensorflow_1,12,12,10,-1,1,0,307,11,1,0,0,0,0,0,0,0,0,0,0,0,1,1
tensorflow_1,13,-1,-1,12,0,0,247,7,0,0,0,0,0,0,0,0,0,0,0,0,0,0
tensorflow_1,14,13,11,-1,1,0,57,2,0,0,0,0,0,0,0,0,0,0,0,0,1,1
tensorflow_1,15,14,12,13,1,0,449,14,0,0,0,0,0,0,0,0,0,0,0,0,1,1
tensorflow_1,16,15,13,14,1,0,123,1,0,0,0,0,0,0,0,0,0,0,0,0,1,1
tensorflow_1,17,-1,-1,15,0,0,15,1,0,0,0,0,0,0,0,0,0,0,0,0,0,0
tensorflow_1,18,16,14,-1,1,0,62,1,0,1,0,0,0,0,0,0,0,0,0,0,1,1
tensorflow_10,1,1,1,-1,1,0,60,2,1,0,0,0,0,0,0,0,0,0,0,0,0,0
tensorflow_10,2,2,2,1,1,0,92,4,1,0,0,0,0,0,0,1,0,1,0,0,0,0
tensorflow_10,3,-1,-1,2,0,0,130,2,0,0,0,0,0,0,0,1,0,1,0,0,0,0
tensorflow_10,4,-1,-1,-1,0,0,89,2,0,0,0,0,0,0,0,0,0,0,0,0,0,0
tensorflow_10,5,3,3,-1,1,0,154,3,0,0,0,0,0,0,0,1,0,0,0,0,0,0
tensorflow_10,6,-1,-1,3,0,0,10,1,0,0,0,0,0,0,0,0,0,0,0,0,0,0
tensorflow_10,7,4,4,-1,1,0,47,2,0,0,0,0,0,0,0,1,0,0,0,0,0,0
tensorflow_10,8,5,5,4,1,0,33,1,0,0,0,0,0,0,0,0,0,0,0,0,0,0
tensorflow_10,9,6,6,5,1,0,27,1,0,0,0,0,0,0,0,1,0,0,0,0,0,0
tensorflow_10,10,7,7,6,1,0,101,2,1,0,0,0,0,0,0,0,0,0,0,0,0,0
tensorflow_10,11,8,8,7,1,0,335,16,0,0,0,0,0,0,0,0,0,0,0,0,0,0
tensorflow_10,12,-1,-1,8,0,0,93,4,0,0,0,0,0,0,0,0,0,0,0,0,0,0
tensorflow_10,13,10,9,-1,1,0,104,4,0,0,0,0,0,0,0,1,0,0,0,0,1,1
tensorflow_10,14,11,10,10,1,0,53,2,0,0,0,0,0,0,0,1,0,0,0,0,1,1
tensorflow_10,15,12,11,11,1,0,186,9,1,0,0,0,0,0,1,1,0,0,0,0,1,1
tensorflow_10,16,13,12,12,1,0,152,5,1,0,0,0,0,0,0,0,0,0,0,0,1,1
tensorflow_10,17,14,13,13,1,0,638,15,0,0,0,0,0,0,0,0,0,0,0,1,1,1
tensorflow_10,18,-1,-1,14,0,0,15,1,0,0,0,0,0,0,0,0,0,0,0,0,0,0
tensorflow_10,19,15,14,-1,1,0,171,4,0,0,0,0,0,0,0,0,0,0,0,1,1,1
tensorflow_10,20,16,15,15,1,0,158,3,0,1,0,0,0,0,0,0,0,0,0,1,1,1
tensorflow_10,21,-1,-1,16,0,0,0,0,0,0,0,0,0,0,0,0,0,0,0,0,0,0
tensorflow_11,1,1,1,-1,1,0,736,29,1,0,0,0,0,0,1,0,0,0,0,0,0,0
tensorflow_11,2,2,2,1,1,0,378,11,0,0,0,0,0,0,0,1,0,0,0,0,0,0
tensorflow_11,3,-1,-1,2,0,0,16,1,0,0,0,0,0,0,0,0,0,0,0,0,0,0
tensorflow_11,4,3,3,-1,1,0,135,5,0,0,0,0,0,0,0,1,0,0,0,0,0,0
tensorflow_11,5,-1,-1,3,0,0,14,1,0,0,0,0,0,0,0,0,0,0,0,0,0,0
tensorflow_11,6,-1,-1,-1,0,0,328,9,0,0,0,0,0,0,0,0,0,0,0,0,0,0
tensorflow_11,7,4,4,-1,1,0,126,2,0,0,0,0,0,0,1,0,0,0,0,0,0,0
tensorflow_11,8,-1,-1,4,0,0,14,1,0,0,0,0,0,0,0,0,0,0,0,0,0,0
tensorflow_11,9,5,5,-1,1,0,321,8,0,0,0,0,0,0,0,0,0,0,0,0,0,0
tensorflow_11,10,-1,-1,5,0,0,16,1,0,0,0,0,0,0,0,0,0,0,0,0,0,0
tensorflow_11,11,6,6,-1,1,0,776,36,0,0,0,0,0,0,0,1,0,0,0,0,0,0
tensorflow_11,12,7,7,6,1,0,451,18,0,0,0,0,0,0,0,0,0,0,0,1,0,1
tensorflow_11,13,8,8,7,1,0,155,9,0,0,0,0,0,0,0,0,0,0,0,0,0,0
tensorflow_11,14,9,9,8,1,0,81,1,0,0,0,0,0,0,0,0,0,0,0,0,0,0
tensorflow_11,15,10,10,9,1,0,369,7,0,0,0,0,0,0,0,0,0,0,0,0,0,0
tensorflow_11,16,11,11,10,1,0,115,6,0,1,0,0,0,0,0,0,0,0,0,0,0,0
tensorflow_11,17,-1,-1,11,0,0,98,3,0,0,0,0,0,0,0,1,0,0,0,0,0,0
tensorflow_11,18,-1,-1,-1,0,0,305,11,0,0,1,0,0,0,0,0,0,0,0,0,0,0
tensorflow_11,19,-1,-1,-1,0,0,121,3,1,0,0,0,0,0,0,0,0,0,0,0,0,0
tensorflow_11,20,-1,-1,-1,0,0,314,8,1,0,0,0,0,0,0,0,0,0,0,0,0,0
tensorflow_11,21,-1,-1,-1,0,0,369,9,0,0,0,0,0,0,0,0,0,0,0,0,0,0
tensorflow_11,22,-1,-1,-1,0,0,0,0,0,0,0,0,0,0,0,0,0,0,0,0,0,0
tensorflow_12,1,1,1,-1,1,0,2213,51,1,0,0,0,0,0,1,0,0,0,0,0,0,0
tensorflow_12,2,2,2,1,1,0,104,2,0,0,0,0,0,0,0,0,0,0,0,0,0,0
tensorflow_12,3,3,3,2,1,0,36,2,0,0,0,0,0,0,0,1,0,1,0,0,0,0
tensorflow_12,4,4,4,3,1,0,10,2,0,0,0,0,0,0,0,0,0,0,0,0,0,0
tensorflow_12,5,5,5,4,1,0,543,12,1,0,0,0,0,0,0,0,0,0,0,1,0,1
tensorflow_12,6,6,6,5,1,0,79,4,1,0,0,0,0,0,0,0,0,0,0,0,0,0
tensorflow_12,7,7,7,6,1,0,15,1,0,0,0,0,0,0,0,0,0,0,0,0,0,0
tensorflow_12,8,8,8,7,1,0,15,1,0,0,0,0,0,0,0,0,0,0,0,0,0,0
tensorflow_12,9,9,9,8,1,0,631,9,0,0,0,0,0,0,1,0,0,0,0,0,0,0
tensorflow_12,10,10,10,9,1,0,2482,49,1,0,0,0,0,0,0,0,0,0,0,0,0,0
tensorflow_12,11,11,11,10,1,0,129,1,0,1,0,0,0,0,0,0,0,0,0,0,0,0
tensorflow_12,12,-1,-1,11,0,0,12,1,0,0,0,0,0,0,0,0,0,0,0,0,0,0
tensorflow_12,13,-1,-1,-1,0,0,0,0,0,0,0,0,0,0,0,0,0,0,0,0,0,0
tensorflow_13,1,1,1,-1,1,0,507,15,1,0,0,0,0,0,0,0,0,1,0,0,0,0
tensorflow_13,2,2,2,1,1,0,442,15,1,0,0,0,0,0,0,0,0,0,0,0,0,0
tensorflow_13,3,-1,-1,2,0,0,253,8,1,0,1,0,0,0,0,0,0,0,0,0,0,0
tensorflow_13,4,-1,-1,-1,0,0,825,16,0,0,0,0,0,0,0,0,0,0,0,0,0,0
tensorflow_13,5,-1,-1,-1,0,0,21,1,0,0,0,0,0,0,0,0,0,0,0,0,0,0
tensorflow_13,6,-1,-1,-1,0,0,56,3,0,0,0,0,0,0,0,0,0,0,0,0,0,0
tensorflow_13,7,-1,-1,-1,0,0,1015,24,1,0,0,0,0,0,0,0,0,0,0,0,0,0
tensorflow_13,8,-1,-1,-1,0,0,105,3,0,0,0,0,0,0,0,0,0,0,0,0,0,0
tensorflow_13,9,-1,-1,-1,0,0,58,1,0,0,0,0,0,0,0,0,0,0,0,0,0,0
tensorflow_13,10,3,3,-1,1,0,244,12,0,0,0,0,0,0,0,0,0,0,0,0,0,0
tensorflow_13,11,-1,-1,3,0,0,10,1,0,0,0,0,0,0,0,0,0,0,0,0,0,0
tensorflow_13,12,4,4,-1,1,0,255,7,1,0,0,0,0,0,0,0,0,0,0,1,0,1
tensorflow_13,13,-1,-1,4,0,0,10,1,0,0,0,0,0,0,0,0,0,0,0,0,0,0
tensorflow_13,14,-1,-1,-1,0,0,4,1,0,0,0,0,0,0,0,0,0,0,0,0,0,0
tensorflow_13,15,-1,-1,-1,0,0,10,1,0,0,0,0,0,0,0,0,0,0,0,0,0,0
tensorflow_13,16,-1,-1,-1,0,0,4,1,0,0,0,0,0,0,0,0,0,0,0,0,0,0
tensorflow_13,17,-1,-1,-1,0,0,40,1,0,1,0,0,0,0,0,0,0,0,0,0,0,0
tensorflow_13,18,-1,-1,-1,0,0,0,0,0,0,0,0,0,0,0,0,0,0,0,0,0,0
tensorflow_14,1,-1,-1,-1,0,0,930,17,1,0,0,0,0,0,0,1,0,1,0,0,0,0
tensorflow_14,2,1,1,-1,1,0,479,9,1,0,0,0,0,0,0,0,0,0,0,0,0,0
tensorflow_14,3,2,2,1,1,0,1803,43,0,0,0,0,0,0,0,0,0,0,0,0,0,0
tensorflow_14,4,3,3,2,1,0,158,4,1,0,0,0,0,0,0,0,0,0,0,0,0,0
tensorflow_14,5,4,4,3,1,0,1359,46,0,1,0,0,0,0,0,0,0,0,0,1,0,1
tensorflow_14,6,-1,-1,4,0,0,0,0,0,0,0,0,0,0,0,0,0,0,0,0,0,0
tensorflow_15,1,1,1,-1,1,0,522,20,1,0,0,0,0,0,1,0,0,0,0,0,0,0
tensorflow_15,2,2,2,1,1,0,290,8,0,0,0,0,0,0,0,0,0,0,0,0,0,0
tensorflow_15,3,3,3,2,1,0,243,8,0,0,0,0,0,0,0,0,0,0,0,0,0,0
tensorflow_15,4,4,4,3,1,0,213,8,0,0,0,0,0,0,0,0,0,0,0,0,0,0
tensorflow_15,5,5,5,4,1,0,160,5,0,0,0,0,0,0,0,0,0,0,0,0,0,0
tensorflow_15,6,-1,-1,5,0,0,53,2,0,0,0,0,0,0,0,0,0,0,0,0,0,0
tensorflow_15,7,6,6,-1,1,0,113,1,0,0,0,0,0,0,0,0,0,0,0,0,0,0
tensorflow_15,8,7,7,6,1,0,568,13,0,0,0,0,0,0,0,0,0,0,0,0,0,0
tensorflow_15,9,8,8,7,1,0,60,2,0,0,0,0,0,0,0,0,0,0,0,0,0,0
tensorflow_15,10,9,9,8,1,0,95,5,0,0,0,0,0,0,0,0,0,0,0,0,0,0
tensorflow_15,11,10,10,9,1,0,364,16,0,1,0,0,0,0,0,0,0,0,0,0,0,0
tensorflow_15,12,11,11,10,1,0,151,3,0,0,0,0,0,0,0,0,0,0,0,0,0,0
tensorflow_15,13,12,12,11,1,0,45,1,0,0,1,0,0,0,0,0,0,0,0,0,0,0
tensorflow_15,14,-1,-1,12,0,0,18,1,0,0,0,0,0,0,0,0,0,0,0,0,0,0
tensorflow_15,15,13,13,-1,1,0,283,7,0,0,0,0,0,0,0,0,0,0,0,1,0,1
tensorflow_15,16,-1,-1,13,0,0,603,15,0,0,1,0,0,0,0,0,0,0,0,0,0,0
tensorflow_15,17,-1,-1,-1,0,0,37,1,0,0,0,0,0,0,0,0,0,0,0,0,0,0
tensorflow_15,18,-1,-1,-1,0,0,429,10,0,0,0,0,0,0,0,0,0,0,0,0,0,0
tensorflow_15,19,-1,-1,-1,0,0,80,1,0,0,0,0,0,0,0,0,0,0,0,0,0,0
tensorflow_2,1,1,1,-1,1,0,233,7,1,0,0,0,0,0,0,0,0,0,0,0,0,0
tensorflow_2,2,-1,-1,1,0,0,31,1,0,0,0,0,0,0,0,0,0,0,0,0,0,0
tensorflow_2,3,2,2,-1,1,0,236,9,0,0,0,0,0,0,0,0,0,0,0,0,0,0
tensorflow_2,4,3,3,2,1,0,523,21,0,0,0,0,0,0,0,0,0,0,0,0,0,0
tensorflow_2,5,4,4,3,1,0,210,9,0,0,0,0,0,0,0,0,0,0,0,0,0,0
tensorflow_2,6,5,5,4,1,0,567,14,0,1,0,0,0,0,0,0,0,0,0,1,0,1
tensorflow_2,7,-1,-1,5,0,0,30,1,0,0,0,0,0,0,0,0,0,0,0,0,0,0
tensorflow_2,8,-1,-1,-1,0,0,798,17,0,0,0,0,0,0,0,0,0,0,0,1,0,1
tensorflow_2,9,-1,-1,-1,0,0,1029,24,0,0,0,0,0,0,0,0,0,0,0,1,0,1
tensorflow_2,10,-1,-1,-1,0,0,1029,24,0,0,0,0,0,0,0,0,0,0,0,1,0,1
tensorflow_2,11,-1,-1,-1,0,0,2164,47,1,0,0,0,0,0,0,0,0,0,0,1,0,1
tensorflow_2,12,-1,-1,-1,0,0,212,6,1,0,0,0,0,0,0,0,0,0,0,0,0,0
tensorflow_3,1,1,1,-1,1,0,503,18,1,0,0,0,0,0,0,0,0,0,0,0,0,0
tensorflow_3,2,2,2,1,1,0,717,21,0,0,0,0,0,0,0,0,0,0,0,0,0,0
tensorflow_3,3,3,3,2,1,0,914,25,0,0,0,0,0,0,0,0,0,0,0,0,0,0
tensorflow_3,4,4,4,3,1,0,681,19,0,0,0,0,0,0,0,0,0,0,0,0,0,0
tensorflow_3,5,5,5,4,1,0,476,12,0,0,0,0,0,0,0,0,0,0,0,0,0,0
tensorflow_3,6,6,6,5,1,0,417,9,0,0,0,0,0,0,0,0,0,0,0,0,0,0
tensorflow_3,7,7,7,6,1,0,756,19,1,0,0,0,0,0,0,0,0,0,0,0,0,0
tensorflow_3,8,-1,-1,7,0,0,160,5,1,0,0,0,0,0,0,0,0,0,0,0,0,0
tensorflow_3,9,9,8,-1,1,0,98,6,0,1,0,0,0,0,0,0,0,0,0,0,1,1
tensorflow_3,10,10,9,9,1,0,22,1,0,0,0,0,0,0,0,0,0,0,0,0,1,1
tensorflow_3,11,11,10,10,1,0,23,1,0,0,0,0,0,0,0,0,0,0,0,1,1,1
tensorflow_3,12,-1,-1,11,0,0,662,23,0,0,0,0,0,0,0,0,0,0,0,0,0,0
tensorflow_3,13,-1,-1,-1,0,0,0,0,0,0,0,0,0,0,0,0,0,0,0,0,0,0
tensorflow_3,14,-1,-1,-1,0,0,0,0,0,0,0,0,0,0,0,0,0,0,0,0,0,0
tensorflow_3,15,-1,-1,-1,0,0,789,23,0,0,1,0,0,0,0,0,0,0,0,0,0,0
tensorflow_3,16,-1,-1,-1,0,0,0,0,0,0,0,0,0,0,0,0,0,0,0,0,0,0
tensorflow_4,1,1,1,-1,1,0,242,10,1,0,0,0,0,0,1,0,0,0,0,0,0,0
tensorflow_4,2,-1,-1,1,0,0,18,1,1,0,0,0,0,0,0,0,0,0,0,0,0,0
tensorflow_4,3,2,2,-1,1,0,262,5,0,0,0,0,0,0,0,0,0,0,0,0,0,0
tensorflow_4,4,-1,-1,2,0,0,182,7,0,0,0,0,0,0,0,0,0,0,0,0,0,0
tensorflow_4,5,-1,-1,-1,0,0,841,28,0,0,0,0,0,0,0,0,0,0,0,0,0,0
tensorflow_4,6,-1,-1,-1,0,0,384,13,0,0,0,0,0,0,0,0,0,0,0,0,0,0
tensorflow_4,7,-1,-1,-1,0,0,382,13,0,0,0,0,0,0,0,0,0,0,0,0,0,0
tensorflow_4,8,3,3,-1,1,0,10,1,0,0,0,0,0,0,0,0,0,0,0,0,0,0
tensorflow_4,9,4,4,3,1,0,3545,115,0,0,0,0,0,0,0,0,0,0,0,0,0,0
tensorflow_4,10,-1,-1,4,0,0,172,5,0,0,0,0,0,0,0,0,0,1,0,0,0,0
tensorflow_4,11,5,5,-1,1,0,909,22,0,0,0,0,0,0,1,0,0,0,0,0,0,0
tensorflow_4,12,6,6,5,1,0,25,1,0,0,0,0,0,0,0,0,0,0,0,0,0,0
tensorflow_4,13,7,7,6,1,0,1480,52,1,1,0,0,0,0,1,0,0,0,0,1,0,1
tensorflow_4,14,-1,-1,7,0,0,2091,69,1,1,0,0,0,0,0,0,0,0,0,0,0,0
tensorflow_4,15,-1,-1,-1,0,0,257,6,0,0,0,0,0,0,0,0,0,0,0,0,0,0
tensorflow_4,16,-1,-1,-1,0,0,23,1,0,0,0,0,0,0,0,0,0,0,0,0,0,0
tensorflow_5,1,1,1,-1,1,0,34,2,0,0,0,0,0,0,0,0,0,0,0,0,0,0
tensorflow_5,2,2,2,1,1,0,253,8,1,0,0,0,0,0,0,1,0,1,0,0,0,0
tensorflow_5,3,3,3,2,1,0,153,3,0,0,0,0,0,0,0,1,0,0,0,0,0,0
tensorflow_5,4,-1,-1,3,0,0,32,1,0,0,0,0,0,0,0,1,0,0,0,0,0,0
tensorflow_5,5,4,4,-1,1,0,295,7,0,0,0,0,0,0,0,1,0,0,0,0,0,0
tensorflow_5,6,-1,-1,4,0,0,217,7,0,0,0,0,0,0,0,1,0,0,0,0,0,0
tensorflow_5,7,-1,-1,-1,0,0,440,9,0,0,0,0,0,0,0,1,0,0,0,0,0,0
tensorflow_5,8,-1,-1,-1,0,0,229,6,0,0,0,0,0,0,0,1,0,0,0,0,0,0
tensorflow_5,9,5,5,-1,1,0,758,15,0,0,0,0,0,0,0,1,0,0,0,1,0,1
tensorflow_5,10,6,6,5,1,0,161,7,0,0,0,0,0,0,0,1,0,0,0,0,0,0
tensorflow_5,11,7,7,6,1,0,18,1,0,0,0,0,0,0,0,0,0,0,0,0,0,0
tensorflow_5,12,8,8,7,1,0,749,28,1,0,0,0,0,0,1,0,0,0,0,0,0,0
tensorflow_5,13,9,9,8,1,0,90,2,0,0,0,0,0,0,0,0,0,0,0,0,0,0
tensorflow_5,14,-1,-1,9,0,0,244,12,1,0,0,0,0,0,0,0,0,0,0,0,0,0
tensorflow_5,15,10,10,-1,1,0,146,4,1,0,0,0,0,0,0,0,0,0,0,0,0,0
tensorflow_5,16,11,11,10,1,0,1156,32,1,0,0,0,0,0,0,0,0,0,0,0,0,0
tensorflow_5,17,12,12,11,1,0,1343,43,1,0,0,0,0,0,0,0,0,0,0,0,0,0
tensorflow_5,18,-1,-1,12,0,0,20,1,0,0,0,0,0,0,0,0,0,0,0,0,0,0
tensorflow_5,19,13,13,-1,1,0,202,10,0,1,0,0,0,0,0,0,0,0,0,0,0,0
tensorflow_5,20,-1,-1,13,0,0,275,11,1,0,0,0,0,0,0,0,0,0,0,0,0,0
tensorflow_5,21,-1,-1,-1,0,0,327,8,0,0,0,0,0,0,0,0,0,0,0,0,0,0
tensorflow_5,22,-1,-1,-1,0,0,94,2,0,0,0,0,0,0,0,1,0,1,0,0,0,0
tensorflow_5,23,-1,-1,-1,0,0,678,24,0,0,0,0,0,0,0,1,0,0,1,0,0,0
tensorflow_5,24,-1,-1,-1,0,0,170,5,0,0,0,0,0,0,0,1,0,0,0,0,0,0
tensorflow_5,25,-1,-1,-1,0,0,371,8,0,0,0,0,0,0,0,1,0,1,0,0,0,0
tensorflow_5,26,-1,-1,-1,0,0,1504,45,0,0,0,1,0,0,0,1,0,0,0,0,0,0
tensorflow_5,27,-1,-1,-1,0,0,52,1,0,0,0,0,0,0,0,0,0,0,0,0,0,0
tensorflow_5,28,-1,-1,-1,0,0,49,1,0,0,0,0,0,0,0,0,0,0,0,0,0,0
tensorflow_5,29,-1,-1,-1,0,0,55,1,0,0,0,0,0,0,0,0,0,0,0,0,0,0
tensorflow_5,30,-1,-1,-1,0,0,51,1,0,0,0,0,0,0,0,0,0,0,0,0,0,0
tensorflow_5,31,-1,-1,-1,0,0,49,1,0,0,0,0,0,0,0,0,0,0,0,0,0,0
tensorflow_5,32,-1,-1,-1,0,0,215,5,0,0,0,0,0,0,0,0,0,0,0,0,0,0
tensorflow_5,33,-1,-1,-1,0,0,1239,42,0,0,0,0,0,0,0,1,0,0,0,0,0,0
tensorflow_5,34,-1,-1,-1,0,0,299,7,0,0,0,0,0,0,0,0,0,0,0,0,0,0
tensorflow_6,1,1,1,-1,1,0,1002,33,1,0,0,0,0,0,1,0,0,0,0,0,0,0
tensorflow_6,2,2,2,1,1,0,115,2,1,0,0,0,0,0,0,0,1,0,0,0,0,0
tensorflow_6,3,-1,-1,2,0,0,0,0,0,0,0,0,0,0,0,0,0,0,0,0,0,0
tensorflow_6,4,3,3,-1,1,0,73,2,0,0,0,0,0,0,0,1,0,1,0,0,0,0
tensorflow_6,5,4,4,3,1,0,224,11,0,0,0,1,0,0,0,0,0,0,0,0,0,0
tensorflow_6,6,-1,-1,4,0,0,33,1,0,0,0,0,0,0,0,0,0,0,0,0,0,0
tensorflow_6,7,5,5,-1,1,0,66,3,0,0,0,0,0,0,0,0,0,0,0,0,0,0
tensorflow_6,8,-1,-1,5,0,0,13,1,0,0,0,0,0,0,0,0,0,0,0,0,0,0
tensorflow_6,9,6,6,-1,1,0,112,3,0,0,0,0,0,0,0,0,0,0,0,0,0,0
tensorflow_6,10,7,7,6,1,0,132,2,0,0,0,0,0,0,0,0,0,0,0,0,0,0
tensorflow_6,11,-1,-1,7,0,0,13,1,0,0,0,0,0,0,0,0,0,0,0,0,0,0
tensorflow_6,12,8,8,-1,1,0,126,2,0,0,0,0,0,0,1,0,0,0,0,0,0,0
tensorflow_6,13,-1,-1,8,0,0,33,1,0,0,0,0,0,0,0,0,0,0,0,0,0,0
tensorflow_6,14,9,9,-1,1,0,405,15,1,0,1,0,0,0,0,0,0,0,0,0,0,0
tensorflow_6,15,-1,-1,9,0,0,239,7,0,0,1,0,0,0,0,0,0,0,0,0,0,0
tensorflow_6,16,-1,-1,-1,0,0,239,7,0,0,1,0,0,0,0,0,0,0,0,0,0,0
tensorflow_6,17,-1,-1,-1,0,0,253,7,0,0,1,0,0,0,0,0,0,0,0,0,0,0
tensorflow_6,18,10,10,-1,1,0,1228,38,0,0,0,0,0,0,0,0,0,0,0,0,0,0
tensorflow_6,19,-1,-1,10,0,0,15,1,0,0,0,0,0,0,0,0,0,0,0,0,0,0
tensorflow_6,20,11,11,-1,1,0,473,14,0,0,0,0,0,0,0,0,0,0,0,0,0,0
tensorflow_6,21,12,12,11,1,0,123,2,0,0,0,0,0,0,0,0,0,0,0,0,0,0
tensorflow_6,22,13,13,12,1,0,994,21,0,0,0,0,0,0,0,0,0,0,0,0,0,0
tensorflow_6,23,14,14,13,1,0,242,7,0,0,0,0,0,0,0,0,0,0,0,0,0,0
tensorflow_6,24,15,15,14,1,0,73,2,0,0,0,0,0,0,0,0,0,0,0,0,0,0
tensorflow_6,25,-1,-1,15,0,0,198,2,0,1,0,0,0,0,0,0,0,0,0,0,0,0
tensorflow_6,26,-1,-1,-1,0,0,0,0,0,0,0,0,0,0,0,0,0,0,0,0,0,0
tensorflow_6,27,16,16,-1,1,0,1455,23,0,1,0,0,0,0,0,0,0,0,0,0,0,0
tensorflow_6,28,17,17,16,1,0,614,9,0,1,0,0,0,0,0,0,0,0,0,0,0,0
tensorflow_6,29,-1,-1,17,0,0,52,1,0,0,0,0,0,0,0,0,0,0,0,0,0,0
tensorflow_6,30,18,18,-1,1,0,431,8,0,0,0,0,0,0,0,0,0,0,0,1,0,1
tensorflow_6,31,-1,-1,18,0,0,2402,54,0,0,1,0,0,0,0,0,0,0,0,0,0,0
tensorflow_7,1,-1,-1,-1,0,0,929,17,1,0,0,0,0,0,0,1,0,1,0,0,0,0
tensorflow_7,2,-1,-1,-1,0,0,55,1,0,0,0,0,0,0,0,0,0,0,0,0,0,0
tensorflow_7,3,1,1,-1,1,0,159,5,1,0,0,0,0,0,0,0,0,0,0,0,0,0
tensorflow_7,4,2,2,1,1,0,1123,26,0,0,0,0,0,0,0,0,1,0,0,0,0,0
tensorflow_7,5,-1,-1,2,0,0,94,4,1,0,0,0,0,0,0,0,0,0,0,0,0,0
tensorflow_7,6,-1,-1,-1,0,0,120,3,1,0,0,0,0,0,0,0,0,0,0,0,0,0
tensorflow_7,7,-1,-1,-1,0,0,116,4,0,0,0,0,0,0,0,0,0,0,0,0,0,0
tensorflow_7,8,-1,-1,-1,0,0,155,4,0,0,0,0,0,0,0,0,0,0,0,0,0,0
tensorflow_7,9,-1,-1,-1,0,0,214,6,0,0,0,0,0,0,0,0,0,0,0,0,0,0
tensorflow_7,10,-1,-1,-1,0,0,248,6,0,0,0,0,0,0,0,0,0,0,0,0,0,0
tensorflow_7,11,-1,-1,-1,0,0,22,1,0,0,0,0,0,0,0,0,0,0,0,0,0,0
tensorflow_7,12,-1,-1,-1,0,0,426,16,0,0,0,0,0,0,0,0,0,0,0,0,0,0
tensorflow_7,13,-1,-1,-1,0,0,451,19,0,0,0,0,0,0,0,0,0,0,0,0,0,0
tensorflow_7,14,3,3,-1,1,0,148,4,1,0,0,0,0,0,0,1,0,1,0,1,0,1
tensorflow_7,15,-1,-1,3,0,0,12,1,0,0,0,0,0,0,0,0,0,0,0,0,0,0
tensorflow_7,16,-1,-1,-1,0,0,23,1,0,0,0,0,0,0,0,0,0,0,0,0,0,0
tensorflow_7,17,-1,-1,-1,0,0,26,1,0,0,0,0,0,0,0,0,0,0,0,0,0,0
tensorflow_7,18,-1,-1,-1,0,0,60,3,0,0,0,0,0,0,0,0,0,0,0,0,0,0
tensorflow_7,19,-1,-1,-1,0,0,119,2,0,0,0,0,0,0,0,0,0,0,0,0,0,0
tensorflow_7,20,-1,-1,-1,0,0,6,1,0,0,0,0,0,0,0,0,0,0,0,0,0,0
tensorflow_7,21,-1,-1,-1,0,0,11,1,0,0,0,0,0,0,0,0,0,0,0,0,0,0
tensorflow_7,22,-1,-1,-1,0,0,780,17,0,0,0,0,0,0,0,0,0,0,0,0,0,0
tensorflow_7,23,-1,-1,-1,0,0,17,1,0,0,0,0,0,0,0,0,0,0,0,0,0,0
tensorflow_7,24,-1,-1,-1,0,0,71,2,0,0,0,0,0,0,0,0,0,0,0,0,0,0
tensorflow_7,25,-1,-1,-1,0,0,60,2,0,0,0,0,0,0,0,0,0,0,0,0,0,0
tensorflow_7,26,-1,-1,-1,0,0,131,2,0,0,0,0,0,0,0,0,0,0,0,0,0,0
tensorflow_7,27,-1,-1,-1,0,0,17,1,0,0,0,0,0,0,0,0,0,0,0,0,0,0
tensorflow_7,28,-1,-1,-1,0,0,127,2,0,0,0,0,0,0,0,0,0,0,0,0,0,0
tensorflow_7,29,-1,-1,-1,0,0,16,1,0,0,0,0,0,0,0,0,0,0,0,0,0,0
tensorflow_7,30,-1,-1,-1,0,0,67,2,0,0,0,0,0,0,0,0,0,0,0,0,0,0
tensorflow_7,31,-1,-1,-1,0,0,81,2,0,0,0,0,0,0,0,0,0,0,0,0,0,0
tensorflow_7,32,-1,-1,-1,0,0,64,2,0,0,0,0,0,0,0,0,0,0,0,0,0,0
tensorflow_7,33,-1,-1,-1,0,0,78,2,0,0,0,0,0,0,0,0,0,0,0,0,0,0
tensorflow_7,34,-1,-1,-1,0,0,150,3,0,0,0,0,0,0,0,0,0,0,0,0,0,0
tensorflow_7,35,-1,-1,-1,0,0,145,3,0,0,0,0,0,0,0,0,0,0,0,0,0,0
tensorflow_7,36,-1,-1,-1,0,0,182,3,0,0,0,0,0,0,0,0,0,0,0,0,0,0
tensorflow_7,37,-1,-1,-1,0,0,177,3,0,0,0,0,0,0,0,0,0,0,0,0,0,0
tensorflow_7,38,-1,-1,-1,0,0,84,2,0,0,0,0,0,0,0,0,0,0,0,0,0,0
tensorflow_7,39,-1,-1,-1,0,0,80,2,0,0,0,0,0,0,0,0,0,0,0,0,0,0
tensorflow_7,40,-1,-1,-1,0,0,97,2,0,0,0,0,0,0,0,0,0,0,0,0,0,0
tensorflow_7,41,-1,-1,-1,0,0,94,2,0,0,0,0,0,0,0,0,0,0,0,0,0,0
tensorflow_7,42,-1,-1,-1,0,0,104,2,0,0,0,0,0,0,0,0,0,0,0,0,0,0
tensorflow_7,43,-1,-1,-1,0,0,100,2,0,0,0,0,0,0,0,0,0,0,0,0,0,0
tensorflow_7,44,-1,-1,-1,0,0,82,2,0,0,0,0,0,0,0,0,0,0,0,0,0,0
tensorflow_7,45,-1,-1,-1,0,0,79,2,0,0,0,0,0,0,0,0,0,0,0,0,0,0
tensorflow_7,46,-1,-1,-1,0,0,119,3,0,0,0,0,0,0,0,0,0,0,0,0,0,0
tensorflow_7,47,-1,-1,-1,0,0,159,4,0,0,0,0,0,0,0,0,0,0,0,0,0,0
tensorflow_7,48,-1,-1,-1,0,0,1465,41,1,0,0,0,0,0,0,0,0,0,0,0,0,0
tensorflow_7,49,4,4,-1,1,0,97,2,0,0,0,0,0,0,0,0,0,0,0,0,0,0
tensorflow_7,50,5,5,4,1,0,139,4,0,0,0,0,0,0,0,0,0,0,0,0,0,0
tensorflow_7,51,-1,-1,5,0,0,42,1,0,0,0,0,0,0,0,0,0,0,0,0,0,0
tensorflow_7,52,6,6,-1,1,0,830,28,0,0,0,0,0,0,0,0,0,0,0,0,0,0
tensorflow_7,53,7,7,6,1,0,83,1,0,0,0,0,0,0,0,0,0,0,0,0,0,0
tensorflow_7,54,-1,-1,7,0,0,18,1,0,0,0,0,0,0,0,0,0,0,0,0,0,0
tensorflow_7,55,8,8,-1,1,0,814,17,1,0,0,0,0,0,0,0,0,0,0,1,0,1
tensorflow_7,56,9,9,8,1,0,68,3,0,0,0,0,0,0,0,0,0,0,0,0,0,0
tensorflow_7,57,10,10,9,1,0,108,1,0,1,0,0,0,0,0,0,0,0,0,0,0,0
tensorflow_7,58,-1,-1,10,0,0,149,2,0,0,0,0,0,0,0,1,0,1,0,0,0,0
tensorflow_7,59,-1,-1,-1,0,0,11,1,0,0,0,0,0,0,0,0,0,0,0,0,0,0
tensorflow_7,60,-1,-1,-1,0,0,63,1,0,0,1,0,0,0,0,0,0,0,0,0,0,0
tensorflow_7,61,-1,-1,-1,0,0,77,2,0,0,0,0,0,0,0,0,0,0,0,0,0,0
tensorflow_7,62,-1,-1,-1,0,0,17,1,0,0,0,0,0,0,0,0,0,0,0,0,0,0
tensorflow_7,63,-1,-1,-1,0,0,50,1,0,0,0,0,0,0,0,0,0,0,0,0,0,0
tensorflow_7,64,-1,-1,-1,0,0,26,1,0,0,0,0,0,0,0,0,0,0,0,0,0,0
tensorflow_8,1,1,1,-1,1,0,1245,34,1,0,0,0,0,0,1,0,0,0,0,0,0,0
tensorflow_8,2,-1,-1,1,0,0,17,1,0,0,0,0,0,0,0,0,0,0,0,0,0,0
tensorflow_8,3,2,2,-1,1,0,7,1,0,0,0,0,0,0,0,0,0,0,0,0,0,0
tensorflow_8,4,-1,-1,2,0,0,97,3,0,0,0,0,0,0,0,0,0,0,0,0,0,0
tensorflow_8,5,3,3,-1,1,0,348,11,0,0,0,0,0,0,0,0,0,0,0,0,0,0
tensorflow_8,6,-1,-1,3,0,0,409,10,0,0,0,0,0,0,0,0,0,0,0,0,0,0
tensorflow_8,7,4,4,-1,1,0,117,2,0,0,0,0,0,0,0,0,0,0,0,0,0,0
tensorflow_8,8,-1,-1,4,0,0,83,1,0,0,0,0,0,0,0,0,0,0,0,0,0,0
tensorflow_8,9,-1,-1,-1,0,0,86,1,0,0,0,0,0,0,0,0,0,0,0,0,0,0
tensorflow_8,10,-1,-1,-1,0,0,70,2,0,0,0,0,0,0,0,0,0,0,0,0,0,0
tensorflow_8,11,5,5,-1,1,0,510,14,0,0,0,0,0,0,0,1,0,0,0,0,0,0
tensorflow_8,12,-1,-1,5,0,0,13,1,0,0,0,0,0,0,0,0,0,0,0,0,0,0
tensorflow_8,13,-1,-1,-1,0,0,10,1,0,0,0,0,0,0,0,0,0,0,0,0,0,0
tensorflow_8,14,-1,-1,-1,0,0,53,2,0,0,0,0,0,0,0,0,0,0,0,0,0,0
tensorflow_8,15,6,6,-1,1,0,212,5,0,0,0,0,0,0,0,1,0,0,0,0,0,0
tensorflow_8,16,-1,-1,6,0,0,22,1,0,0,0,0,0,0,0,0,0,0,0,0,0,0
tensorflow_8,17,-1,-1,-1,0,0,16,1,0,0,0,0,0,0,0,0,0,0,0,0,0,0
tensorflow_8,18,7,7,-1,1,0,707,22,0,0,0,0,0,0,1,0,0,0,0,0,0,0
tensorflow_8,19,8,8,7,1,0,623,20,0,0,0,0,0,0,0,0,0,0,0,0,0,0
tensorflow_8,20,9,9,8,1,0,1269,34,0,0,0,0,0,0,0,0,0,0,0,0,0,0
tensorflow_8,21,10,10,9,1,0,649,14,0,0,0,0,0,0,0,0,0,0,0,0,0,0
tensorflow_8,22,11,11,10,1,0,2092,49,0,0,0,0,0,0,0,0,0,0,0,1,0,1
tensorflow_8,23,-1,-1,11,0,0,0,0,0,0,0,0,0,0,0,0,0,0,0,0,0,0
tensorflow_8,24,12,12,-1,1,0,81,1,0,0,0,0,0,0,0,0,0,0,0,0,0,0
tensorflow_8,25,13,13,12,1,0,309,9,0,1,0,0,0,0,0,0,0,0,0,0,0,0
tensorflow_8,26,14,14,13,1,0,342,8,0,1,0,0,0,0,0,0,0,0,0,0,0,0
tensorflow_8,27,-1,-1,14,0,0,183,3,0,1,0,0,0,0,0,0,0,0,0,0,0,0
tensorflow_8,28,-1,-1,-1,0,0,15,1,0,0,0,0,0,0,0,0,0,0,0,0,0,0
tensorflow_8,29,-1,-1,-1,0,0,5089,92,0,1,0,0,0,0,0,0,0,0,0,0,0,0
tensorflow_8,30,-1,-1,-1,0,0,15,1,0,0,0,0,0,0,0,0,0,0,0,0,0,0
tensorflow_8,31,-1,-1,-1,0,0,60,2,0,0,0,0,0,0,0,1,0,0,0,0,0,0
tensorflow_8,32,-1,16,-1,0,0,200,7,0,0,0,0,0,0,0,0,0,0,0,1,1,1
tensorflow_8,33,-1,-1,-1,0,0,174,6,0,0,1,0,0,0,0,0,0,0,0,0,0,0
tensorflow_8,34,-1,-1,-1,0,0,277,8,0,0,1,0,0,0,0,0,0,0,0,0,0,0
tensorflow_8,35,-1,-1,-1,0,0,481,11,1,0,0,0,0,0,0,0,0,0,0,0,0,0
tensorflow_9,1,1,1,-1,1,0,311,13,1,0,0,0,0,0,0,0,0,0,0,0,0,0
tensorflow_9,2,2,2,1,1,0,86,3,0,0,0,0,0,0,0,1,0,1,0,0,0,0
tensorflow_9,3,3,3,2,1,0,43,1,0,0,0,0,0,0,0,0,0,0,0,0,0,0
tensorflow_9,4,-1,-1,3,0,0,17,1,0,0,0,0,0,0,0,0,0,0,0,0,0,0
tensorflow_9,5,-1,-1,-1,0,0,27,1,0,0,0,0,0,0,0,1,0,0,0,0,0,0
tensorflow_9,6,-1,-1,-1,0,0,437,18,0,0,0,0,0,0,0,0,0,0,0,0,0,0
tensorflow_9,7,-1,-1,-1,0,0,9,1,0,0,0,0,0,0,0,0,0,0,0,0,0,0
tensorflow_9,8,4,4,-1,1,0,963,26,0,0,0,0,0,0,0,1,0,0,0,0,0,0
tensorflow_9,9,5,5,4,1,0,931,18,0,0,0,0,0,0,0,1,0,0,0,0,0,0
tensorflow_9,10,6,6,5,1,0,739,17,0,0,0,0,0,0,0,1,0,0,0,0,0,0
tensorflow_9,11,7,7,6,1,0,217,7,0,0,0,0,0,0,0,0,0,0,0,0,0,0
tensorflow_9,12,8,8,7,1,0,300,6,0,0,0,0,0,0,0,1,0,0,0,0,0,0
tensorflow_9,13,9,9,8,1,0,263,7,1,0,0,0,0,0,1,0,0,0,0,0,0,0
tensorflow_9,14,10,10,9,1,0,62,1,0,0,0,0,0,0,0,0,0,0,0,0,0,0
tensorflow_9,15,11,11,10,1,0,187,3,0,0,0,0,0,0,0,0,0,0,0,0,0,0
tensorflow_9,16,-1,-1,11,0,0,17,1,0,0,0,0,0,0,0,0,0,0,0,0,0,0
tensorflow_9,17,-1,-1,-1,0,0,497,4,0,0,0,0,0,0,0,0,0,0,0,0,0,0
tensorflow_9,18,-1,-1,-1,0,0,76,2,0,0,0,0,0,0,0,0,0,0,0,0,0,0
tensorflow_9,19,-1,-1,-1,0,0,23,1,0,0,0,0,0,0,0,0,0,0,0,0,0,0
tensorflow_9,20,12,12,-1,1,0,350,7,0,0,0,0,0,0,0,0,0,0,0,0,0,0
tensorflow_9,21,13,13,12,1,0,61,2,1,0,0,0,0,0,0,0,0,0,0,1,0,1
tensorflow_9,22,-1,-1,13,0,0,554,17,0,0,0,0,0,0,0,0,0,0,0,0,0,0
tensorflow_9,23,-1,-1,-1,0,0,389,9,0,0,0,0,0,0,1,1,0,0,1,0,0,0
tensorflow_9,24,-1,-1,-1,0,0,143,3,0,0,0,0,0,0,0,0,0,0,0,0,0,0
tensorflow_9,25,-1,-1,-1,0,0,18,1,0,0,0,0,0,0,0,0,0,0,0,0,0,0
tensorflow_9,26,-1,-1,-1,0,0,59,3,0,0,0,0,0,0,0,0,0,0,0,0,0,0
tensorflow_9,27,-1,-1,-1,0,0,617,14,0,0,0,0,0,0,0,0,0,0,0,0,0,0
tensorflow_9,28,-1,-1,-1,0,0,151,5,0,0,0,0,0,0,0,0,1,0,0,0,0,0
tensorflow_9,29,-1,-1,-1,0,0,1265,28,0,0,0,0,0,0,0,0,0,0,0,0,0,0
tensorflow_9,30,-1,-1,-1,0,0,1138,22,0,0,0,0,0,0,0,0,0,0,0,0,0,0
tensorflow_9,31,-1,-1,-1,0,0,827,21,0,0,0,0,0,0,0,0,0,0,0,0,0,0
tensorflow_9,32,-1,-1,-1,0,0,228,7,0,0,0,0,0,0,0,0,0,0,0,0,0,0
tensorflow_9,33,-1,-1,-1,0,0,752,17,0,0,0,0,0,0,0,0,0,0,0,0,0,0
tensorflow_9,34,-1,-1,-1,0,0,72,1,0,0,0,0,0,0,0,0,0,0,0,0,0,0
tensorflow_9,35,-1,-1,-1,0,0,82,1,0,0,0,0,0,0,0,0,0,0,0,0,0,0
tensorflow_9,36,-1,-1,-1,0,0,476,9,0,0,0,0,0,0,0,1,0,0,0,0,0,0
tensorflow_9,37,-1,-1,-1,0,0,199,3,0,0,0,0,0,0,0,1,0,0,0,0,0,0
tensorflow_9,38,-1,-1,-1,0,0,385,9,0,0,0,0,0,0,0,0,0,0,0,0,0,0
tensorflow_9,39,-1,-1,-1,0,0,475,10,0,0,0,0,0,0,0,1,0,0,0,0,0,0
tensorflow_9,40,-1,-1,-1,0,0,93,3,0,0,0,0,0,0,0,1,0,0,0,0,0,0
tensorflow_9,41,-1,-1,-1,0,0,43,1,0,0,0,0,0,0,0,0,0,0,0,0,0,0
torch_1,1,1,1,-1,1,0,411,16,1,0,0,0,0,0,0,0,0,0,0,0,0,0
torch_1,2,2,2,1,1,0,56,1,0,0,0,0,0,0,0,0,0,0,0,0,0,0
torch_1,3,3,3,2,1,0,70,3,0,0,0,0,0,0,0,0,0,0,0,0,0,0
torch_1,4,4,4,3,1,0,653,20,0,0,0,0,0,1,0,0,0,1,0,0,0,0
torch_1,5,5,5,4,1,0,292,5,0,0,0,0,0,0,0,1,0,1,0,0,0,0
torch_1,6,-1,-1,5,0,0,285,8,0,0,0,0,0,0,0,0,0,0,0,0,0,0
torch_1,7,-1,-1,-1,0,0,72,2,0,0,0,0,0,0,0,0,0,0,0,0,0,0
torch_1,8,-1,-1,-1,0,0,73,2,0,0,0,0,0,0,0,0,0,0,0,0,0,0
torch_1,9,-1,-1,-1,0,0,2590,88,0,0,0,0,0,0,0,0,0,0,1,0,0,0
torch_1,10,6,6,-1,1,0,95,2,0,0,0,0,0,0,0,0,0,0,0,0,0,0
torch_1,11,-1,-1,6,0,0,714,21,0,0,0,0,0,0,0,0,0,0,0,0,0,0
torch_1,12,7,7,-1,1,0,1147,26,0,0,0,1,0,1,0,1,0,1,0,0,0,0
torch_1,13,8,8,7,1,0,329,6,0,0,0,0,0,0,0,0,0,0,0,0,0,0
torch_1,14,9,9,8,1,0,1660,48,0,0,0,0,0,0,0,0,0,0,1,1,0,1
torch_1,15,10,10,9,1,0,596,21,0,0,0,0,0,0,0,0,0,0,0,0,0,0
torch_1,16,11,11,10,1,0,1134,31,0,0,0,0,0,0,0,0,1,0,0,0,0,0
torch_1,17,-1,-1,11,0,0,0,0,0,0,0,0,0,0,0,0,0,0,0,0,0,0
torch_10,1,-1,-1,-1,0,0,176,7,1,0,0,0,0,0,0,0,0,0,0,0,0,0
torch_10,2,-1,-1,-1,0,0,160,5,1,0,0,0,0,0,0,0,0,1,0,0,0,0
torch_10,3,-1,-1,-1,0,0,275,10,1,0,0,0,0,0,0,0,0,1,0,0,0,0
torch_10,4,2,1,-1,1,0,4065,126,1,0,0,0,0,0,0,0,1,0,0,0,1,1
torch_10,5,-1,-1,2,0,0,500,18,0,0,0,0,0,0,0,0,0,1,0,0,0,0
torch_10,6,-1,-1,-1,0,0,506,15,0,0,0,0,0,0,0,0,0,1,0,0,0,0
torch_10,7,-1,-1,-1,0,0,1542,53,1,0,0,0,0,0,0,0,0,0,0,0,0,0
torch_10,8,3,2,-1,1,0,440,10,0,0,0,0,0,0,0,0,1,0,0,1,1,1
torch_10,9,-1,-1,3,0,0,0,0,0,0,0,0,0,0,0,0,0,0,0,0,0,0
torch_11,1,-1,-1,-1,0,0,939,18,1,0,0,0,0,0,0,1,0,1,0,0,0,0
torch_11,2,1,1,-1,1,0,203,9,1,0,0,0,0,0,0,0,0,0,0,0,0,0
torch_11,3,2,2,1,1,0,81,2,0,0,0,0,0,0,0,0,1,0,0,0,0,0
torch_11,4,3,3,2,1,0,271,9,0,0,0,0,0,0,0,0,0,1,0,0,0,0
torch_11,5,4,4,3,1,0,248,13,0,0,0,0,0,0,0,0,0,0,0,0,0,0
torch_11,6,5,5,4,1,0,79,2,0,0,0,0,0,0,0,0,0,0,0,0,0,0
torch_11,7,6,6,5,1,0,559,15,1,0,0,0,0,0,0,0,0,0,0,0,0,0
torch_11,8,7,7,6,1,0,398,17,0,0,0,0,0,0,0,0,0,0,0,0,0,0
torch_11,9,8,8,7,1,0,522,17,0,0,0,0,0,0,0,0,0,0,0,0,0,0
torch_11,10,9,9,8,1,0,331,11,0,0,0,0,0,0,0,0,0,0,0,0,0,0
torch_11,11,10,10,9,1,0,136,3,0,0,0,0,0,0,0,0,0,0,0,0,0,0
torch_11,12,11,11,10,1,0,703,22,1,0,0,0,0,0,0,0,0,0,0,0,0,0
torch_11,13,12,12,11,1,0,36,1,0,0,0,0,0,0,0,0,0,0,0,0,0,0
torch_11,14,13,13,12,1,0,49,1,0,0,0,0,0,0,0,0,0,0,0,0,0,0
torch_11,15,14,14,13,1,0,87,2,0,0,0,0,0,0,0,0,0,0,0,0,0,0
torch_11,16,-1,-1,14,0,0,2249,51,0,0,0,0,0,0,0,0,0,0,0,0,0,0
torch_11,17,15,15,-1,1,0,2594,60,0,0,0,0,0,0,0,0,0,0,0,0,0,0
torch_11,18,16,16,15,1,0,84,2,0,0,0,0,0,0,0,0,0,0,0,0,0,0
torch_11,19,17,17,16,1,0,749,24,0,0,0,0,0,0,0,0,0,0,0,1,0,1
torch_11,20,21,20,17,1,0,17,1,0,0,0,0,0,0,0,0,0,0,0,0,1,1
torch_11,21,-1,-1,21,0,0,0,0,0,0,0,0,0,0,0,0,0,0,0,0,0,0
torch_11,22,-1,-1,-1,0,0,33,1,0,0,0,0,0,0,0,0,0,0,0,0,0,0
torch_11,23,-1,-1,-1,0,0,162,6,1,0,0,0,0,0,0,0,0,1,0,0,0,0
torch_11,24,19,18,-1,1,0,181,5,0,0,0,0,0,0,0,0,0,0,0,0,1,1
torch_11,25,20,19,19,1,0,484,16,0,0,0,0,0,0,0,0,0,0,0,1,1,1
torch_11,26,-1,-1,20,0,0,454,12,0,0,0,0,0,0,0,0,0,0,0,0,0,0
torch_11,27,-1,-1,-1,0,0,99,2,0,0,0,0,0,0,0,0,0,0,0,0,0,0
torch_11,28,-1,-1,-1,0,0,583,18,0,0,0,0,0,0,0,0,0,0,0,0,0,0
torch_11,29,-1,-1,-1,0,0,99,2,0,0,0,0,0,0,0,0,0,0,0,0,0,0
torch_11,30,-1,-1,-1,0,0,723,23,0,0,0,0,0,0,0,0,0,0,0,0,0,0
torch_11,31,-1,-1,-1,0,0,360,11,0,0,0,0,0,0,0,0,0,0,0,0,0,0
torch_11,32,-1,-1,-1,0,0,29,1,0,0,0,0,0,0,0,0,0,0,0,0,0,0
torch_11,33,-1,-1,-1,0,0,633,16,0,0,0,0,0,0,0,0,0,0,0,0,0,0
torch_11,34,-1,-1,-1,0,0,110,2,0,0,0,0,0,0,0,0,0,0,0,0,0,0
torch_11,35,-1,-1,-1,0,0,776,24,0,0,0,0,0,0,0,0,0,0,0,0,0,0
torch_11,36,-1,-1,-1,0,0,379,13,0,0,0,0,0,0,0,0,0,0,0,0,0,0
torch_11,37,-1,-1,-1,0,0,232,11,0,0,0,0,0,0,0,0,0,0,0,0,0,0
torch_11,38,-1,-1,-1,0,0,47,1,0,0,0,0,0,0,0,0,0,0,0,0,0,0
torch_11,39,-1,-1,-1,0,0,45,1,0,0,0,0,0,0,0,0,0,0,0,0,0,0
torch_11,40,-1,-1,-1,0,0,3,1,0,0,0,0,0,0,0,0,0,0,0,0,0,0
torch_11,41,-1,-1,-1,0,0,45,1,0,0,0,0,0,0,0,0,0,0,0,0,0,0
torch_11,42,-1,-1,-1,0,0,3,1,0,0,0,0,0,0,0,0,0,0,0,0,0,0
torch_11,43,-1,-1,-1,0,0,0,0,0,0,0,0,0,0,0,0,0,0,0,0,0,0
torch_12,1,1,1,-1,1,0,1140,27,1,0,0,0,0,0,0,1,0,1,0,0,0,0
torch_12,2,-1,-1,1,0,0,205,4,0,0,0,0,0,0,0,1,0,1,0,0,0,0
torch_12,3,-1,-1,-1,0,0,8,1,0,0,0,0,0,0,0,0,0,0,0,0,0,0
torch_12,4,-1,-1,-1,0,0,7,1,0,0,0,0,0,0,0,0,0,0,0,0,0,0
torch_12,5,-1,-1,-1,0,0,17,1,0,0,0,0,0,0,0,0,0,0,0,0,0,0
torch_12,6,-1,-1,-1,0,0,22,1,0,0,0,0,0,0,0,1,0,0,0,0,0,0
torch_12,7,-1,-1,-1,0,0,14,1,0,0,0,0,0,0,0,1,0,0,0,0,0,0
torch_12,8,-1,-1,-1,0,0,32,1,0,0,0,0,0,0,0,1,0,0,0,0,0,0
torch_12,9,-1,-1,-1,0,0,339,8,0,0,0,0,0,0,0,1,0,0,0,0,0,0
torch_12,10,-1,-1,-1,0,0,65,3,0,0,0,1,0,0,0,0,0,0,0,0,0,0
torch_12,11,2,2,-1,1,0,595,18,1,0,0,0,0,0,0,1,0,1,1,0,0,0
torch_12,12,-1,-1,2,0,0,470,13,1,0,0,0,0,0,0,1,0,0,0,0,0,0
torch_12,13,-1,-1,-1,0,0,255,7,0,0,0,0,0,0,0,1,0,0,0,0,0,0
torch_12,14,3,3,-1,1,0,1081,32,1,0,0,0,0,0,0,1,0,0,0,1,0,1
torch_12,15,-1,4,3,0,0,0,0,0,0,0,0,0,0,0,0,0,0,0,1,1,1
torch_13,1,1,1,-1,1,0,1065,25,1,0,0,0,0,0,0,1,0,1,0,0,0,0
torch_13,2,2,2,1,1,0,97,2,0,0,0,0,0,0,0,0,0,1,0,0,0,0
torch_13,3,-1,-1,2,0,0,29,1,0,0,0,0,0,0,0,0,0,0,0,0,0,0
torch_13,4,-1,-1,-1,0,0,28,1,0,0,0,0,0,0,0,0,0,0,0,0,0,0
torch_13,5,3,3,-1,1,0,23,1,0,0,0,0,0,0,0,0,0,0,0,0,0,0
torch_13,6,4,4,3,1,0,61,1,0,0,0,0,0,0,0,0,0,0,0,0,0,0
torch_13,7,5,5,4,1,0,156,6,0,0,0,0,0,0,0,0,0,0,0,0,0,0
torch_13,8,6,6,5,1,0,297,8,0,0,0,0,0,0,0,0,0,0,0,0,0,0
torch_13,9,7,7,6,1,0,89,4,1,0,0,0,0,0,0,0,0,0,0,0,0,0
torch_13,10,8,8,7,1,0,843,21,0,0,0,0,0,0,0,0,0,0,0,0,0,0
torch_13,11,9,9,8,1,0,239,7,0,0,0,0,0,0,0,0,0,0,0,0,0,0
torch_13,12,10,10,9,1,0,38,2,0,0,0,0,0,0,0,0,0,0,0,0,0,0
torch_13,13,11,11,10,1,0,147,5,0,0,0,0,0,0,0,0,0,0,0,1,0,1
torch_13,14,12,12,11,1,0,933,30,0,0,0,0,0,0,0,0,0,0,0,1,0,1
torch_13,15,-1,-1,12,0,0,114,5,0,0,0,0,0,0,0,0,0,0,0,0,0,0
torch_13,16,-1,-1,-1,0,0,655,25,0,0,0,0,0,0,0,0,0,0,0,0,0,0
torch_14,1,-1,-1,-1,0,0,930,17,1,0,0,0,0,0,0,1,0,1,0,0,0,0
torch_14,2,1,1,-1,1,0,1682,47,1,0,0,0,0,0,0,0,0,0,0,1,0,1
torch_14,3,-1,-1,1,0,0,2113,68,1,0,0,0,0,0,0,0,0,0,0,0,0,0
torch_15,1,1,1,-1,1,0,1120,24,1,0,0,0,0,0,0,1,0,1,0,0,0,0
torch_15,2,2,2,1,1,0,57,2,0,0,0,0,0,0,0,1,0,0,0,0,0,0
torch_15,3,3,3,2,1,0,165,7,1,0,0,0,0,0,0,0,0,0,0,0,0,0
torch_15,4,4,4,3,1,0,265,6,0,0,0,0,0,0,0,1,0,0,0,0,0,0
torch_15,5,5,5,4,1,0,171,4,0,0,0,0,0,0,0,1,0,0,0,0,0,0
torch_15,6,6,6,5,1,0,83,1,0,0,0,0,0,0,0,0,0,0,0,0,0,0
torch_15,7,-1,-1,6,0,0,17,1,0,0,0,0,0,0,0,0,0,0,0,0,0,0
torch_15,8,7,7,-1,1,0,60,1,0,0,0,0,0,0,0,0,0,0,0,0,0,0
torch_15,9,-1,-1,7,0,0,17,1,0,0,0,0,0,0,0,0,0,0,0,0,0,0
torch_15,10,-1,-1,-1,0,0,20,1,0,0,0,0,0,0,0,0,0,0,0,0,0,0
torch_15,11,-1,-1,-1,0,0,445,16,1,0,0,0,0,0,0,0,0,1,0,0,0,0
torch_15,12,-1,-1,-1,0,0,18,2,0,0,0,0,0,0,0,0,0,0,0,0,0,0
torch_15,13,8,8,-1,1,0,169,5,0,0,0,0,0,0,0,0,0,0,0,0,0,0
torch_15,14,9,9,8,1,0,370,12,0,0,0,0,0,1,0,0,0,1,0,0,0,0
torch_15,15,10,10,9,1,0,71,2,0,0,0,0,0,0,0,0,0,0,0,0,0,0
torch_15,16,11,11,10,1,0,69,1,0,0,0,0,0,0,0,0,0,0,0,0,0,0
torch_15,17,12,12,11,1,0,105,2,1,0,0,0,0,0,0,0,0,0,0,0,0,0
torch_15,18,13,13,12,1,0,133,2,0,0,0,0,0,0,0,0,0,0,0,0,0,0
torch_15,19,-1,-1,13,0,0,629,16,1,0,0,0,0,0,0,0,1,0,0,0,0,0
torch_15,20,-1,-1,-1,0,0,498,17,0,0,0,0,0,0,0,0,1,0,0,0,0,0
torch_15,21,-1,-1,-1,0,0,994,36,0,0,0,0,0,0,0,0,1,0,0,0,0,0
torch_15,22,-1,-1,-1,0,0,504,17,0,0,0,0,0,0,0,0,1,0,0,0,0,0
torch_15,23,-1,-1,-1,0,0,498,17,0,0,0,0,0,0,0,0,1,0,0,0,0,0
torch_15,24,-1,-1,-1,0,0,844,24,0,0,0,0,0,0,0,0,0,0,0,0,0,0
torch_15,25,-1,-1,-1,0,0,529,18,0,0,0,0,0,0,0,0,1,0,0,0,0,0
torch_15,26,14,14,-1,1,0,964,36,0,0,0,0,0,0,0,0,1,0,0,0,0,0
torch_15,27,15,15,14,1,0,573,19,0,0,0,0,0,0,0,0,1,0,0,0,0,0
torch_15,28,-1,-1,15,0,0,17,1,0,0,0,0,0,0,0,0,0,0,0,0,0,0
torch_15,29,16,16,-1,1,0,488,16,0,0,0,0,0,0,0,0,1,0,0,1,0,1
torch_15,30,-1,-1,16,0,0,92,2,0,0,0,0,0,0,0,1,0,0,0,0,0,0
torch_15,31,-1,-1,-1,0,0,209,7,1,0,0,0,0,0,0,0,0,0,0,0,0,0
torch_15,32,-1,-1,-1,0,0,299,6,0,0,0,0,0,0,0,1,0,0,0,0,0,0
torch_15,33,-1,-1,-1,0,0,20,1,0,0,0,0,0,0,0,0,0,0,0,0,0,0
torch_15,34,-1,-1,-1,0,0,108,2,0,0,0,0,0,0,0,1,0,0,0,0,0,0
torch_15,35,-1,-1,-1,0,0,17,1,0,0,0,0,0,0,0,0,0,0,0,0,0,0
torch_15,36,-1,-1,-1,0,0,54,1,0,0,0,1,0,0,0,0,0,0,0,0,0,0
torch_15,37,-1,-1,-1,0,0,88,2,0,0,0,0,0,0,0,0,0,0,0,0,0,0
torch_15,38,-1,-1,-1,0,0,0,0,0,0,0,0,0,0,0,0,0,0,0,0,0,0
torch_2,1,1,1,-1,1,0,333,8,1,0,0,0,0,0,0,0,0,0,0,0,0,0
torch_2,2,3,3,1,1,0,801,21,0,0,0,0,0,0,0,0,1,0,0,0,0,0
torch_2,3,2,2,3,1,1,776,24,0,0,0,0,0,0,0,0,0,0,0,0,0,0
torch_2,4,4,4,2,1,0,2507,63,0,0,0,0,0,0,0,0,0,0,0,1,0,1
torch_2,5,-1,-1,4,0,0,357,8,0,0,0,0,0,0,0,0,0,0,0,0,0,0
torch_2,6,5,5,-1,1,0,436,9,0,0,0,0,0,0,0,0,0,0,0,0,0,0
torch_2,7,-1,-1,5,0,0,0,0,0,0,0,0,0,0,0,0,0,0,0,0,0,0
torch_3,1,-1,-1,-1,0,0,921,17,1,0,0,0,0,0,0,1,0,1,0,0,0,0
torch_3,2,1,1,-1,1,0,86,1,1,0,0,0,0,0,0,0,0,0,0,0,0,0
torch_3,3,2,2,1,1,0,83,2,0,0,0,0,0,0,0,0,0,0,0,0,0,0
torch_3,4,-1,-1,2,0,0,61,2,0,0,0,0,0,0,0,0,0,0,0,0,0,0
torch_3,5,-1,-1,-1,0,0,21,1,0,0,0,0,0,0,0,0,0,0,0,0,0,0
torch_3,6,3,3,-1,1,0,68,1,1,0,0,0,0,0,0,0,0,0,0,0,0,0
torch_3,7,4,4,3,1,0,20,1,1,0,0,0,0,0,0,0,0,0,0,0,0,0
torch_3,8,5,5,4,1,0,895,17,0,0,0,0,0,0,0,0,0,0,0,1,0,1
torch_3,9,6,6,5,1,0,102,3,0,0,0,0,0,0,0,0,0,0,0,0,0,0
torch_3,10,-1,-1,6,0,0,11,1,0,0,0,0,0,0,0,0,0,0,0,0,0,0
torch_3,11,-1,-1,-1,0,0,30,1,0,0,0,0,0,0,0,0,0,0,0,0,0,0
torch_3,12,7,7,-1,1,0,104,4,0,0,0,0,0,0,0,0,0,0,0,0,0,0
torch_3,13,8,8,7,1,0,221,4,1,0,0,0,0,0,0,0,0,0,0,0,0,0
torch_3,14,9,9,8,1,0,50,2,1,0,0,0,0,0,0,0,0,0,0,0,0,0
torch_3,15,-1,-1,9,0,0,6,1,0,0,0,0,0,0,0,0,0,0,0,0,0,0
torch_3,16,10,10,-1,1,0,184,3,0,0,0,0,0,0,0,0,0,0,0,0,0,0
torch_3,17,11,11,10,1,0,18,1,0,0,0,0,0,0,0,0,0,0,0,0,0,0
torch_3,18,-1,-1,11,0,0,62,2,0,0,0,0,0,0,0,0,0,0,0,0,0,0
torch_3,19,-1,-1,-1,0,0,41,1,0,0,0,0,0,0,0,0,0,0,0,0,0,0
torch_3,20,-1,-1,-1,0,0,11,1,0,0,0,0,0,0,0,0,0,0,0,0,0,0
torch_3,21,12,12,-1,1,0,41,2,0,0,0,0,0,0,0,0,0,0,0,0,0,0
torch_3,22,-1,-1,12,0,0,12,1,0,0,0,0,0,0,0,0,0,0,0,0,0,0
torch_3,23,-1,-1,-1,0,0,27,1,0,0,0,0,0,0,0,0,0,0,0,0,0,0
torch_3,24,-1,-1,-1,0,0,31,1,0,0,0,0,0,0,0,0,0,0,0,0,0,0
torch_3,25,13,13,-1,1,0,43,1,0,0,0,0,0,0,0,0,0,0,0,0,0,0
torch_3,26,-1,-1,13,0,0,3,1,0,0,0,0,0,0,0,0,0,0,0,0,0,0
torch_3,27,-1,-1,-1,0,0,240,7,0,0,0,0,0,0,0,0,0,0,0,0,0,0
torch_3,28,-1,-1,-1,0,0,11,1,0,0,0,0,0,0,0,0,0,0,0,0,0,0
torch_3,29,-1,-1,-1,0,0,12,1,0,0,0,0,0,0,0,0,0,0,0,0,0,0
torch_3,30,-1,-1,-1,0,0,1,1,0,0,0,0,0,0,0,0,0,0,0,0,0,0
torch_3,31,-1,-1,-1,0,0,12,1,0,0,0,0,0,0,0,0,0,0,0,0,0,0
torch_3,32,-1,-1,-1,0,0,6,1,0,0,0,0,0,0,0,0,0,0,0,0,0,0
torch_4,1,1,1,-1,1,0,88,4,1,0,0,0,0,0,0,0,0,0,0,0,0,0
torch_4,2,-1,-1,1,0,0,85,2,0,0,0,0,0,0,0,1,0,1,0,0,0,0
torch_4,3,-1,-1,-1,0,0,125,3,0,0,0,0,0,0,0,1,0,0,0,0,0,0
torch_4,4,-1,-1,-1,0,0,897,21,1,1,1,0,0,1,0,1,0,1,0,0,0,0
torch_4,5,-1,-1,-1,0,0,21,1,0,0,0,0,0,0,0,0,0,0,0,0,0,0
torch_4,6,-1,-1,-1,0,0,481,11,1,0,1,0,0,0,0,1,0,0,0,0,0,0
torch_4,7,-1,-1,-1,0,0,75,2,0,0,1,0,0,0,0,0,0,0,0,0,0,0
torch_4,8,-1,-1,-1,0,0,190,2,0,0,1,0,0,0,0,1,0,0,0,0,0,0
torch_4,9,2,2,-1,1,0,307,14,1,0,0,0,0,0,0,0,1,0,0,0,0,0
torch_4,10,3,3,2,1,0,467,12,1,0,0,0,0,0,0,1,0,1,0,0,0,0
torch_4,11,-1,-1,3,0,0,319,6,1,0,0,0,0,0,0,0,0,0,0,0,0,0
torch_4,12,4,4,-1,1,0,3205,94,1,0,0,0,0,0,0,0,0,1,0,1,0,1
torch_4,13,5,5,4,1,0,1528,38,1,0,0,0,0,0,0,0,0,0,0,0,0,0
torch_4,14,6,6,5,1,0,1911,50,0,0,0,0,0,0,0,0,0,0,0,1,0,1
torch_4,15,7,7,6,1,0,824,24,0,0,0,0,0,0,0,0,0,0,0,0,0,0
torch_4,16,8,8,7,1,0,2643,49,0,0,0,0,0,0,0,0,0,0,0,1,0,1
torch_4,17,-1,9,8,0,0,1430,43,0,0,0,0,0,0,0,0,0,0,0,1,1,1
torch_4,18,-1,10,-1,0,0,1465,42,0,0,0,0,0,0,0,0,0,0,0,0,1,1
torch_4,19,-1,11,-1,0,0,1010,27,0,0,0,0,0,0,0,0,0,0,0,0,1,1
torch_4,20,-1,12,-1,0,0,501,13,1,0,0,0,0,0,0,0,0,0,0,0,1,1
torch_4,21,-1,13,-1,0,0,7213,183,1,0,0,0,0,0,0,1,1,0,0,1,1,1
torch_4,22,-1,14,-1,0,0,1721,42,0,0,0,0,0,0,0,0,0,0,0,0,1,1
torch_4,23,-1,15,-1,0,0,43,1,0,0,0,0,0,0,0,0,0,0,0,0,1,1
torch_4,24,-1,16,-1,0,0,47,2,0,0,0,0,0,0,0,0,0,0,0,0,1,1
torch_4,25,-1,17,-1,0,0,14,1,0,0,0,0,0,0,0,0,0,0,0,0,1,1
torch_5,1,1,1,-1,1,0,655,22,1,0,0,0,0,0,0,0,0,0,0,0,0,0
torch_5,2,2,2,1,1,0,5704,68,0,0,0,0,0,0,0,0,0,0,0,0,0,0
torch_5,3,3,3,2,1,0,1338,34,1,0,0,0,0,0,0,0,0,0,0,1,0,1
torch_5,4,4,4,3,1,0,233,5,1,0,0,0,0,0,0,0,0,0,0,0,0,0
torch_5,5,5,5,4,1,0,3107,80,1,0,0,0,0,0,0,0,1,0,0,1,0,1
torch_5,6,6,6,5,1,0,1243,32,1,0,0,0,0,0,0,0,0,0,0,1,0,1
torch_5,7,7,7,6,1,0,448,16,0,0,0,0,0,0,0,0,0,0,0,1,0,1
torch_5,8,-1,-1,7,0,0,0,0,0,0,0,0,0,0,0,0,0,0,0,0,0,0
torch_6,1,-1,-1,-1,0,0,933,17,1,0,0,0,0,0,0,1,0,1,0,0,0,0
torch_6,2,-1,-1,-1,0,0,157,3,0,0,0,0,0,0,0,0,1,0,0,0,0,0
torch_6,3,1,1,-1,1,0,809,21,1,0,0,0,0,0,1,1,0,1,0,0,0,0
torch_6,4,-1,-1,1,0,0,253,6,1,0,0,0,0,0,0,0,0,0,0,0,0,0
torch_6,5,-1,-1,-1,0,0,73,2,0,0,0,0,0,0,0,1,0,0,0,0,0,0
torch_6,6,-1,-1,-1,0,0,128,2,0,0,0,0,0,0,0,1,0,0,0,0,0,0
torch_6,7,-1,-1,-1,0,0,34,3,0,0,0,0,0,0,0,0,0,0,0,0,0,0
torch_6,8,-1,-1,-1,0,0,35,2,0,0,0,0,0,0,0,1,0,0,0,0,0,0
torch_6,9,-1,-1,-1,0,0,151,3,0,0,0,0,0,0,0,1,0,0,0,0,0,0
torch_6,10,-1,-1,-1,0,0,143,3,0,0,0,0,0,0,0,0,0,0,0,0,0,0
torch_6,11,-1,-1,-1,0,0,494,10,0,0,0,0,0,0,0,1,0,0,0,0,0,0
torch_6,12,-1,-1,-1,0,0,155,2,0,0,0,0,0,0,1,1,0,0,0,0,0,0
torch_6,13,-1,-1,-1,0,0,125,6,0,0,0,0,0,0,0,1,0,0,0,0,0,0
torch_6,14,-1,-1,-1,0,0,814,16,0,0,0,0,0,0,0,1,0,0,0,0,0,0
torch_6,15,-1,-1,-1,0,0,249,8,0,0,0,0,0,0,0,0,0,0,0,0,0,0
torch_6,16,-1,-1,-1,0,0,144,5,0,0,0,0,0,1,0,0,0,0,0,0,0,0
torch_6,17,-1,-1,-1,0,0,427,12,0,0,0,0,0,1,0,0,0,0,0,0,0,0
torch_6,18,-1,-1,-1,0,0,2133,53,0,0,0,0,0,0,0,1,1,1,0,0,0,0
torch_6,19,-1,-1,-1,0,0,199,5,0,0,0,0,0,0,0,1,0,0,0,0,0,0
torch_6,20,-1,-1,-1,0,0,385,13,0,0,0,0,0,1,0,0,0,0,0,0,0,0
torch_6,21,-1,-1,-1,0,0,2136,53,0,0,0,0,0,0,0,1,1,1,0,0,0,0
torch_6,22,-1,-1,-1,0,0,148,4,0,0,0,0,0,0,0,1,0,0,0,0,0,0
torch_6,23,-1,-1,-1,0,0,71,2,0,0,0,0,0,0,0,1,0,0,0,0,0,0
torch_6,24,-1,-1,-1,0,0,126,1,0,0,0,0,0,0,0,1,0,0,0,0,0,0
torch_6,25,-1,-1,-1,0,0,494,10,0,0,0,0,0,0,0,1,0,0,0,0,0,0
torch_6,26,-1,-1,-1,0,0,410,13,0,0,0,0,0,1,0,1,0,0,0,0,0,0
torch_6,27,-1,-1,-1,0,0,2013,51,0,0,0,0,0,0,0,1,1,1,0,0,0,0
torch_6,28,-1,-1,-1,0,0,140,4,0,0,0,0,0,0,0,1,0,0,0,0,0,0
torch_6,29,2,2,-1,1,0,1020,29,0,0,0,1,0,1,0,1,0,1,0,0,0,0
torch_6,30,3,3,2,1,0,821,27,0,0,0,0,0,1,0,0,0,0,0,0,0,0
torch_6,31,-1,-1,3,0,0,571,19,0,0,0,1,0,0,0,0,0,0,0,0,0,0
torch_6,32,-1,-1,-1,0,0,10,1,0,0,0,0,0,0,0,0,0,0,0,0,0,0
torch_6,33,4,4,-1,1,0,608,18,0,0,0,0,0,0,0,0,0,0,0,0,0,0
torch_6,34,5,5,4,1,0,55,1,0,0,0,0,0,0,0,0,1,0,0,0,0,0
torch_6,35,6,6,5,1,0,135,2,0,0,0,0,0,0,0,0,0,0,0,0,0,0
torch_6,36,7,7,6,1,0,1249,37,0,0,0,0,0,0,0,0,0,0,0,0,0,0
torch_6,37,8,8,7,1,0,1218,37,0,0,0,0,0,0,0,0,1,0,0,1,0,1
torch_6,38,9,9,8,1,0,831,23,0,0,0,0,0,0,0,0,0,0,0,0,0,0
torch_6,39,-1,-1,9,0,0,78,2,0,0,0,0,0,0,0,0,0,0,0,0,0,0
torch_7,1,-1,-1,-1,0,0,26,1,0,0,0,0,0,0,0,0,0,0,0,0,0,0
torch_7,2,-1,-1,-1,0,0,154,5,0,0,0,0,0,0,0,0,0,0,0,0,0,0
torch_7,3,-1,-1,-1,0,0,92,5,1,0,0,0,0,0,0,0,0,0,0,0,0,0
torch_7,4,-1,-1,-1,0,0,681,18,0,0,0,0,0,0,0,0,0,0,0,0,0,0
torch_7,5,-1,-1,-1,0,0,630,14,0,0,0,0,0,0,0,0,0,0,0,0,0,0
torch_7,6,-1,-1,-1,0,0,3263,68,0,0,0,0,0,0,0,0,0,0,0,0,0,0
torch_7,7,-1,-1,-1,0,0,659,14,0,0,0,0,0,0,0,0,0,0,0,0,0,0
torch_7,8,-1,-1,-1,0,0,2140,52,0,0,0,0,0,0,0,0,0,0,0,0,0,0
torch_7,9,-1,-1,-1,0,0,691,15,0,0,0,0,0,0,0,0,0,0,0,0,0,0
torch_7,10,-1,-1,-1,0,0,5535,119,0,0,0,0,0,0,0,0,0,0,0,0,0,0
torch_7,11,-1,-1,-1,0,0,1515,45,0,0,0,0,0,0,0,0,0,0,0,0,0,0
torch_7,12,-1,-1,-1,0,0,929,25,0,0,0,0,0,0,0,0,0,0,0,0,0,0
torch_7,13,1,1,-1,1,0,229,9,1,0,0,0,0,0,0,0,0,0,0,0,0,0
torch_7,14,2,2,1,1,0,3076,87,0,0,0,0,0,0,0,0,0,0,0,0,0,0
torch_7,15,3,3,2,1,0,1256,39,0,0,0,0,0,0,0,0,0,0,0,1,0,1
torch_7,16,4,4,3,1,0,1009,33,0,0,0,0,0,0,0,0,0,0,1,0,0,0
torch_7,17,5,5,4,1,0,475,10,0,0,0,0,0,0,0,0,0,0,1,0,0,0
torch_7,18,6,6,5,1,0,136,2,0,0,0,0,0,0,0,0,0,0,0,0,0,0
torch_7,19,7,7,6,1,0,76,2,0,0,0,0,0,0,0,0,0,0,0,0,0,0
torch_7,20,-1,-1,7,0,0,0,0,0,0,0,0,0,0,0,0,0,0,0,0,0,0
torch_7,21,-1,-1,-1,0,0,0,0,0,0,0,0,0,0,0,0,0,0,0,0,0,0
torch_7,22,-1,-1,-1,0,0,0,0,0,0,0,0,0,0,0,0,0,0,0,0,0,0
torch_7,23,8,10,-1,1,0,278,8,1,0,0,0,0,0,0,0,0,1,0,0,1,1
torch_7,24,9,11,8,1,0,405,15,1,0,0,0,0,0,0,0,0,1,0,0,1,1
torch_7,25,-1,-1,9,0,0,609,23,0,0,0,0,0,0,0,0,0,1,0,0,0,0
torch_7,26,-1,-1,-1,0,0,203,10,0,0,0,0,0,0,0,0,0,0,0,0,0,0
torch_7,27,-1,-1,-1,0,0,68,1,0,0,0,0,0,0,0,0,0,0,0,0,0,0
torch_7,28,-1,-1,-1,0,0,151,4,0,0,0,0,0,0,0,0,0,0,0,0,0,0
torch_7,29,10,12,-1,1,0,25,1,0,0,0,0,0,0,0,0,0,0,0,0,1,1
torch_7,30,-1,-1,10,0,0,274,5,1,0,0,0,0,0,0,0,0,0,0,0,0,0
torch_7,31,-1,-1,-1,0,0,176,3,0,0,0,0,0,0,0,0,0,1,0,0,0,0
torch_7,32,-1,-1,-1,0,0,9,1,0,0,0,0,0,0,0,0,0,0,0,0,0,0
torch_7,33,-1,-1,-1,0,0,411,7,0,0,0,0,0,0,0,0,0,0,0,0,0,0
torch_7,34,-1,-1,-1,0,0,390,7,0,0,0,0,0,0,0,0,0,0,0,0,0,0
torch_7,35,11,13,-1,1,0,29,1,0,0,0,0,0,0,0,0,0,0,0,0,1,1
torch_7,36,-1,-1,11,0,0,39,1,0,0,0,0,0,0,0,0,0,0,0,0,0,0
torch_7,37,-1,-1,-1,0,0,45,1,0,0,0,0,0,0,0,0,0,0,0,0,0,0
torch_7,38,-1,-1,-1,0,0,53,1,0,0,0,0,0,0,0,0,0,0,0,0,0,0
torch_7,39,-1,-1,-1,0,0,0,0,0,0,0,0,0,0,0,0,0,0,0,0,0,0
torch_7,40,-1,-1,-1,0,0,0,0,0,0,0,0,0,0,0,0,0,0,0,0,0,0
torch_7,41,-1,-1,-1,0,0,0,0,0,0,0,0,0,0,0,0,0,0,0,0,0,0
torch_7,42,-1,-1,-1,0,0,0,0,0,0,0,0,0,0,0,0,0,0,0,0,0,0
torch_7,43,-1,-1,-1,0,0,0,0,0,0,0,0,0,0,0,0,0,0,0,0,0,0
torch_7,44,-1,-1,-1,0,0,0,0,0,0,0,0,0,0,0,0,0,0,0,0,0,0
torch_7,45,-1,-1,-1,0,0,0,0,0,0,0,0,0,0,0,0,0,0,0,0,0,0
torch_7,46,-1,-1,-1,0,0,0,0,0,0,0,0,0,0,0,0,0,0,0,0,0,0
torch_7,47,-1,-1,-1,0,0,0,0,0,0,0,0,0,0,0,0,0,0,0,0,0,0
torch_7,48,-1,-1,-1,0,0,0,0,0,0,0,0,0,0,0,0,0,0,0,0,0,0
torch_7,49,-1,-1,-1,0,0,0,0,0,0,0,0,0,0,0,0,0,0,0,0,0,0
torch_7,50,-1,-1,-1,0,0,0,0,0,0,0,0,0,0,0,0,0,0,0,0,0,0
torch_7,51,-1,-1,-1,0,0,0,0,0,0,0,0,0,0,0,0,0,0,0,0,0,0
torch_8,1,1,1,-1,1,0,1034,20,1,0,0,0,0,0,1,1,0,1,0,0,0,0
torch_8,2,2,2,1,1,0,49,2,1,0,0,0,0,0,0,0,0,0,0,0,0,0
torch_8,3,-1,-1,2,0,0,59,1,0,0,0,0,0,0,0,0,0,0,0,0,0,0
torch_8,4,3,3,-1,1,0,332,5,0,0,0,0,0,0,0,0,0,0,0,0,0,0
torch_8,5,4,4,3,1,0,145,2,0,0,0,0,0,0,0,0,0,0,0,0,0,0
torch_8,6,5,5,4,1,0,636,10,0,0,0,0,0,0,0,0,0,0,0,0,0,0
torch_8,7,6,6,5,1,0,191,6,0,0,0,0,0,0,0,0,0,0,0,0,0,0
torch_8,8,7,7,6,1,0,203,6,0,0,0,0,0,0,0,0,0,0,0,0,0,0
torch_8,9,-1,-1,7,0,0,34,1,0,0,0,0,0,0,0,0,0,0,0,0,0,0
torch_8,10,-1,-1,-1,0,0,15,1,0,0,0,0,0,0,0,0,0,0,0,0,0,0
torch_8,11,8,8,-1,1,0,754,15,0,0,0,0,0,0,0,0,0,0,0,1,0,1
torch_8,12,9,9,8,1,0,123,2,0,0,0,0,0,0,0,0,0,0,0,1,0,1
torch_8,13,10,10,9,1,0,122,1,0,0,0,0,0,0,1,0,0,0,0,1,0,1
torch_8,14,-1,-1,10,0,0,200,8,0,0,0,0,0,0,0,0,0,0,0,0,0,0
torch_8,15,-1,-1,-1,0,0,201,8,0,0,0,0,0,0,0,0,0,0,0,0,0,0
torch_8,16,11,11,-1,1,0,515,20,1,0,0,0,0,0,0,0,0,0,0,0,0,0
torch_8,17,-1,-1,11,0,0,122,3,0,0,0,0,0,0,0,0,0,0,0,0,0,0
torch_8,18,-1,-1,-1,0,0,1673,36,0,0,0,0,0,0,0,0,0,0,0,0,0,0
torch_8,19,-1,-1,-1,0,0,7239,146,0,0,0,0,0,0,0,0,0,0,0,0,0,0
torch_8,20,-1,-1,-1,0,0,286,9,0,0,0,0,0,0,0,0,0,0,0,0,0,0
torch_8,21,12,12,-1,1,0,327,11,0,0,0,0,0,0,0,0,0,0,0,0,0,0
torch_8,22,-1,-1,12,0,0,26,1,0,0,0,0,0,0,0,0,1,0,0,0,0,0
torch_8,23,13,13,-1,1,0,2594,82,0,0,0,0,0,0,0,0,1,0,0,1,0,1
torch_8,24,14,14,13,1,0,104,2,0,0,0,0,0,0,0,0,0,0,0,0,0,0
torch_8,25,15,15,14,1,0,229,10,0,0,0,0,0,0,0,0,0,0,0,1,0,1
torch_8,26,16,16,15,1,0,113,2,0,0,0,0,0,0,0,0,0,0,0,0,0,0
torch_8,27,17,17,16,1,0,109,2,0,0,0,0,0,0,0,0,0,0,0,0,0,0
torch_8,28,18,18,17,1,0,188,6,1,0,0,0,0,0,0,0,0,0,0,0,0,0
torch_8,29,-1,-1,18,0,0,0,0,0,0,0,0,0,0,0,0,0,0,0,0,0,0
torch_9,1,1,1,-1,1,0,775,22,1,0,0,0,0,0,0,0,0,0,0,0,0,0
torch_9,2,2,2,1,1,0,3391,79,0,0,0,0,0,0,0,0,0,0,1,0,0,0
torch_9,3,3,3,2,1,0,2408,54,0,0,0,0,0,0,0,0,0,0,1,0,0,0
torch_9,4,4,4,3,1,0,727,23,0,0,0,0,0,0,0,0,1,0,0,1,0,1
torch_9,5,5,5,4,1,0,266,9,0,0,0,0,0,0,0,0,0,0,0,0,0,0
torch_9,6,6,6,5,1,0,22,1,0,0,0,0,0,0,0,0,0,0,0,0,0,0
torch_9,7,7,7,6,1,0,657,15,0,0,0,0,0,0,0,0,0,0,0,0,0,0
torch_9,8,8,8,7,1,0,1806,47,0,0,0,0,0,0,0,0,0,0,0,0,0,0
torch_9,9,-1,-1,8,0,0,0,0,0,0,0,0,0,0,0,0,0,0,0,0,0,0
torchvision_1,1,1,1,-1,1,0,1345,37,1,0,0,0,0,0,0,0,0,0,0,0,0,0
torchvision_1,2,-1,-1,1,0,0,24,1,0,0,0,0,0,0,0,0,0,0,0,0,0,0
torchvision_1,3,-1,-1,-1,0,0,972,23,1,0,0,0,0,0,0,0,0,1,0,0,0,0
torchvision_1,4,-1,-1,-1,0,0,1179,38,1,0,0,0,0,0,0,0,0,0,0,0,0,0
torchvision_1,5,-1,-1,-1,0,0,442,17,1,0,0,0,0,0,0,0,0,0,0,0,0,0
torchvision_1,6,-1,-1,-1,0,0,316,10,0,0,0,0,0,0,0,0,0,0,0,0,0,0
torchvision_1,7,-1,-1,-1,0,0,1096,30,1,0,0,0,0,0,0,0,0,0,0,0,0,0
torchvision_1,8,-1,-1,-1,0,0,51,2,0,0,0,0,0,0,0,0,0,0,0,0,0,0
torchvision_1,9,2,2,-1,1,0,250,6,1,0,0,0,0,0,0,0,0,0,0,0,0,0
torchvision_1,10,-1,-1,2,0,0,7,1,0,0,0,0,0,0,0,0,0,0,0,0,0,0
torchvision_1,11,3,3,-1,1,0,1020,32,1,0,0,0,0,0,0,0,0,0,0,0,0,0
torchvision_1,12,4,4,3,1,0,640,22,1,0,0,0,0,0,0,0,0,0,0,0,0,0
torchvision_1,13,-1,-1,4,0,0,228,4,0,0,0,0,0,0,0,0,0,0,0,0,0,0
torchvision_1,14,5,5,-1,1,0,471,8,1,0,0,0,0,0,0,0,0,0,0,0,0,0
torchvision_1,15,-1,-1,5,0,0,269,9,1,0,0,0,0,0,0,0,0,0,0,0,0,0
torchvision_1,16,-1,-1,-1,0,0,20,1,0,0,0,0,0,0,0,0,0,0,0,0,0,0
torchvision_1,17,-1,-1,-1,0,0,18,1,0,0,0,0,0,0,0,0,0,0,0,0,0,0
torchvision_1,18,6,6,-1,1,0,1344,29,1,0,0,0,0,0,0,0,0,0,0,0,0,0
torchvision_1,19,7,7,6,1,0,455,14,1,0,0,0,0,0,0,0,0,0,0,0,0,0
torchvision_1,20,-1,-1,7,0,0,15,1,0,0,0,0,0,0,0,0,0,0,0,0,0,0
torchvision_1,21,-1,-1,-1,0,0,24,1,0,0,0,0,0,0,0,0,0,0,0,0,0,0
torchvision_1,22,-1,-1,-1,0,0,876,25,0,0,0,0,0,0,0,0,0,0,0,0,0,0
torchvision_1,23,-1,-1,-1,0,0,366,11,0,0,0,0,0,0,0,0,0,0,0,0,0,0
torchvision_1,24,8,8,-1,1,0,2379,63,1,0,0,0,0,0,0,0,0,0,0,1,0,1
torchvision_1,25,-1,-1,8,0,0,0,0,0,0,0,0,0,0,0,0,0,0,0,0,0,0
